1,908,6.217600000002221,296.79037037037006
2,615,159.14048000000318,446.4962962962964
2,908,25.89600000000587,298.2874074074091
3,615,159.5432914546484,446.2418608980041
3,908,43.22100000682099,282.8077778831619
4,15,6.464669091608355,289.0918114338739
4,615,158.9657142938734,446.3344143411221
4,738,487.1383999999978,145.4022222222182
4,908,62.50123636579588,279.9915825355681
5,15,22.21205819014358,289.48065996658244
5,615,159.474822857552,446.1776076495254
5,738,469.8600002168405,181.51992644639137
5,908,80.52904477285097,277.5565188354896
6,15,37.58897455673605,285.6370371259023
6,615,159.06836129110616,446.4389151653587
6,738,450.05552009197345,221.54518547120227
6,908,98.53439999999978,275.14444444444484
7,15,52.8177890914651,281.27232324225713
7,615,159.48475827661923,446.22917948791365
7,738,423.80720003483816,243.15407452068638
7,908,116.05893333575068,275.67345683919854
8,15,67.2327646831809,279.6922461964206
8,615,159.20626698846263,446.5381311926624
8,738,395.5755555936946,255.6055148362697
8,908,134.1639999999984,270.05185185185155
9,15,81.00455408843686,277.94389834403523
9,615,159.50058620677623,446.3171822602132
9,738,369.0584001179161,272.00592672303304
9,908,153.73250909228204,268.272053869701
10,15,94.47356514130206,276.42319593808406
10,615,159.53752606388775,446.463636125122
10,738,345.42384010301816,290.89777842781814
10,908,174.309599999998,268.6948148148145
11,15,107.57650909187191,275.709360288918
11,615,159.6259648780483,446.34222402890634
11,738,320.54880000333696,302.7820741295022
11,908,195.39040000000796,273.45037037037014
12,15,120.99465891153271,274.13508421281296
12,615,159.59052363646492,446.43039393965546
12,738,294.61617779938933,306.46987678425216
12,908,216.85616001411745,279.60444428245324
13,15,135.56891200266932,270.37844448091516
13,615,159.56728708406786,446.44081402873815
13,738,269.4489778777438,320.0739101904127
13,908,238.25439999999958,288.4985185185185
14,15,151.0393599999975,268.2968888888888
14,615,159.5866640437407,446.3702853674378
14,738,244.3310223050105,339.5081487274525
14,908,259.7495999999978,295.44666666666797
15,15,167.1220800000026,268.6074074074076
15,615,159.48265956284675,446.5044214320322
15,738,221.64727297472382,362.52242542237644
15,908,280.87294545994723,301.2063972196792
16,15,184.02281600081096,270.9423703543254
16,615,159.5243220337136,446.45540694645547
16,738,199.12640017722083,385.5311118847442
16,908,301.6254400061939,307.61355546029677
17,15,201.27318400121,274.27414812408
17,615,159.532634285755,446.4511957674817
17,738,176.88512019937548,410.19570469288766
17,908,321.79048000852504,313.86377765806526
18,15,218.34784000439413,279.73075551021265
18,615,159.55131377829957,446.4584197532902
18,738,157.33104043674757,440.6940746388155
18,908,341.3540000265698,306.3261730661031
19,15,235.33176000659185,287.1865036356895
19,615,159.54010844457684,446.422493827211
19,738,152.84097486260748,459.26632994276684
19,908,360.6016000000011,295.2577777777783
20,15,252.59948444639124,293.73032095983945
20,615,159.5603200000005,446.42044444444485
20,738,153.37200000000166,460.0533333333328
20,908,378.21360002001825,284.2064445991257
21,15,269.77818666958115,299.1500740323518
21,615,159.5656685714505,446.4317307931516
21,738,153.32750666675565,460.05065432273784
21,908,393.9983999999981,274.013333333333
22,15,286.13427048353856,303.60169297327764
22,615,159.52653714337202,446.465678731133
22,738,153.267437837917,460.0610610600184
22,908,407.64566667908184,266.1875309785877
23,15,302.09764572530617,306.3825394599173
23,615,159.53024000012533,446.4324920637674
23,738,153.27760000000694,460.09629629629643
23,908,421.0655999999972,259.4814814814828
24,15,318.32640000278053,308.41635558884417
24,615,159.48100201129137,446.4861791843868
24,738,153.15886666684833,460.1512592555765
24,908,434.45840000000544,251.9829629629642
25,15,333.92747637331246,307.13959740482744
25,615,159.4670223546859,446.52828553683776
25,738,153.06522522538444,460.16960293706586
25,908,446.0373333474877,243.28271608218444
26,15,349.3024145537106,299.472188624935
26,615,159.4402429629656,446.5306666666673
26,738,153.02639999999315,460.18296296296256
26,908,454.2344000245521,229.52774418145427
27,15,363.9463360027798,290.7872592852525
27,615,159.42740622225074,446.53907160430316
27,738,153.1844088889443,460.1573662562313
27,908,462.70640000000753,216.02222222222656
28,15,376.4288640041672,283.3742222612119
28,615,159.41191441272053,446.5513128747036
28,738,153.13216428594956,460.16543651126665
28,908,471.75236367341427,200.50424253782117
29,15,386.4575999999954,277.91303703703704
29,615,159.34216571428465,446.58186772488807
29,738,153.14000000000192,460.1644444444448
29,908,481.5304000000026,182.69629629629657
30,15,395.1035200012256,273.26592593659905
30,615,159.07486222385728,446.55044936768974
30,738,152.71037765366486,460.1174218914954
30,908,493.24181825103324,165.09340090120418
31,15,402.5771418204022,269.10965658680055
31,615,159.0520126988349,446.56717318839065
31,738,152.4799000005828,460.043478824949
31,1005,7.177599999996575,289.27022222222297
32,15,409.6139801333902,265.6196511591451
32,615,158.68791428571626,446.14556613754263
32,738,152.25839999999948,459.87407407407477
32,1005,24.07983999999942,290.3533333333359
33,15,416.88982110831944,262.58119389888157
33,615,158.85017833606636,446.51372458646944
33,738,152.252000022537,459.90037025339393
33,1005,39.811840000002114,285.8370370370396
34,15,424.269585455429,259.1317037126193
34,615,159.19274458401674,446.97391262810225
34,738,152.29487143773213,459.94048938316047
34,1005,55.98960000058355,280.8548148258858
35,15,431.7822143756905,255.37887833863238
35,615,158.4809599999994,446.7481481481492
35,738,152.30639999999767,459.9422222222218
35,1005,72.56487228714491,279.21290235800745
36,15,439.0828982894368,251.75794712418264
36,615,158.5708577954574,447.3182520920509
36,738,152.33992889054093,459.96240740400606
36,1005,89.24694842980898,277.1567609222574
37,15,445.1938560009262,245.67422223221968
37,615,159.08297159402989,447.6603619729014
37,738,152.41771428780453,460.03851852241075
37,1005,105.56026909217962,276.17275421687725
38,15,450.6563200000005,236.27762962963007
38,615,158.84151428629136,447.7941164041384
38,738,152.35040000000026,459.9948148148145
38,1005,121.57583030578849,274.8716498718093
39,15,457.4103272834259,226.66033673709362
39,615,158.44284722288194,447.8943950548284
39,738,152.33783111223147,459.9948806551164
39,1005,138.70598400402173,271.5025482215978
40,15,464.72726693547656,215.4379718034931
40,615,157.8014048816101,448.6273631097546
40,738,152.25413334003974,459.94314976022355
40,1005,157.2277760020745,269.96056299627423
41,15,472.0689600288915,202.40973341795376
41,615,157.94937326897295,452.2749225679938
41,738,152.35199999999622,459.9948148148145
41,1005,176.66031999999518,269.82903703703755
42,15,479.4123840200723,188.3533926493548
42,615,158.61131558432928,459.0440188939242
42,738,152.33182763635682,460.01542863807265
42,1005,197.0522666713225,272.74493819855405
43,15,486.6609422316094,174.85555558793052
43,615,158.18054893204248,460.13199236012105
43,738,152.34707027120749,460.0288888855302
43,1005,217.33360000697644,279.5804443348684
44,15,493.5543369984589,162.44285529420856
44,615,158.06480000898887,459.5969506128641
44,738,152.21599999999285,459.92444444444413
44,1005,236.97194666991436,286.57422216221227
45,15,499.03134547656344,149.31687546105965
45,615,157.22746725352977,459.50123238338915
45,738,152.19949333358045,459.9198395044086
45,1005,255.64000000487454,292.4644443544291
46,615,160.7277178785682,448.75292455073867
46,738,152.19837838279204,459.92534532512707
46,1005,273.4519999999998,296.4903703703712
47,615,164.3637527677765,439.6270707810137
47,738,152.21839999999816,459.9614814814812
47,1005,291.34415999999874,302.73644444444227
48,601,479.9080002046935,164.81837094837482
48,615,164.89488000037224,444.1398148149711
48,738,152.25485333816096,460.1283786341639
48,1005,309.6201599999995,310.5999999999975
49,601,455.7455999999945,210.28000000000046
49,615,164.71632000017507,446.3386666668818
49,738,152.0447784597195,460.66873548116536
49,1005,325.74927999999886,310.8678518518519
50,601,429.6301333664644,244.99333373795773
50,615,161.7009600015615,449.1364074281139
50,738,151.52800000000752,462.1296296296291
50,1005,341.7769600000008,301.28992592592584
51,601,399.6970400542807,253.11629692637695
51,615,158.7152320004907,450.1566222291775
51,738,151.24447682349,463.20992396200023
51,1005,359.54809143582565,291.2942011174593
52,601,372.7495999999974,255.30962962962934
52,615,159.07747200145536,449.8525333365344
52,738,151.1829428582928,463.16285713839875
52,1005,374.710697153738,283.47041278730023
53,601,350.42232008161704,237.04814753094894
53,615,160.68145607652355,448.54257303006426
53,738,151.2264000000073,463.22000000000065
53,1005,387.34848000000284,276.9457777777784
54,601,326.70346671052357,229.7600004798488
54,615,170.4746561799834,429.70365480846453
54,738,151.29525333375682,463.3693827088028
54,1005,399.33536000000004,270.35140740740735
55,601,303.89840000000277,253.58518518518468
55,615,184.63449623669248,403.9408008203185
55,738,151.28108108172,463.3757557555083
55,1005,411.46399999999744,263.8256296296293
56,601,284.68120006481286,275.09796332933
56,615,201.34531921291568,382.20480540722866
56,738,151.26559999999927,463.43333333333334
56,1005,423.98656000000074,257.6853333333329
57,601,268.9834666836248,285.9170372258062
57,615,218.71795243701285,364.392952362804
57,738,151.17178222963616,463.4031069588449
57,1005,436.3887999999997,250.82014814814758
58,601,252.80559999999923,295.3133333333331
58,615,236.79533262964014,346.23851004739436
58,738,151.1042666719277,463.33802467707864
58,1005,447.47743999999784,240.73999999999884
59,601,233.97680001914978,308.3414815716623
59,615,255.16014225441836,327.766913849789
59,738,151.09199999999987,463.36296296296297
59,1005,456.83679999999754,226.8767407407386
60,601,215.25653367431232,336.14716147804603
60,615,274.84598401530775,318.0460446501772
60,738,151.07063111219645,463.41007406663783
60,1005,464.820000000002,213.64370370370332
61,601,197.9139200281395,371.60148164671347
61,615,294.8513687356842,311.5960836526337
61,664,1.9224218182426969,287.82740740740763
61,738,151.05057778403648,463.44771191057066
61,1005,471.75840000000227,202.19214814814612
62,601,193.2512000295617,365.2896298844332
62,615,318.9582981851674,307.65956908195193
62,664,20.97086545590628,289.90035691102435
62,738,150.98160000000007,463.4592592592597
62,1005,477.98480000000035,191.77851851851614
63,601,203.89022222497033,360.60699592330957
63,615,339.4856000316702,300.2053829809661
63,664,38.45069091646793,284.26173071773843
63,738,150.67633777825336,464.1066172875532
63,1005,484.1614399999992,181.5962962962965
64,601,212.96896000183665,358.4030370662297
64,615,360.44659559007073,288.9986505088569
64,664,55.931230707689686,281.3952592592588
64,738,150.59346311005015,464.52324997579854
64,1005,491.0856000000001,171.05229629629815
65,601,219.8488000250279,352.71570381307794
65,615,379.17009779507566,279.34348989593417
65,664,72.17540027974565,279.28309893777237
65,738,150.177240078159,465.48575323571504
65,1005,498.07135999999895,161.55407407407708
66,601,226.6944801378827,344.2562227867509
66,615,395.63764042391654,270.87566799519067
66,664,86.98294651193065,277.1178163658812
66,738,151.89736011483888,463.0314817292585
67,601,233.56400000000122,334.1051851851855
67,615,415.47045014778405,260.3279749643477
67,664,101.94397600058892,275.6915555555557
67,738,157.72669101854717,439.816969901053
68,601,239.69374547267535,326.1881482408269
68,615,436.5191111422075,249.34813198406937
68,664,117.29602400088368,275.4553555650088
68,738,165.69359999999733,420.0903703703707
69,601,245.13840000847722,321.3505051012546
69,615,451.7198320159389,234.5828421859375
69,664,134.41352800801437,271.9026445295203
69,738,174.76800000000594,402.33481481481493
70,601,250.24960000000078,316.8096296296301
70,615,464.19068523069427,216.04102943480984
70,664,153.06380800059458,268.0491851851852
70,738,184.4738182399965,383.32976446731635
71,601,255.537600017351,311.480987732337
71,615,476.6577441178879,195.71445963342126
71,664,172.88363636376917,268.61748148148166
71,738,192.88799999999924,362.2911111111109
72,601,261.5219200202205,303.93777786825285
72,615,489.06217837277495,175.03036425905938
72,664,193.71272727394626,272.19733333333363
72,738,193.19706700965753,334.5164198309936
73,601,268.3120000000031,296.4555555555557
73,664,214.4933599999962,277.11133333333305
73,738,193.80640012696517,304.79070709436695
74,601,276.229018224484,286.85272744688797
74,664,235.48023999999373,284.08644444444417
74,738,189.64376012740445,273.63622203464087
75,75,483.1889877470485,158.29225053146922
75,601,285.0056727926244,276.16188581595935
75,664,256.9600000000105,291.2841481481485
75,738,181.49999999999977,244.93333333333655
76,75,456.1378242086744,212.3097191363077
76,601,295.09013335625696,266.8412347137996
76,664,278.3510844455025,295.4826337291596
76,738,164.71184421865246,231.6390028026234
77,75,420.21146674561584,245.00676600620673
77,601,298.60036372877516,255.34067303940523
77,664,298.16218182850554,300.00112442909943
77,738,147.70776775136483,237.45619961733212
78,75,384.62229335332273,260.60340767991397
78,601,283.11520010854565,259.5148153806699
78,664,320.1866400087158,306.3656632365315
79,75,356.1490666700149,268.2375308909739
79,601,267.47152029849417,283.23940826869244
79,664,337.92359274022203,303.4117307808595
80,75,350.20252000173514,267.8637555631853
80,601,252.4758401831491,308.28829704775626
80,664,356.68000000000006,291.02444444444495
81,75,349.35426333974647,267.7476079824868
81,601,234.49040014990032,331.12777851906606
81,664,375.10931200087896,280.45535556515364
82,75,349.1404201529645,267.499894212198
82,601,213.80746695094786,355.88913711228054
82,664,390.02380800791855,271.66812601229486
83,75,349.17530857952784,267.6480387950537
83,343,2.6013527379086554,238.93434339427523
83,601,191.82240012620468,378.7103710499373
83,664,403.34812444535373,265.072921815972
84,75,349.1394891091318,267.4488381378899
84,343,14.531956412605496,255.99276748251643
84,601,171.59359999999992,402.1274074074075
84,664,416.80218909991487,258.9865051067868
85,75,349.0858059359914,267.207826518314
85,343,26.641621846114273,271.26987189765003
85,601,175.55360000000064,404.8503703703747
85,664,429.9949818254481,252.4837307191883
86,75,349.0022634146783,266.9586449867014
86,343,40.0747200089495,279.8091851041593
86,601,181.64960003150554,394.742963076546
86,664,442.61507555914136,243.6765102985643
87,75,349.0434413440755,266.8840413835074
87,343,53.99649600010094,280.93217777970847
87,601,188.03384002270036,386.67874084798524
87,664,451.4801600322903,231.0125186130092
88,75,349.04209233710503,266.82371404804803
88,343,67.05804652003849,279.757609883365
88,601,194.94960000000106,379.44222222222203
88,664,460.74639999999874,217.86422222222245
89,75,348.9800880002735,266.8897222218392
89,343,78.88298061094702,277.8989242972905
89,601,200.8822000099542,372.39018522895327
89,664,469.5209745484386,203.87449832532045
90,75,348.9728167961505,266.92015551429506
90,343,90.71207122100418,276.2521991119484
90,427,484.44395725349574,162.47604111091474
90,601,206.73781819753003,365.7733334242779
90,664,478.0800000322187,189.49362972491946
91,75,348.9978332918384,266.9227199764519
91,343,102.61723636390911,275.47404713961157
91,427,465.6278547881203,198.13093007356386
91,601,212.9480000000001,359.00888888888846
91,664,486.736981902452,174.80902185014924
92,75,349.0250472731941,267.05683694113634
92,343,115.07168000048749,275.4485432177316
92,427,443.3012547509412,232.49725981796598
92,601,219.56276367118335,351.46356916444074
92,664,495.10488032353464,160.55802364730297
93,75,349.02656000000206,267.22548148148184
93,335,8.2919999999973,280.5577777777777
93,343,129.14069818403163,272.637095435321
93,427,411.5749551971419,251.98823643358438
93,601,226.7076800262089,343.5900000994416
94,75,348.9602634341736,267.0093685367645
94,335,24.873600000000803,280.9651851851846
94,343,143.8545454557334,269.51181146842805
94,427,377.53220008125027,268.48456850503186
94,601,233.26959999999417,334.96666666666687
95,75,348.92739566514365,266.8779750299508
95,335,41.292799999999374,281.6611111111109
95,343,159.03213090956,268.33159595449274
95,427,347.5773733537653,291.6600248409609
95,601,240.41340001518847,326.71796302611125
96,75,348.9635324516496,266.6776304461622
96,335,56.8919999999963,280.66074074074044
96,343,174.93855999999596,269.34814814814854
96,427,318.67089333640024,302.9237901117221
96,601,247.61694550021502,318.50107754161286
97,75,348.9379200009489,266.83502881040664
97,335,71.50784145773628,278.7165339376996
97,343,192.16849600113164,272.8112740582764
97,427,290.3733070238303,310.34654249125595
97,601,252.6742400111914,310.6171111688587
98,75,348.9585542862744,266.9404499209322
98,335,85.72179754714284,276.7346860090398
98,343,209.44928582495092,279.0631702837096
98,427,260.3192000396706,326.2948449135565
98,601,258.0080000114094,305.11851857597236
99,75,348.97206857150877,266.9078583647675
99,335,99.74984699905463,275.4950880868818
99,343,226.21832728177424,285.82103694317885
99,427,233.71324017396034,348.9710750370858
99,601,264.0822545594574,299.5348822368107
100,75,349.01898311285095,266.8400526750094
100,335,113.49049091002145,274.6258249116931
100,343,243.1416000000013,291.59777777777765
100,427,208.12208034115088,373.69326116098756
100,601,272.1104000180617,292.14296308616184
101,75,348.9782613460613,266.8069103038837
101,335,127.26193333445792,271.9414506397004
101,343,260.33231999999765,294.8074074074078
101,427,183.67909363536626,400.4514457095667
101,601,280.9109091183359,284.4434345081266
102,75,348.959768891965,266.71627983933877
102,335,141.43696666771461,269.3902469322533
102,343,276.42959999999897,297.0952592592593
102,427,166.72044003419728,420.0924816854426
102,601,286.99040000000196,276.65925925925893
103,75,348.9801600014357,266.64871110575893
103,335,155.4227761914092,268.6868386351189
103,343,292.4084800000003,299.42562962963007
103,427,160.58876004084027,431.93085174485856
103,601,273.0189819487464,288.2724586156511
104,75,348.9899093345741,266.80315390526243
104,335,169.70514285777938,268.0521164093772
104,343,310.3614254581555,303.3053198353133
104,427,161.53004000451463,438.08170369075873
104,601,254.82053352302503,309.171852598912
105,75,348.92634676980947,266.60753985394825
105,335,185.2646181832938,268.83835014443935
105,343,328.1951563800657,307.68301673662626
105,427,160.67984000018612,438.81481481367103
105,601,236.78053349349284,335.9362969990147
106,75,348.88589076757853,266.6855963815935
106,335,201.19941818329892,272.90168347777245
106,343,343.15749818969493,305.50457921112485
106,427,160.58451555558065,438.93873251016123
106,601,217.89360018195225,359.2244452308944
107,75,348.86913342565316,266.67651147979797
107,335,216.6120000000035,279.0307407407413
107,343,356.817381818247,300.4653602702796
107,427,160.55039999999397,438.850370370371
107,601,198.5836001054338,382.5812967804543
108,75,348.8664125183834,266.62024249840744
108,335,231.74000000000206,284.9907407407413
108,343,366.9811752729902,299.56650774775096
108,427,159.6586399999984,439.45059259259267
108,601,180.08560030795593,406.88027043454423
109,75,348.84031019048166,266.5972786986559
109,335,246.44946668254306,291.7394752324043
109,343,371.31508089472504,299.2814024447015
109,427,158.59248615426282,439.9767578401923
109,601,173.9241600104492,404.5948148602563
110,75,348.8359973381898,266.65891576940504
110,335,258.8598666825419,302.55873449166336
110,343,370.58252586423697,299.7346651714246
110,424,7.247839999999997,290.024444444444
110,427,158.5164984615835,440.1247673320379
110,601,179.08683640411596,397.5192593968691
111,75,348.8188299476405,266.6375286533149
111,335,268.9832000000024,310.64518518518526
111,343,370.51698414756174,299.600822288965
111,424,24.842559999999594,288.898518518518
111,427,158.50775999999883,440.1355555555557
111,601,185.7538666860819,389.00839513922557
112,75,348.809617610292,266.6356629918609
112,335,278.8817200003791,311.9048148224506
112,343,370.62954006182395,299.84505958013074
112,424,41.930399999998826,283.94059259259217
112,427,158.4070400004748,440.2549841329346
112,601,192.3655999999994,381.4503703703698
113,75,348.8437826219649,266.5758284600175
113,335,289.64192000069033,310.75877778736196
113,343,370.7346726164121,300.0471119216952
113,424,58.83183999999915,281.10874074074064
113,427,158.4838400000552,440.315492064153
113,601,198.70040002232372,374.4807408230948
114,75,348.87356633372406,266.3682610989233
114,335,303.38796666813437,308.8555370622841
114,343,370.8472563463181,300.2440731326681
114,424,74.5040149371664,278.8822137267084
114,427,158.46708067118982,440.32334781036786
114,601,205.0090182042652,368.19939406462777
115,75,348.8631398386736,266.40103035612015
115,335,318.53522121441813,307.68968859008174
115,343,370.7032402491518,299.92445142552214
115,424,89.35496640605948,276.89577985566194
115,427,158.3735397240673,440.2628023470863
115,601,211.5088000224148,360.636296396621
116,75,348.8683355282376,266.3481475291134
116,335,331.15705455069815,303.68392934528845
116,343,370.5566897798883,299.61243785700754
116,424,104.20349236446214,276.10768889839886
116,427,158.37258736846078,440.3142709554009
116,601,217.7520000216589,352.91710449874404
117,75,348.873642669937,266.3308642031139
117,335,344.2416000041021,295.4506296673931
117,343,370.63168356329925,299.72988008811427
117,424,119.77217454597964,275.444296296296
117,427,158.37359999999876,440.3100740740737
117,601,223.6722666775961,346.2545679578033
118,75,348.8257599999952,266.4857777777778
118,335,359.1054000025593,287.2156666955872
118,343,370.71070239994697,299.93223351262463
118,424,136.96784000000207,272.32355555555523
118,427,158.33896421086024,440.26682748444057
118,601,229.78959999999802,339.13925925925923
119,75,348.84747734563007,266.51430451186144
119,335,371.7708285748358,280.8111164427394
119,343,370.7007295930282,299.9573139227394
119,424,154.98400000000402,269.76814814814776
119,427,158.36975157898337,440.1708820661723
119,601,236.22829094165354,331.13575770485613
120,75,348.8700693364092,266.34413168352046
120,335,381.58334857362485,275.93963494609676
120,343,370.54751212622705,299.6190584357432
120,424,173.51999999999634,271.08399999999943
120,427,158.39991560756062,440.2764037351359
120,601,242.21102224248057,323.17037044913224
121,75,348.9056604465304,266.4876082305789
121,335,390.2218800018119,272.16048150302873
121,343,370.7274811752791,299.8989973181518
121,424,192.99999999999386,276.379999999999
121,427,158.4583716984338,440.3052803560301
121,601,248.1424000000004,317.4133333333333
122,75,348.88587469371265,266.3951563878415
122,335,398.7947963654648,268.83178453467724
122,343,370.87630045947316,300.1759184696342
122,424,212.42943999999852,282.4271111111105
122,427,158.4424541935562,440.2307060931259
122,601,253.90773334103756,311.03481486432895
123,75,348.8746648955214,266.42586913810453
123,335,407.30685158391395,265.057817022216
123,343,370.6740373459934,299.8270301303778
123,424,231.46415999999817,288.51866666666683
123,427,158.43133726323572,440.333555555555
123,601,258.4357333409116,304.2792592881183
124,75,348.88163236007586,266.4840033288629
124,335,415.9588152189144,260.23047693976986
124,343,370.7193350110151,299.8483792912985
124,424,249.69855999999936,296.4050370370364
124,427,158.50023747470118,440.440925915077
124,601,261.9085333340706,301.1985185277655
125,75,348.83979654993254,266.6027349906044
125,335,425.72400000000243,255.54888888888837
125,343,370.72828831255157,299.93341643685636
125,424,266.1016960005247,303.02385186270106
125,427,158.55480000011198,440.53381481361
125,601,266.0408727285301,299.47838385626693
126,75,348.8697671149805,266.719739095153
126,335,435.3429090944303,250.71572392840258
126,343,370.85551553034406,300.22614506539355
126,424,281.5153440007896,303.4194074236813
126,427,158.50491604421734,440.616479441845
126,601,270.39860000954263,294.28759257253813
127,75,348.8392241120062,266.7609172954228
127,335,443.3059891017223,243.31842765576738
127,343,370.51898824543173,299.49177225622867
127,424,299.1358400000047,306.17022222222135
127,427,158.60830622881963,440.75584750280325
127,601,255.0602668192539,304.9812352238326
128,75,348.83868781393403,266.75354617136304
128,335,450.465880010168,233.84390744013882
128,343,370.47382683695446,299.37418479127274
128,424,318.07305600345103,310.6543111435431
128,427,158.5782874075892,440.84370918987247
128,601,237.0302001154471,329.8035189792714
129,75,348.81782044648617,266.81558847113627
129,335,457.41624001134375,223.72342596690186
129,343,370.61175114295906,299.7518847022882
129,424,335.3790240051785,307.87168893753767
129,427,158.51801600000442,440.8518518518516
129,601,218.7569605860574,353.6977803258965
130,75,348.7896997426799,266.5638944776696
130,335,464.63732573036225,213.0895767808034
130,343,370.6701262482329,299.99466662401807
130,424,353.45360000000255,297.2125925925924
130,427,158.51456861540385,440.76318518518497
130,601,199.43440000000123,372.7459259259265
131,75,348.8155708753118,266.7272940988741
131,335,472.9320857356385,200.93165087187748
131,343,370.6342649929286,299.8127405701456
131,424,372.37296000578226,287.61398523743907
131,427,158.43524717949094,440.7640000000002
131,601,181.85040009646514,396.01740792766793
132,75,348.830073226992,266.8121881060115
132,335,481.5135091186221,187.26180480972633
132,343,370.43023999999946,299.18103703703713
132,424,389.1486400086728,278.4614963746785
132,427,158.4508800000066,440.76518518518526
132,601,171.36160000000018,413.6948148148147
133,75,348.83920359036097,266.92687735416996
133,335,489.9469091048786,172.8338047608209
133,343,370.4731448903169,299.22342386848965
133,424,403.1664401981948,270.92526169397814
133,427,158.4880314304985,440.7290423143664
133,601,171.9280000000026,408.39481481481533
134,75,348.84577485296177,266.807415032102
134,335,498.6494545506559,158.79249161377595
134,343,370.4877795612731,299.3471769554419
134,424,416.2450683007387,263.9977592403267
134,427,158.43294571450144,440.78383597731596
134,601,177.01280002694375,400.97804725578936
135,75,348.8593101566937,266.7052726882193
135,343,370.61839999999734,299.828444444445
135,424,429.3549120051671,256.62457782681855
135,427,158.4026400002,440.7746925925928
135,601,182.77614548089787,393.23676778839877
136,75,348.9052800000036,266.9780740740739
136,343,370.61446844632997,299.74364855956946
136,424,441.64271999999755,247.3874074074076
136,427,158.45560615599538,440.7724232741577
136,601,189.03720002415412,386.99933343372936
137,75,348.87752252430687,266.76068078537594
137,343,370.5644337853255,299.5994831271662
137,424,452.1998399999984,234.0614814814812
137,427,158.47817846177236,440.7552364680476
137,601,194.85706669053684,379.04617292331966
138,75,348.87886063107544,266.68994797412137
138,343,370.4712000000018,299.2199999999996
138,424,462.1877236550858,217.81824921538418
138,427,158.45624000000612,440.79733333333326
138,601,200.63483638968478,370.4364984268227
139,75,348.8934047035298,266.52562974242477
139,343,370.43842672896403,299.20950610541786
139,424,471.94558548262535,201.24004048974297
139,427,158.4191840003774,440.7945805544875
139,601,207.42799999999875,363.05703703703716
140,75,348.81930721241815,266.4868637007376
140,343,370.4353069158492,299.1035059031546
140,424,480.74143999999137,186.00251851851857
140,427,158.37777600004074,440.76803981469624
140,601,213.10094547058043,357.12053879369574
141,75,348.86208900913175,266.6426788810976
141,343,370.47583999999574,299.2392592592594
141,424,489.1307199999983,172.10355555555523
141,427,158.40960000019436,440.6834306064304
141,601,218.3693333516885,350.9071605903702
142,75,348.8174437681085,266.4854937163421
142,343,370.4513600000064,299.206962962963
142,424,497.6183999999989,158.40237037037008
142,427,158.4304685883859,440.7247679794715
142,601,224.4688889012366,344.61160500092
143,75,348.76674655546134,266.57525297689347
143,343,370.5246400000044,299.6463703703702
143,427,158.40323428759632,440.70637036700424
143,601,229.3260000202622,337.53000004532163
144,75,348.80308640335664,267.00080322028487
144,427,158.3276098327087,440.73260501296073
144,601,234.5036000057462,332.5370370818737
145,5129,136.43200000000206,266.7111111111111
146,5129,150.07439999999974,266.29629629629625
147,5129,164.09199999999942,266.02000000000015
148,5129,178.23199999999702,266.29259259259254
149,5129,192.07024000047,266.65888889125887
150,5129,205.40684444629278,267.8853497607807
151,5129,217.9840000000013,272.66444444444306
152,5129,229.654400000004,277.1874074074079
153,5129,241.56960000000254,280.9503703703704
154,5129,253.889963640529,285.1523905205215
155,5129,265.8758400063448,290.61429623563
155,8448,495.9816000000103,145.39407407407356
156,5129,277.85000000608875,296.6748147561076
156,8448,486.2950400455759,162.1834075694868
157,5129,289.64240005757915,302.7028882813856
157,8448,475.83396367373325,177.34680149256633
158,5129,301.75439999999867,308.77185185185186
158,8448,465.4166838733772,193.21929536172112
159,5129,314.08363637206094,314.69683494329837
159,8448,455.5656000579688,210.15542105338426
160,5129,325.6520000000023,321.2651851851853
160,8448,444.54165074741354,222.9429561603926
161,5129,336.86800000000403,316.1540740740705
161,8448,429.4091229456569,224.7616455532937
162,5129,348.9279200224644,307.82685202110474
162,8448,414.27650939573937,226.57855675886296
163,5129,361.3555555673429,300.29415647254257
163,8448,396.30996363857776,229.3028956688521
164,5129,373.81140000407527,293.09092595059116
164,8448,377.12967272935884,232.01582495899808
165,5129,384.03276012153356,279.2267782595277
165,8448,358.09792000145535,234.5301481772546
166,5129,394.29039999999986,265.74444444444276
166,8448,339.48560000000043,236.76814814814628
167,5129,408.5735999999997,258.3592592592596
167,8448,321.2371200050086,241.5037778561464
168,5129,422.83199999999965,255.82370370370433
168,8448,302.4889600068434,247.207926019529
169,5129,435.84559999999897,251.25037037037123
169,8448,283.76559999999813,252.08148148148135
170,5129,447.2996000301407,242.61851863722273
170,8448,265.2080000000012,256.2429629629628
171,5129,457.4775999999986,226.71111111111486
171,8448,246.2096000014185,257.3989899245381
172,5129,467.23403640890524,209.53757590451326
172,8448,227.18160000000012,259.3466666666662
173,5129,476.4134400494697,192.3421482887384
173,8448,208.1200000000024,260.2466666666663
174,5129,485.9325819227877,174.75811476107083
174,8448,188.8279999999952,261.9096296296295
175,5129,495.5535999999995,157.10370370370308
175,8448,170.40523636459852,263.8898990012135
176,8448,152.80850909189212,264.80053872959417
177,8448,134.31599999999548,265.9296296296303
178,8448,116.25999999999976,269.1133333333342
179,8448,99.25360000000296,274.0333333333338
180,8448,82.16302728577602,276.44309076955165
181,8448,64.81999999999744,278.4355555555562
182,8448,46.86894545698692,282.0705724388914
183,8448,28.2367200041449,279.3001480741282
184,8448,9.159999999997126,275.0170370370355
189,4742,497.87224008151156,142.98503723518684
190,4742,486.0496000000069,164.8407407407406
191,4742,473.6256000000026,185.73555555555888
192,4742,461.41359999999736,207.06444444444472
193,4742,449.6559999999931,228.86148148148112
194,4742,434.17950887601364,238.6469678924412
195,4742,416.55500042138556,249.00704157059317
195,5189,494.01360013017097,146.35777816201488
196,4742,398.00021818285813,256.22606062138556
196,5189,483.67294551309215,164.19212142215488
197,4742,378.45293334619896,255.6843825608508
197,5189,472.54515559141055,181.200082410256
198,4742,359.17153333885494,245.7487653416268
198,5189,461.6867794487007,199.426389333607
199,4742,339.6455999999944,239.1481481481468
199,5189,451.3636365011848,218.41771081776696
200,4742,323.06632025916997,248.4266684152552
200,5189,437.9772012207013,224.07117527397992
201,4742,306.7343200131404,264.12414827206885
201,5189,423.7578612317179,226.26307476720277
202,4742,290.62580000864955,279.8159260080433
202,5189,409.2322666708867,226.86972833172047
202,7051,495.5480000000023,148.81703703703653
203,4742,275.1616000000013,296.1718518518512
203,5189,393.27614545615575,225.70707073993867
203,7051,487.5790545600182,160.22659939067285
204,4742,259.8944000000017,312.279259259258
204,5189,376.2837600005412,226.77903704530976
204,7051,479.02785456144557,169.74659939792858
205,4742,245.17839999999183,328.50370370370774
205,5189,358.95984000237036,227.37525930118952
205,7051,471.1215999999979,180.57407407407445
206,4742,230.35199999999918,345.3199999999994
206,5189,342.3957600060305,230.1335556430053
206,7051,464.1990130202487,193.28820071391783
207,4742,214.9376000000018,361.2200000000041
207,5189,325.95801292057445,235.45359642749665
207,7051,457.5270000354635,206.4174074854932
208,4742,199.2176000000029,377.93925925926277
208,5189,308.9483555583399,240.54987658808113
208,7051,450.8341818553788,220.2356903311804
209,4742,183.3554909572456,395.32949518344697
209,5189,291.8576000051985,244.95903712720724
209,7051,440.03059410633796,224.47016955847877
210,4742,167.48293338428084,412.1521607533778
210,5189,274.0336727344072,250.08417519024295
210,7051,428.2023697598106,225.88738593692747
211,4742,151.88159999999584,430.27629629629604
211,5189,256.34640000000104,254.08666666666858
211,7051,416.3740931637392,227.30351917546022
212,4742,136.69039999999768,449.1370370370389
212,5189,239.6162666679345,257.9544856217382
212,7051,401.74123636714967,225.16835010884995
213,4742,118.45280046835569,453.23222001212457
213,5189,222.91999999999916,259.54296296296286
213,7051,385.06413333714136,221.9725307976763
214,4742,105.45352003949802,435.2929628012343
214,5189,206.07088000055,260.3471111188624
214,7051,368.0119999999931,219.69407407407382
214,8723,498.0518546195242,142.24053892396782
215,4742,92.93599999999174,418.1866666666627
215,5189,189.28000000000225,261.07407407407425
215,7051,351.3839999999959,217.70148148148039
215,8723,486.8594004288866,161.25363137714353
216,4742,81.56145460072821,402.2162960940292
216,5189,172.9845090918502,262.21077442140995
216,7051,335.09599999999296,217.22592592592548
216,8723,474.9810400364481,176.38903718115208
217,4742,69.89751807653306,385.24515650401736
217,5189,156.4729454562439,262.9259259259258
217,7051,319.11040000000526,220.96074074074258
217,8723,464.49677743985376,193.90135203347825
218,4742,57.90036366842628,368.28430963199474
218,5189,139.60000000000719,263.6051851851846
218,7051,302.8895999999975,226.31481481481507
218,8723,455.0959999999918,212.7170370370335
219,4742,44.48846675412028,349.7230861086327
219,5189,123.19084445273347,266.53086430940687
219,7051,286.5599999999972,233.13555555555521
219,8723,442.6806749231787,224.44353464198684
220,4742,30.389600000006567,329.87407407407375
220,5189,107.62639999999806,272.2222222222228
220,7051,270.2376000000015,240.8059259259261
220,8723,426.32831902115527,225.22401550397865
221,4742,16.227127338868286,310.4186529537376
221,5189,92.62444532304812,274.25900475947907
221,7051,254.3575999999973,248.67259259259234
221,8723,409.6520000000055,225.29481481481528
222,4742,1.8359999999972842,293.09629629629484
222,5189,77.19263499175213,276.2766464549784
222,7051,238.831680006615,254.8449630426055
222,8723,389.4704000000047,221.94222222222248
223,5189,61.56589091413025,278.67784521453575
223,7051,223.15528000118547,260.3195555775535
223,8723,368.7639999999931,223.76518518518563
224,5189,44.926640001347096,280.978000023296
224,7051,206.41352000077973,261.3334074183948
224,8723,348.2034909101287,223.5012121111597
225,5189,27.749600004563035,279.3246666072953
225,7051,190.1176727285531,262.46195288668315
225,8723,329.9440000000061,226.39407407407552
226,5189,10.377360003423064,274.26444439661424
226,7051,174.35512727350329,263.7639730725119
226,8723,312.4623999999983,236.80222222222392
227,7051,158.83090909164252,264.62781146146466
227,8723,294.83549093274064,248.71966348778906
228,2097,493.85250916010483,152.1524177186957
228,7051,143.28239999999823,265.8607407407403
228,8723,277.0616000000075,259.9281481481481
229,2097,482.45720729002755,171.2579933185665
229,7051,126.83440000000132,267.8133333333348
229,8723,259.49890910010254,269.6141415192022
230,2097,470.6531199999972,190.00103703703442
230,7051,111.38327273625919,271.51245799212154
230,8723,241.0415999999998,273.64814814814855
231,2097,458.5951999999941,208.23451851851792
231,7051,97.09469091017695,274.6200673621575
231,8723,221.8776000030573,270.91518512714606
232,2097,445.09028323587927,222.6085351082474
232,7051,82.39928135628247,276.3024256293318
232,8723,202.89040000000114,264.73333333333306
233,2097,428.4378494805367,227.29024062777304
233,7051,67.49966666763498,278.2525308825725
233,8723,184.5959999999991,262.07777777777807
234,2097,410.19223966789014,228.34415634230743
234,7051,51.94960000000037,280.62222222222056
234,8723,165.23599999998737,262.3059259259253
235,2097,389.6747200011919,226.43703705823026
235,7051,36.11208000341435,280.46496290863155
235,8723,146.05505454818513,264.8651178998196
236,2097,368.3916800002953,227.12881482011338
236,7051,19.715999999999667,275.78888888888866
236,8723,126.29759999999807,267.02074074074056
237,2097,347.16687999999976,229.24592592592586
237,7051,3.041600000000244,271.11259259259054
237,8723,109.25759999999514,271.8851851851867
238,2097,326.31603201466874,234.12518530889548
238,8723,92.99017662743267,274.83768038234246
239,2039,187.11757909059145,266.70155409380357
239,2097,306.40188802183724,245.8884244193609
239,8723,76.99651886754282,277.046639209138
240,2039,191.04348945021457,321.38127915018845
240,2097,286.6824000045392,258.50638387488647
240,8723,60.2649454573168,279.7574411310184
241,2039,177.55061872752944,370.4035983774532
241,2097,266.5257600084351,270.4015112057376
241,8723,41.210399999999936,282.581481481482
242,2039,155.0397545403098,411.01139269730004
242,2097,245.6606400021144,274.9850074310647
242,2954,494.5581818388433,143.62468019473516
242,8723,22.007200009380767,276.14081469763875
243,2039,130.19316178414783,449.38861172738444
243,2097,224.47234910700786,268.0222624436022
243,2954,487.0921818388439,158.69208760213894
243,8723,2.7776000000073964,269.1814814814812
244,2039,107.5495792193567,478.2156095907753
244,2097,204.082583289794,256.95149880363965
244,2954,478.21288000994855,172.46629633626577
245,2039,100.21489923023694,489.79579020000807
245,2097,185.1632640473781,244.31222202220115
245,2954,468.99534450366787,186.1275427836906
246,2039,99.56090446793553,495.0615627918307
246,2097,170.15640042193698,232.86375657795966
246,2954,459.99326449372126,200.61383904001585
247,2039,99.63327605132179,496.1557983321445
247,2097,160.8826969010363,232.46538616853042
247,2954,450.53735076046166,214.26739389564764
248,2039,99.64960000000133,496.2257777777774
248,2097,152.81738273297265,234.73619349520612
248,2954,438.65085130747445,221.87319814313344
249,2039,99.65063501487121,496.2253601495301
249,2097,145.522783383351,236.96695052803562
249,2954,424.9422850083761,224.68506912308618
250,2039,99.65386587539001,496.21758215193614
250,2097,142.8953600000034,237.6765925925961
250,2954,410.24598446136054,225.82778339411823
251,2039,99.65438219584486,496.2163391581542
251,2097,142.59127887325462,237.72501408456992
251,2954,393.77400000108764,224.1942592368962
252,2039,99.65439999999717,496.2162962962964
252,2097,142.59333087856814,237.72710189478374
252,2954,376.5492000010937,221.14944442208272
253,2039,99.65201170743057,496.2220458900373
253,2097,142.6007177911356,237.71392690822557
253,2954,359.4384000000048,217.0125925925932
254,2039,99.65197463415677,496.2256018067115
254,2097,142.608160000525,237.7032835016839
254,2954,342.29640000000074,215.4092592592598
255,2039,99.6561068156467,496.2251028347253
255,2097,142.59046400010675,237.73390976432208
255,2954,325.03152000582816,219.5034445043409
256,2039,99.65821631284314,496.2245011380153
256,2097,142.58188266669208,237.72226666658702
256,2954,307.54832000582155,227.14196302285882
256,8437,497.1168116778392,137.0876364394944
257,2039,99.65839999999275,496.224444444445
257,2097,142.60037128215117,237.73344024664578
257,2954,290.1474545551764,236.18104386020855
257,8437,490.20562910790886,152.3522020560979
258,2039,99.6430089243097,496.22250022134915
258,2097,142.57919015404352,237.74023742892746
258,2954,273.2066545551845,245.43400682317173
258,8437,481.93599999999947,165.90503703703718
259,2039,99.63742629482226,496.2230810093677
259,2097,142.57609688911998,237.72273744806617
259,2954,256.3643600061539,254.42507414158212
259,8437,473.5925818381872,179.6045926532226
260,2039,99.634996391801,496.22218252400273
260,2097,142.58308800011037,237.72352263404574
260,2954,238.97996000614796,260.0465556230631
260,8437,465.3755008261703,193.87397937878802
261,2039,99.64070013720345,496.21384240218157
261,2097,142.59863111203572,237.7076707854473
261,2954,221.2415999999962,260.6611111111112
261,8437,457.3172041782527,208.87820844780137
262,2039,99.63780778171895,496.2233033059276
262,2097,142.59445333357462,237.72194238784562
262,2954,203.75843636400077,259.53986532184905
262,8437,447.9882983705329,221.10447516177345
263,2039,99.63614132492921,496.21444561279816
263,2097,142.59506666671882,237.72516872366523
263,2954,186.59963636399937,260.0446801366638
263,8437,435.933219776241,225.94410494927365
264,2039,99.63599999999815,496.21333333333297
264,2097,142.5916306667068,237.73878024709938
264,2954,169.55225454612446,262.37178452491383
264,8437,422.65439046195297,227.2390830510238
265,2039,99.64678054062858,496.22331531479904
265,2097,142.5832106667258,237.74437530855664
265,2954,152.2702545471134,264.87539565621375
265,8437,408.0900999246103,227.09920300984376
266,2039,99.64943783784577,496.22577577571803
266,2097,142.59889422231709,237.72490617116193
266,2954,134.54400000098872,267.27287039055915
266,8437,391.8828799999983,225.91185185185236
267,2039,99.63951999999779,496.2259259259254
267,2097,142.5867568889089,237.7353197526957
267,2954,116.65119999999831,270.44888888888966
267,8437,375.0263999999959,224.67481481481477
268,2039,99.58232357191433,495.9796318670935
268,2097,142.58705262628496,237.73825650308945
268,2954,98.85993998940705,273.88996039798985
268,8437,358.06888000045774,223.4497185155919
269,2039,102.35071440731872,485.25241455229184
269,2097,142.6071020330346,237.71530918749994
269,2954,80.96229999009097,276.4221085600096
269,8437,340.9964800003115,222.5212444424931
270,2039,127.04588633456012,455.9204572346356
270,2097,142.60637110802577,237.73119341525594
270,2954,62.87236000068219,278.9684444583167
270,8437,324.5317963664502,225.69073404624308
271,2039,157.65197871587532,422.68319746661297
271,2097,142.59525866667332,237.70269794227937
271,2954,44.68400000000088,280.52888888888793
271,8437,308.17269818668365,231.2825589908616
272,2039,190.67227840954217,392.9239842590593
272,2097,142.60659353931374,237.71890638776404
272,2954,26.557999999999993,276.73518518518534
272,8437,291.3330181838125,236.50638386635814
273,2039,223.27608192290938,360.4322069698849
273,2097,142.60207127374431,237.70345149360605
273,8437,274.35934400235624,241.07194078125693
274,2039,256.9072076457792,330.17719936313796
274,2097,142.6422560001538,237.65552016580082
274,8437,257.2834560015758,244.37917039738187
275,2039,293.0464929151475,311.81538042033475
275,2097,142.64517818207992,237.6518972264514
275,8437,240.08080000000405,247.23585185185138
276,2039,330.31735242834316,306.96514769643903
276,2097,142.64504921227743,237.65967801114664
276,8437,223.3705599999996,250.64948148148125
277,2039,365.1854866266234,290.13670429103297
277,2097,142.65618993833073,237.63733218562754
277,8437,207.03600000000165,254.26666666666685
278,2039,390.9230133403832,278.93523464403944
278,2097,142.65032946183965,237.64773455492727
278,8437,190.8019840028203,258.52653337424414
279,2097,142.6608463121363,237.65912993351424
279,8437,174.32737600264204,262.9244667089288
280,2097,142.69029512122987,237.6241088800666
280,8437,157.24256000050673,265.8745432198686
281,2097,142.71857333335902,237.592312757003
281,8437,139.72256000000016,267.8576296296298
282,2097,142.70177877097467,237.5919867576859
282,8437,122.11776000000214,269.6791111111112
283,2097,142.70780647058132,237.58831932322687
283,8437,104.65254400136247,272.49408891631435
284,2097,142.69675638853073,237.59089132909784
284,8437,87.10449544765653,275.32252498865216
285,2097,142.7125419861818,237.58432489081716
285,8437,69.43813296449207,277.70184133827036
286,2097,142.71464000004357,237.59034567923166
286,8437,51.75646400126084,280.14660743303807
287,2097,142.70020962241006,237.59802493379257
287,8437,34.06512873012616,280.5408134488905
288,2097,142.70527440565274,237.60169759185024
288,8437,16.48619636900321,277.1688349375312
298,10339,491.54384015745904,146.37777822743826
299,10339,479.33777789333476,171.8027163338083
300,10339,465.36955793811785,196.2109099784004
301,10339,450.1881455743501,221.19306434295694
302,10339,433.76148469992586,238.221247255074
303,10339,414.3599999999992,249.74074074074238
304,10339,392.50640000000203,258.0244444444426
305,10339,370.1064000000031,271.6422222222226
306,10339,348.22639999999865,287.8518518518527
307,10339,327.31999999999744,301.35777777777764
308,10339,305.7706400059601,304.30614823179883
309,10339,284.122400022477,312.88148172496943
310,10339,262.99840000589825,321.6394815610957
311,10339,241.2976000109893,329.47059273329614
312,10339,222.4996364616061,348.44781188704485
313,10339,204.65454553161635,371.70255921474273
314,10339,186.66639999999575,392.6911111111113
315,10339,168.972000055669,412.2542965543528
316,10339,152.6668800693301,432.24548175653865
317,10339,136.66960005551232,452.859481702333
318,10339,119.48376001881229,453.61111099091977
319,10339,104.7864000000061,434.3207407407414
320,10339,90.83224005985358,414.41111090727276
321,10339,77.93864004347597,395.89755538217173
322,10339,66.1200000000008,379.6540740740706
323,10339,54.42814547680541,363.38835001430357
324,10339,41.674311143606246,345.99843608661706
325,10339,28.837280077362948,327.8195552480274
326,10339,16.03088004380311,310.2063701859981
327,10339,2.0797600366677216,292.2088886919798
353,2047,0.032154845646346075,285.3795759744773
354,2047,2.3991794285973356,293.7007629700952
355,2047,16.20058691482427,311.9048977721146
356,2047,38.01246697638021,341.82259387307545
357,2047,59.858240238041844,372.115869774561
358,2047,81.67708459972118,402.3865374528033
359,2047,101.05601799041438,435.80102007475284
360,2047,108.23272889099145,472.73792593350186
361,2047,101.2879046560488,486.70074076975857
362,2047,99.02107636835922,492.2825333281493
363,2047,99.599680000091,496.20865185185295
364,2047,99.65248000000088,496.2309629629633
365,2047,99.66976000000273,496.2392592592595
366,2047,99.63719418997357,496.23570039310727
367,2047,99.62557496217187,496.27491143521297
368,2047,99.64764363787482,496.2952207076121
369,2047,99.64606700237937,496.28178424613867
370,2047,99.67290905118601,496.2772522337371
371,2047,99.67269720694503,496.2282688197326
372,2047,99.64813000120786,496.224385355609
373,2047,99.67934321264806,496.2104457387444
374,2047,99.66857461304359,496.23795642259006
375,2047,99.63784893306865,496.23170749713165
376,2047,99.60098583572062,496.2493508586996
377,2047,99.59990118753922,496.2283204373885
378,2047,99.65219332101583,496.23456950239284
379,2047,99.69824847148402,496.24704399223776
380,2047,99.64801787716397,496.25959923443054
381,2047,99.64914470907276,496.2444565257094
382,2047,99.65131209586389,496.2405189620123
383,2047,99.65060572373432,496.27195277353286
384,2047,99.67032533396377,496.3435897752828
385,2047,99.6332097561151,496.25378139127173
386,2047,99.6009838674081,496.2657794148781
387,2047,99.63865546963234,496.2383092461591
388,2047,99.65088000001515,496.22639597622344
389,2047,99.67976142013526,496.2292982683334
390,2047,99.6964591837309,496.22652640666456
391,2047,99.63733401273771,496.2207407407402
392,2047,99.63152176796484,496.22474237771416
393,2047,99.63602275812377,496.24037837084154
394,2047,99.63398274514248,496.23926506956064
395,2047,99.62558022476969,496.2419725337046
396,2047,99.62484249908812,496.2471197643892
397,2047,99.62096640005825,496.24462222198804
398,2047,99.6203927279862,496.2363636323095
399,2047,99.63822063571115,496.2556489224945
400,2047,99.64129083554441,496.23605587258004
401,2047,100.60423688436572,493.30895171453994
402,2047,109.47318318120324,476.01604553674883
403,2047,134.99850679269343,446.8143709401595
403,8852,496.3441527512066,126.06923238422318
404,2047,161.9400961189706,417.1531462551163
404,8852,486.13123641948783,147.93828297059287
405,2047,190.414144089317,390.64320055017123
405,8852,475.65974261778985,169.24451944164232
406,2047,219.72224007912928,366.1622227209216
406,8852,464.91111340381565,191.50057236018282
407,2047,248.0312321006511,338.54616347725573
407,8852,453.51607127917987,213.20301426836053
408,2047,277.8229546798934,317.3171458598889
408,8852,440.3375146557988,225.35025922397932
409,2047,310.174400013326,306.60898782784886
409,8852,424.1691795437135,227.49714858986337
410,2047,342.4363733680093,301.6914570996461
410,8852,407.3620800000009,228.74251851851878
411,2047,368.72235200621844,286.8079111738566
411,8852,389.1283200000049,228.38844444444462
412,8852,370.6583999999998,228.1557037037034
413,8852,352.21965714782016,227.76521683726324
414,8852,333.9523466782447,228.3863701511457
415,8852,315.7715999999948,232.87503703703737
416,8852,297.37568000168943,238.3379259519496
417,8852,279.1426000054338,244.1980074924468
418,8852,261.4420880047192,249.28532600060382
419,8852,244.06439773294608,254.14550294538452
420,8852,226.61163882504468,258.24812855460857
421,8852,208.543658183105,260.1931313358801
422,8852,190.28039272867147,261.3980633269315
423,8852,172.210160001037,262.1958222434
424,8852,154.6230000002595,263.1595000022857
425,8852,136.93825333394273,264.8386358078023
426,8852,119.52701818254069,269.1844175228988
427,8852,102.11081358144042,273.16100633968585
428,8852,84.79727696526709,275.5077487184336
429,8852,67.28877959135446,277.9268122026095
430,8852,49.6947466679876,280.22951854508517
431,8852,32.039432001711816,279.6034740478544
432,8852,14.313753459859981,274.80166389185445
1746,563,488.61300017467784,148.7680252335768
1747,563,469.8392728868953,183.53851901676177
1747,818,498.94120014830037,122.70311149899227
1748,563,451.5080000000012,219.35185185185512
1748,818,483.96399999999744,154.3259259259264
1749,563,428.767830311358,241.23152359457634
1749,818,468.29820762343957,185.22734347250426
1750,563,403.91200000000254,252.54666666666714
1750,818,451.9897335903977,216.0360501156078
1751,563,382.9252001325699,261.80370526577957
1751,818,432.05991842334583,223.815950287789
1752,563,364.14800000000014,269.2777777777793
1752,818,411.40744000584846,227.24088879475235
1752,883,19.346530912658867,293.16407400586473
1753,563,353.7945600145292,267.10540741430333
1753,818,390.40683636640097,226.5699663822054
1753,883,38.70199455058695,284.5421111483715
1753,6382,495.40640000000167,133.71629629629567
1754,563,353.9293090909496,266.4191919191241
1754,818,368.9048727289105,228.45367006677276
1754,883,58.84190000234411,280.44411115281645
1754,6382,473.6280000000022,182.338518518514
1755,563,354.37410651083496,267.08619326999974
1755,818,348.57496000188917,230.73592596493353
1755,883,78.19868316302689,277.8506892658528
1755,6382,449.1456000000028,226.3281481481516
1756,563,354.79177751520297,267.0325443758943
1756,818,329.1548800143062,235.30118535722755
1756,883,97.38489131533186,275.75674692138466
1756,6382,417.4199999999985,251.0111111111093
1757,563,354.7852154704458,266.9821567434469
1757,818,310.1505454638527,243.01043782327292
1757,883,115.57587200010346,274.9238518531956
1757,1792,498.88133334354734,123.99061730935634
1757,6382,381.49337144545825,259.5986240759913
1758,563,354.81029586102295,266.9386675459566
1758,818,290.0199200073246,250.5160001077611
1758,883,131.96155200143605,271.89407410198197
1758,1792,486.8304000000023,150.0777777777773
1758,6382,347.97040000000266,236.00740740740923
1759,563,354.9212828402915,266.83264080536185
1759,818,269.2584000140698,256.9903705870764
1759,883,148.17812800016898,269.0151851882856
1759,1792,475.1296000000025,175.2762962962968
1759,6326,488.06546675322693,152.71419779227946
1759,6382,315.98891436411805,247.54074111417768
1760,563,355.0590888928582,266.7232428356625
1760,818,248.89368889004118,262.8420576046475
1760,883,163.96959999999584,268.0745185185185
1760,1792,462.62552025394257,198.95357303686944
1760,6326,474.85185463877997,176.5877443833772
1760,6382,286.5703999999994,279.37555555555525
1761,563,355.11098698291335,266.7591014679109
1761,818,228.424160000975,263.4215555691093
1761,883,179.52496000000053,271.93348148148175
1761,1792,450.49999999999955,222.46148148148137
1761,6326,461.3402791650458,199.69285327408136
1761,6382,252.05999999999452,292.1903703703745
1761,6504,11.911093394726322,304.4689380767298
1762,563,355.07636923081805,266.8526627208836
1762,818,208.32104000257914,262.6734073592947
1762,883,195.07073600072886,272.9352370487541
1762,1792,438.01359999999363,243.35333333333352
1762,6326,448.47288073209484,222.60102400223093
1762,6382,223.97600000000466,329.2874074074079
1762,6504,25.94718674244632,325.04183922959305
1763,563,354.9965688962516,266.9088682891805
1763,818,190.03546669958382,251.80938256794593
1763,883,210.5439040000806,274.10113333463636
1763,1792,419.48639999999955,247.17925925925942
1763,6326,431.0620706706288,224.95032505678924
1763,6382,196.92400000000703,367.04814814814847
1763,6504,40.37197334844109,345.5511604368624
1764,563,354.9095100592069,266.959758929973
1764,818,177.25178184420542,235.46801338654987
1764,883,225.73223999999752,280.45703703703674
1764,1792,400.5455999999981,254.32074074074106
1764,6326,413.651133646556,227.29698329233528
1764,6382,169.94040015570704,404.1002475259123
1764,6504,55.08432000000653,365.4792592592566
1765,563,354.9015952662728,266.97963182125494
1765,818,175.02760000013495,229.97022222203768
1765,883,241.0874800130739,288.70182951116453
1765,1792,381.45600000138984,259.2459259113993
1765,6326,394.065599999999,228.7133333333333
1765,6382,141.98106676345787,440.04172894076277
1765,6504,69.8957333846306,385.70864177768095
1766,563,354.9032177781726,266.9760987607237
1766,818,175.02400000008151,229.77232323232255
1766,883,256.94636000575997,293.98530834124716
1766,1792,362.8448000018125,248.13333331620458
1766,6326,373.9975999999956,230.4162962962968
1766,6382,114.55792002691396,468.37200011122945
1766,6504,84.70533334615766,406.3742345184944
1767,563,354.8286295870014,267.03805390542357
1767,818,174.98356363637413,229.67845117849794
1767,883,273.0456000004739,298.80457911756906
1767,1792,344.974800001728,238.22925924359328
1767,6326,354.4495999999981,232.25555555555587
1767,6382,102.69440006728132,484.2311113962965
1767,6504,97.50000000000226,427.81925925926265
1768,563,354.6280662747563,267.0954898127893
1768,818,174.16333333659964,227.2058024653365
1768,883,289.4491360051302,303.48511844946313
1768,1792,327.23160000405755,236.76296298464194
1768,2083,495.23336008523984,123.3155557544432
1768,5952,489.1825397048012,131.01410985982187
1768,6326,335.4655333342748,233.14339506614257
1768,6382,98.59076366684576,494.45548819970367
1768,6504,106.4153599999986,451.80755555555675
1769,563,354.78148002209764,267.0683333640085
1769,818,174.04731636392512,225.81313355672128
1769,883,304.83542400057047,309.25717777010476
1769,1792,310.7848000054162,254.4537037314716
1769,2083,485.0025517354254,147.29066563218973
1769,5952,478.09878705688106,158.86858028561846
1769,6326,317.34720001569485,242.1707408912077
1769,6382,98.65368888922035,497.13379424028517
1769,6504,118.31224728686948,459.6570371260822
1770,563,354.77534201193066,267.0701161533464
1770,818,174.0440000000035,225.830781893005
1770,883,319.223236368332,312.3193939948157
1770,1792,293.80200000541095,272.67962965699576
1770,2083,474.92560000000026,171.3762962962919
1770,5952,466.66896903860334,184.91979410460502
1770,6326,298.2536666901524,252.73333354228566
1770,6382,98.63249944768882,497.17021485729697
1770,6504,131.91418182171788,450.5728889111531
1771,563,354.6458130177598,267.1744028051506
1771,818,174.06799999999976,225.85703703703652
1771,883,333.13466181870297,306.65941414757157
1771,1792,276.764800005958,290.91148151057956
1771,2083,463.7102619163784,193.27806890794318
1771,5952,454.3527548875636,207.99343861786258
1771,6326,279.09760000000006,263.6940740740728
1771,6382,98.63885000004302,497.1712037040903
1771,6504,145.282624026222,436.5293038297617
1772,563,354.6661688889458,267.08888888888896
1772,818,174.04175555798247,225.83265433301335
1772,883,348.2635200000004,298.24200000000144
1772,1792,260.46120000567043,309.49148150790086
1772,2083,452.65039999999885,215.27629629629175
1772,5952,440.40887783577546,221.1558024223701
1772,6326,259.87760000000435,275.23333333333164
1772,6382,98.64880000020548,497.16037037088046
1772,6504,158.95537600655416,422.8757333648461
1773,563,354.80395238391225,267.0830952438705
1773,818,174.02597777909818,225.85045268187565
1773,883,363.42784801155517,289.68026677426326
1773,1792,244.25160000553205,327.63407409937304
1773,2083,438.5725824357621,222.77315827772549
1773,5952,424.4478930060666,223.47093141882678
1773,6326,241.90784002864802,277.2451850273401
1773,6382,98.64504000001375,497.1758353908504
1773,6504,174.46879999999624,407.4435555555556
1774,563,354.8633467465777,267.0679246078467
1774,818,174.0121555557323,225.838837448477
1774,883,378.5029520012835,281.1671407526921
1774,1792,227.98480000515156,345.60555558103977
1774,2083,423.12991593382776,224.46142168523963
1774,5952,407.6552654576119,225.3205263956657
1774,6326,230.30640000000062,265.63185185185165
1774,6382,98.65461428589128,497.16387566153685
1774,6504,191.96250670874178,388.83081503758564
1775,563,354.7407555580037,267.1155761322086
1775,818,174.0415999999982,225.85703703703652
1775,883,393.8681600094469,272.86922972082596
1775,1792,211.27040000465058,362.8759259508103
1775,2083,407.1573090966581,224.3723904870023
1775,5952,389.1667781831461,226.02783838889118
1775,6326,219.18560001805076,254.34713795408982
1775,6382,98.64878222230686,497.1600493828929
1775,6504,210.1338187157478,370.4467854532503
1776,563,354.7133585879635,267.0351654451357
1776,818,174.03051111433,225.84425925539486
1776,883,409.3200949919629,265.91144783896414
1776,1792,194.77320000596023,380.57222224919343
1776,2083,389.33039999999437,222.5977777777781
1776,5952,370.0478778193076,226.07436498704092
1776,6326,207.61360001146159,244.78469128435677
1776,6382,98.64787555555381,497.15703703703707
1776,6504,228.52075206733844,352.05591143632955
1777,563,354.7130035519558,267.11095770433514
1777,818,174.02758439716877,225.86980562137614
1777,883,424.33164434460133,260.3358301049883
1777,1792,178.95320000652077,400.038888917106
1777,2083,370.9190400021953,225.38651856317315
1777,5952,351.2191985463619,226.10488753182145
1777,6326,203.9447999999993,241.90896296294517
1777,6382,98.64389041104005,497.1412227296741
1777,6504,246.49737601442325,332.5016741421054
1778,563,354.5996800001035,267.0772345700674
1778,818,174.02499205539357,225.84107140322928
1778,883,438.5079040134098,250.96126676285292
1778,1792,163.1088000069724,419.9637037332811
1778,2083,352.957600000002,228.07777777777716
1778,5952,332.9661818189322,226.97698315791604
1778,6326,203.65713778699615,242.389934202208
1778,6382,98.67360000000076,497.1481481481481
1778,6504,265.02149336671096,314.3905187278773
1779,563,354.69513846167615,267.11038351728456
1779,818,174.0325785581831,225.83119908426298
1779,883,450.47344000134217,235.55134075020501
1779,1792,147.32840000711462,440.32333336189566
1779,2083,335.7096000000013,230.34222222222155
1779,5952,314.7739733370918,230.90822227183483
1779,6326,203.59934736953278,242.4951462031617
1779,6382,98.65253333358623,497.1646913588448
1779,6504,285.9054533416838,306.0867037560435
1780,563,354.70188571496806,267.11037036774775
1780,818,174.04016505980167,225.82132676052024
1780,883,461.89185604704164,217.55828164017532
1780,1792,129.70920000061028,452.97740741649517
1780,2083,318.3014545500612,233.5099664100071
1780,5952,295.95274667551166,237.31460505802283
1780,6279,490.53599999999733,135.31851851852284
1780,6326,203.66225777781892,242.4136131688379
1780,6382,98.65446486512042,497.14184184074963
1780,6504,307.5943563685189,309.28856558235674
1781,563,354.7995933701998,267.0851851851854
1781,818,174.04775156025494,225.8114544319918
1781,883,475.081608097936,200.21102393286782
1781,1792,112.2048000073903,451.8485184952124
1781,2083,300.1362181865545,237.6954209531177
1781,5952,276.8427600048119,243.3593704383683
1781,6279,477.78276375348696,165.30962995737818
1781,6326,203.68977333345697,242.40082716011946
1781,6382,98.6477657464377,497.1452752188614
1781,6504,327.8629090921243,311.7651043585528
1782,563,354.861344381203,267.1091343331315
1782,818,174.03363703708123,225.81587105656652
1782,883,489.7494248991905,173.75525615519004
1782,1792,101.14600000526366,429.2074073866632
1782,2083,281.7615999999987,242.39407407407242
1782,5952,257.71472000000244,249.1877037037047
1782,6279,463.2312200277852,192.91391008356018
1782,6326,203.6909000003959,242.39805555452287
1782,6382,98.64166666667415,497.1334238683458
1782,6504,346.2967999999978,301.14192592592315
1783,563,354.8286248576403,266.90809993191266
1783,818,174.04240000000186,225.80962962962903
1783,1792,88.37560000553708,409.673333312087
1783,2083,263.57600000000616,249.65555555555642
1783,5952,238.861280000001,256.18000000000006
1783,6279,449.1163093193279,218.9497206195985
1783,6326,203.6564960893827,242.45045727283366
1783,6382,98.64416991153462,497.1314650933423
1783,6504,364.3704000044181,289.40133337249586
1784,563,354.8469348066476,267.0417597707073
1784,818,174.0103999999974,225.8503703703709
1784,1792,74.6580000056781,391.402592569531
1784,2083,245.70904001046188,256.6481482733438
1784,5952,220.1281599999993,262.6122962962962
1784,6279,430.4148059096008,221.04278156427725
1784,6326,203.56764444598525,242.4537942377305
1784,6382,98.64888889142094,497.13127572766757
1784,6504,382.26460000110364,277.1399629727538
1785,563,354.93094437922537,266.9420337534176
1785,818,174.02238243589068,225.84430288333058
1785,1792,60.74800000554319,372.14740738580156
1785,2083,227.9736000000014,261.7125925925925
1785,5952,200.82399999999438,264.0742222222221
1785,6279,411.71317946848376,223.13331357993448
1785,6326,203.59774159298922,242.43590298132523
1785,6382,98.64252513992255,497.17110283550926
1785,6504,400.9748799999988,266.3555555555552
1786,563,355.0232857144465,266.9176631398318
1786,818,174.037711777504,225.83654063300628
1786,1792,46.692800006513835,352.6092592349852
1786,2083,210.57069092183838,254.17252511993803
1786,5952,181.43901333401573,263.63827159143915
1786,6279,389.9124706022178,217.64980367080767
1786,6326,203.64968938547463,242.41985102422703
1786,6382,98.63971428571858,497.1666666666661
1786,6504,419.682298190653,257.12359605214874
1787,563,355.0664444445147,266.87831275850414
1787,818,174.05304111835562,225.82877837508963
1787,1792,32.498400006380734,332.9044444196243
1787,2083,193.09600000000273,244.49259259259426
1787,5952,162.40819272995392,264.2653670038089
1787,6279,367.7575999999988,219.54592592592738
1787,6326,203.71893038746407,242.34659299820737
1787,6382,98.64037333347255,497.1454197552754
1787,6504,440.7932945476648,244.94338049451892
1788,563,355.1433230803468,266.8216524263427
1788,818,174.06237305013406,225.82000656730528
1788,1792,18.61520000680912,312.58703701224897
1788,2083,176.1129454719594,235.79818165321686
1788,5952,143.94146909363258,264.4021764585449
1788,6279,345.9642400054918,225.57962971483536
1788,6326,203.73844955764184,242.3330383502682
1788,6382,98.67241917815477,497.1497031948418
1788,6504,459.36047999999687,218.65407407407434
1789,563,355.1728615393017,266.81405654551037
1789,818,174.06560000000013,225.80148148148172
1789,1792,2.316400002393948,297.6862962776428
1789,2083,160.79816847814072,232.63406000772014
1789,5952,125.86544000036953,266.3153925873911
1789,6279,324.5333333426004,231.8496297596091
1789,6326,203.75194666760876,242.28012345690652
1789,6382,98.66240000000062,497.14592592592635
1789,6504,477.8335681069666,188.74029666302627
1790,563,355.28252000141265,266.76066666527333
1790,818,174.06159999999886,225.78888888888926
1790,2083,146.92091229140374,236.09364566153567
1790,5952,107.87298666754963,271.52032100568067
1790,6279,302.73359999999343,239.24222222222014
1790,6326,203.73493922862167,242.31460199539524
1790,6382,98.66108444490465,497.12628806805736
1790,6504,496.82139202673966,160.12659268427498
1791,563,355.1972235311666,266.81298476765704
1791,818,174.02443571164667,225.87986773676528
1791,2083,142.67639999999346,237.55185185185178
1791,5952,89.50479324302592,274.7688696619568
1791,6279,280.5508000133216,247.84422238380333
1791,6326,203.7184000002071,242.3730776794486
1791,6382,98.64478222225443,497.1514238685417
1792,563,355.1047619049996,266.91192239710017
1792,818,174.0275113223788,225.86847659631104
1792,2083,142.70240000000172,237.53851851851792
1792,5952,70.75296986254784,277.28528593385573
1792,6279,258.30072727751485,255.44053881496166
1792,6326,203.6977333334221,242.36518518508808
1792,6382,98.65760000000705,497.13851851851797
1793,563,355.06266666754414,266.9553086401073
1793,818,174.03058693158187,225.85708545360794
1793,2083,142.67620689655587,237.5753001277363
1793,5952,51.78655999999933,279.64933333333255
1793,6279,235.94400000000064,259.0370370370367
1793,6326,203.649120000199,242.4554814806672
1793,6382,98.66404444467207,497.164666667373
1794,563,354.943015384913,267.0184089369285
1794,818,174.03366253922172,225.84569430867995
1794,2083,142.67326222260976,237.54860082430375
1794,5952,33.63861818701935,278.4356228642151
1794,6279,213.43013333612362,261.6472222789832
1794,6326,203.5251398296964,242.59440841299386
1794,6382,98.67399555564589,497.1680823042708
1795,563,354.860847337784,267.06870041844064
1795,818,174.03600000000097,225.83703703703705
1795,2083,142.68776574590447,237.5548762015074
1795,5952,19.46472731843187,267.5919774531721
1795,6279,190.552800001916,262.92614817739724
1795,6326,203.41855555643633,242.68495884803932
1795,6382,98.66399999999658,497.1866666666669
1796,563,354.74203111117504,267.1244814807607
1796,818,174.02159999999753,225.83703703703705
1796,2083,142.69968965518842,237.5462132822812
1796,5952,12.04133101383377,247.17776420252125
1796,6279,167.9144000000008,263.66888888888917
1796,6326,203.368755555573,242.6855761318869
1796,6382,98.63208000054442,497.1641481500313
1797,563,354.5669904763031,267.19394621012873
1797,818,174.02011933729113,225.84848372997635
1797,2083,142.73268888896382,237.5721399164199
1797,5952,8.45579643546671,222.75072049716903
1797,6279,145.42705454684324,263.8426262579021
1797,6326,203.24373333467634,242.72114360684128
1797,6382,98.64072000006558,497.1809135806251
1798,563,354.40352662765804,267.21896121122415
1798,818,174.0103999999974,225.84074074074056
1798,2083,142.66817777846654,237.5800740809104
1798,5952,5.281888027428749,197.51398517996165
1798,6279,134.8052364008879,254.95131323671848
1798,6326,203.1463111111293,242.7145843625069
1798,6382,98.65199999999845,497.1429629629629
1799,563,354.4060000192417,267.2201235112759
1799,818,174.0289333340229,225.85143209539703
1799,2083,142.65224827591965,237.6082758631901
1799,5952,3.333035727901006,171.80443236499033
1799,6279,140.1303999999982,241.85037037036784
1799,6326,203.0574850835876,242.71601392506105
1799,6382,98.66890279536733,497.1669687692539
1800,563,354.2573207101384,267.16408065012854
1800,818,174.01326222226317,225.85647736553983
1800,2083,142.6649066810171,237.4940740613314
1800,5952,8.216689533099952,152.3878115594286
1800,6279,141.140960000007,239.20214814816853
1800,6326,203.07054867437273,242.68199278081858
1800,6382,98.6535555555804,497.18261316870627
1801,563,354.2260544425403,267.1387245211947
1801,818,174.02624769026147,225.83168617974692
1801,2083,142.6721066673224,237.63570370383746
1801,5952,20.580176004446006,142.88000005584166
1801,6279,141.10889777862212,239.11827160062793
1801,6326,202.9851200000337,242.78714814782143
1801,6382,98.62640000000056,497.1911111111107
1802,563,354.2469555618595,267.1970905245831
1802,818,174.03102295115218,225.8254523372347
1802,2083,142.65776000079882,237.56992593394122
1802,5952,28.651488000814425,133.74583703894905
1802,6279,141.16559999999936,239.11851851851827
1802,6326,202.94354413485962,242.73888682561372
1802,6382,98.65149613332278,497.1680908530249
1803,563,354.2068523850503,267.2205423124356
1803,818,174.03266229571273,225.83395264052132
1803,2083,142.6980912288002,237.59103313367703
1803,4273,156.22399999999175,449.3444444444463
1803,5952,31.444032001220418,127.6283111139802
1803,6279,141.15391515161946,239.17649831593835
1803,6326,202.8657699147857,242.7498262713641
1803,6382,98.6537066666699,497.15422222219183
1804,563,354.18619644972296,267.17811965794215
1804,818,174.03430163940357,225.84245294468695
1804,2083,142.66959999999926,237.5281481481486
1804,4273,156.08399999999847,449.5014814814815
1804,5952,31.32528000002935,127.01277037037207
1804,6279,141.10613333355104,239.12999999965768
1804,6326,202.8049777787146,242.65711933994848
1804,6382,98.65760000000705,497.1592592592589
1805,563,354.2540800000836,267.2279835399336
1805,818,174.01760000000195,225.86444444444487
1805,2083,142.66870167705292,237.55145872645377
1805,4273,156.04666668634763,449.3135800586705
1805,5952,31.416704000046142,127.87730370370332
1805,6279,141.13640000018108,239.12759259367334
1805,6326,202.81866666686028,242.65164608975897
1805,6382,98.65814364641778,497.1572744014723
1806,563,354.2119147959852,267.2176112304616
1806,818,174.05241276162542,225.83538808663528
1806,2083,142.67440000023726,237.5529044874074
1806,4273,156.3919999999996,449.3207407407394
1806,5952,31.574256000004652,127.94562962962952
1806,6279,141.11741818232417,239.14355219156747
1806,6326,202.83316814352474,242.665165527991
1806,6382,98.6345066666729,497.1443045267916
1807,563,354.135469822819,267.1594477288464
1807,818,174.0319999999997,225.81999999999945
1807,2083,142.7344000000005,237.54666666666657
1807,4273,155.97360000000435,449.3200000000004
1807,5952,31.54465454545516,127.93851851851824
1807,6279,141.0892088888943,239.11838683132646
1807,6326,202.83001117321646,242.7056403884964
1807,6382,98.65199999999845,497.13481481481426
1808,563,354.03101676466235,267.1511151846917
1808,818,174.01199999999335,225.85925925925966
1808,2083,142.68191111389683,237.5360493829861
1808,4273,156.3579644445042,449.3668806591813
1808,5952,31.57637300464899,127.93382297565503
1808,6279,141.1335111111157,239.11647736618602
1808,6326,202.80301333344823,242.61912756967362
1808,6382,98.63746666761699,497.17125926374405
1809,563,354.1988544388687,267.17564320570443
1809,818,174.01735111113226,225.84141563782367
1809,2083,142.64858947467474,237.5893762206176
1809,4273,155.78129032664378,449.39373954457795
1809,5952,31.58888677970026,127.93147520422332
1809,6279,141.12783030315654,239.15178451084685
1809,6326,202.71970526324594,242.5713450283551
1809,6382,98.64958222221958,497.17621399176016
1810,563,354.0216899432835,267.17091824584793
1810,818,174.01599999999462,225.83703703703705
1810,2083,142.67599999999447,237.56074074074053
1810,4273,156.23841326031425,449.4774053743489
1810,5952,31.565387262651257,127.93215890669529
1810,6279,141.12847111146039,239.15829218321582
1810,6326,202.7495999999985,242.56296296296264
1810,6382,98.59759999999937,497.1281481481486
1811,563,353.7823374301695,267.0616594244537
1811,818,173.99360000000001,225.8518518518513
1811,2083,142.6732533333336,237.56102469145634
1811,4273,155.93647119664524,449.51102853513135
1811,5952,31.540238197345616,127.93371984152446
1811,6279,141.12988444495613,239.15550206080184
1811,6326,202.70762667024655,242.5814814767566
1811,6382,98.64933333357726,497.1474074089133
1812,563,354.01173018381087,267.17716408889004
1812,818,174.00754042572544,225.83955870876292
1812,2083,142.659705266351,237.56161793725505
1812,4273,156.0843500006456,449.5114814945553
1812,5952,31.51515595505771,127.95037037037038
1812,6279,141.1312000000578,239.1876023383932
1812,6326,202.65223157912828,242.5780701772049
1812,6382,98.64160000000766,497.1348148148118
1812,6490,7.609600000000682,290.31837037037087
1813,563,353.95297514808135,267.1585754978174
1813,818,174.02432000002364,225.82903703736457
1813,2083,142.65040000000226,237.47037037037066
1813,4273,156.19040000000268,449.5496296296293
1813,5952,31.461253770565918,127.91724347219025
1813,6279,141.11343204422724,239.1769592794475
1813,6326,202.6312000001667,242.54212345629455
1813,6382,98.66399999999658,497.1592592592589
1813,6490,26.09456000000023,289.7060740740744
1814,563,353.92095111357094,267.11806586166097
1814,818,173.88723372973232,226.097223674254
1814,2083,142.6694933336421,237.5684773659885
1814,4273,155.84808002819273,449.4361110825926
1814,5952,31.385905824403157,127.88554560790755
1814,6279,141.13188950289555,239.16412113817142
1814,6326,202.65741778037523,242.57386009236924
1814,6382,98.6670222222699,497.16101646031484
1814,6490,43.93824000000109,283.74666666666724
1815,563,353.8785136110903,267.14543500711227
1815,818,173.74343888811268,226.38189565380307
1815,2083,142.6624280721967,237.5391163041334
1815,4273,156.24572500123577,449.53016203951603
1815,5952,31.384677752840844,127.88826134017417
1815,6279,141.11239699259386,239.15619604328663
1815,6326,202.58986902685479,242.49282201925993
1815,6382,98.64663111112009,497.1718724279557
1815,6490,60.786399999998366,280.9226666666669
1816,563,353.81398816574006,267.08697348204157
1816,818,178.75083640225853,239.62754176035884
1816,2083,142.69039999999222,237.56444444444404
1816,4273,155.76639999999884,449.28518518518536
1816,5952,31.378560000065363,127.86041133871295
1816,6279,141.11984000001598,239.16762962961636
1816,6326,202.60223555685002,242.50263785901183
1816,6382,98.67839999999433,497.1444444444446
1816,6490,76.3855223150199,278.88198851285904
1817,563,353.8024000000007,267.0555555555556
1817,818,188.11760037364138,244.52764589144138
1817,2083,142.66966666758663,237.56243210969365
1817,4273,155.96006263684785,449.4028341719054
1817,5952,31.34532737440509,127.85965404510668
1817,6279,141.17094185318138,239.16350491084293
1817,6326,202.7417281768919,242.6817802310488
1817,6382,98.65400888893419,497.1461069964305
1817,6490,91.18117074551039,276.9435012919903
1818,563,353.6960188311923,267.03889324326457
1818,818,187.62808888952236,245.5682304455531
1818,2083,142.68097777781463,237.55446501979094
1818,4273,156.3346000026172,449.5993518899346
1818,5952,31.307671061464365,127.82948148148176
1818,6279,141.1465744361692,239.17930381495634
1818,6326,202.59619115600458,242.54446411310983
1818,6382,98.66168571431899,497.1774470899875
1818,6490,106.20029090947014,276.14207408034844
1819,563,353.83439526678444,266.98071882535214
1819,818,187.48346666721432,245.36921810515832
1819,2083,142.67039999999724,237.5096296296295
1819,4273,155.74639999999818,449.41629629629574
1819,5952,31.264160000287124,127.81232459425729
1819,6279,141.12101333484475,239.136584360645
1819,6326,202.6323555560282,242.58481481358297
1819,6382,98.63839999999868,497.15185185185186
1819,6490,122.34095999999909,274.47362962962904
1820,563,353.70129945027315,266.9912625188886
1820,818,187.46318881614457,245.3403263335574
1820,2083,142.6825333342606,237.53493827084094
1820,4273,156.08206038367598,449.66997217639613
1820,5952,31.290159553501557,127.81107948397863
1820,6279,141.1347244444528,239.17545267477868
1820,6326,202.57460000711376,242.5155555498011
1820,6382,98.64882209994335,497.1638223807491
1820,6490,139.75597333387213,270.6433086510287
1821,563,353.71022012132585,267.0081262233823
1821,818,187.39440000026661,245.23547325102803
1821,2083,142.67549473879626,237.53793372204314
1821,4273,155.77658871478093,449.52952823611025
1821,5952,31.289799329608744,127.80977777777802
1821,6279,141.12977575783248,239.1497979787347
1821,6326,202.5376666674333,242.45191358267436
1821,6382,98.66231160222014,497.16131778184393
1821,6490,158.0446800024299,269.3701234408794
1822,563,353.6135100593867,266.87231645869304
1822,818,187.32515555636837,245.10921810399756
1822,2083,142.68240000000105,237.51629629629645
1822,4273,156.04159999999752,449.7199999999997
1822,5952,31.27320759776353,127.8022222222226
1822,6279,141.12675555558667,239.1452674894736
1822,6326,202.54912707236485,242.43779414650857
1822,6382,98.64641777794532,497.15061728298247
1822,6490,176.8180800024379,271.2005555113195
1823,563,353.6091888270164,266.9169997907617
1823,818,187.34439720307705,245.10445480485643
1823,2083,142.67522222426123,237.49539094899762
1823,4273,155.92553334656145,449.70792172669815
1823,5952,31.272203306760954,127.80725925925962
1823,6279,141.12836243094193,239.1563822385012
1823,6326,202.55902762850155,242.50693676367652
1823,6382,98.65297777794808,497.1765432102022
1823,6490,195.69568000000572,275.66874074074053
1824,563,353.6972952058818,267.1226636003485
1824,818,187.3105777792034,245.04526748365785
1824,2083,142.66515789485652,237.5376218321883
1824,4273,156.04894341250315,449.6861074713596
1824,5952,31.270667865172754,127.81481481481505
1824,6279,141.13747969960855,239.1706432779932
1824,6326,202.4846938156486,242.37830217897383
1824,6382,98.6286342342396,497.1608742074696
1824,6490,214.46495999999343,281.76444444444405
1825,563,353.61149944317276,266.839077182607
1825,818,187.41991111239713,245.27703703503568
1825,2083,142.67599999999447,237.5592592592588
1825,4273,155.97360000000435,449.75703703703675
1825,5952,31.277600000003076,127.80977777777802
1825,6279,141.1178800009793,239.15874074042364
1825,6326,202.586364451372,242.47599999428448
1825,6382,98.64559999999756,497.1644444444441
1825,6490,233.26815999999553,288.77940740740723
1826,563,353.5933644481361,266.9186790069984
1826,818,187.47149652193684,245.37235946492976
1826,2083,142.6807777777924,237.54154320973407
1826,4273,155.82712002738504,449.55846896492415
1826,5952,31.269146666693366,127.8026419754763
1826,6279,141.130620994943,239.16722324460827
1826,6326,202.5741050293277,242.54331056666567
1826,6382,98.65694748611986,497.14000413797277
1826,6490,252.21564800070496,294.39268146746133
1827,563,353.5034823529429,266.8094117647384
1827,818,187.47777777908254,245.3649382756884
1827,2083,142.66979649183327,237.5431578910372
1827,4273,156.06435000020724,449.74500000201954
1827,5952,31.2769200000389,127.8078888891403
1827,6279,141.12134545457025,239.16609427643598
1827,6326,202.53779115282668,242.49516879019285
1827,6382,98.64789285714437,497.15175264549606
1827,6490,271.302752001061,297.0999851641556
1828,563,353.607999999997,266.9051851851847
1828,818,187.46853333352647,245.3920987665088
1828,2083,142.6743999999985,237.53925925925932
1828,4273,155.78560000000152,449.65555555555613
1828,5952,31.274720000278652,127.82243060643084
1828,6279,141.11731712745836,239.14371188668682
1828,6326,202.51908000093977,242.4462798345417
1828,6382,98.6376000000007,497.1496296296298
1828,6490,290.5892480010277,299.7602666461754
1829,563,353.5689333427854,266.86090530639086
1829,818,187.48366433571277,245.35192955271
1829,2083,142.67840000001115,237.54044444444511
1829,4273,155.8594489702216,449.52812721589595
1829,5952,31.323306667192124,127.8402385028845
1829,6279,141.1215602210973,239.16226723939405
1829,6326,202.50564888903568,242.4159876534391
1829,6382,98.64800000003129,497.1586666666672
1829,6490,310.0288800259011,303.7431551363292
1830,563,353.4485727881872,266.74534736288246
1830,818,187.4218666667673,245.22748971180718
1830,2083,142.21985457733695,238.4892256923128
1830,4273,156.03460000041878,449.71560185945236
1830,5952,31.3372000001641,127.86040740837623
1830,6279,141.14226964888417,239.1314069341599
1830,6326,202.54732631631782,242.45294346669243
1830,6382,98.65100000008056,497.14388888862595
1830,6490,329.330777498028,304.63262776596946
1831,563,353.4016000000008,266.62074074074127
1831,818,187.35528889385478,245.13094648930166
1831,2083,132.60448002454268,259.4358518498843
1831,4273,155.7520000000011,449.58296296296265
1831,5952,31.30254933588844,127.83975308892015
1831,6279,141.12522666669634,239.13766666689406
1831,6326,202.47984000059773,242.36555555386664
1831,6382,98.64559999999756,497.15333333333353
1831,6490,347.9944581995801,298.3751808632926
1832,563,353.37944001398114,266.6368518481972
1832,818,187.47376783221625,245.37215229170673
1832,2083,144.8726400022167,268.47703700546856
1832,4273,155.7989333573687,449.5823043750802
1832,5952,31.303508866149063,127.78873174225657
1832,6279,141.13588950343683,239.12766523802452
1832,6326,202.52576002581577,242.37185177496778
1832,6382,98.62892375693946,497.17231430344344
1832,6490,366.1889600110362,288.7895926955386
1833,563,353.2173159810782,266.45662498244184
1833,818,187.46720000009987,245.36452674974018
1833,2083,160.86373333457686,268.97827158980346
1833,4273,156.171275016834,449.6863659048516
1833,5952,31.339967293473595,127.81235686701842
1833,6279,141.12149774529712,239.18284600343264
1833,6326,202.4822947476764,242.45157243301296
1833,6382,98.65409315141846,497.1466971044436
1833,6490,384.14566400438497,278.60320004595616
1834,563,353.231999999997,266.44962962962927
1834,818,187.43244444694938,245.33349793580172
1834,2083,177.54586667724084,273.4039504539629
1834,4273,155.68959999999947,449.3555555555557
1834,5952,31.29896044226939,127.83207448172563
1834,6279,141.12991823224093,239.15559238781435
1834,6326,202.43832889433975,242.33632508954673
1834,6382,98.66159999999695,497.1911111111107
1834,6490,401.463311239188,269.3580012690897
1835,563,353.05377778545335,266.2053497695631
1835,818,187.3967273011658,245.27922807414492
1835,2083,194.34056000803253,278.34881468323823
1835,3319,489.4245335434391,146.33160555484338
1835,4273,155.73601351053412,449.50017222633255
1835,5952,31.238313013162724,127.81325278699684
1835,6279,141.12656000004904,239.1770370361903
1835,6326,202.47780889728233,242.3797530412257
1835,6382,98.66242666698213,497.1441975331834
1835,6490,417.03232951943966,260.8375178887321
1836,563,353.0412307719814,266.11584046121004
1836,818,187.29377778030312,245.12971193437494
1836,2083,210.86792728664818,283.23447790775134
1836,3319,469.08800023725234,188.68696367348937
1836,4273,155.78922501986767,449.66289337799606
1836,5952,31.220608524635054,127.81167455957609
1836,6279,141.141398083073,239.16701455455126
1836,6326,202.4083624436173,242.26277874598256
1836,6382,98.66938053130525,497.17548344608065
1836,6490,431.1611040095784,253.23314824340315
1837,563,352.9416000000026,265.92074074074003
1837,818,187.2807111111115,245.06320987660013
1837,2083,227.2644800107969,288.0092590952352
1837,3319,444.5349456773215,222.46853276901012
1837,4273,155.6120000000078,449.48666666666594
1837,5952,31.215950164004198,127.81383606634233
1837,6279,141.1360000000343,239.1637530866819
1837,6326,202.39874917284055,242.244640885672
1837,6382,98.66399999999658,497.16296296296235
1837,6490,443.6037226891245,243.80491369732505
1838,563,352.8938977823884,265.8081234571388
1838,818,187.23256503768084,244.96588448362732
1838,2083,243.37840000601432,292.3493601638112
1838,3319,415.3744861922007,224.5292055204362
1838,4273,155.5377333339493,449.30259258567486
1838,5952,31.216706784472308,127.79223558099505
1838,6279,141.12736000000154,239.1539259259592
1838,6326,202.40533334217616,242.29646087710012
1838,6382,98.6417333339034,497.15711933492315
1838,6490,454.39180002516423,228.7628889821993
1838,6613,12.164746669060378,276.3119011880941
1839,563,352.867294125582,265.8180217645687
1839,818,187.23893333341834,244.96469135743436
1839,2083,259.4490400040172,296.2321480692318
1839,3319,385.5181818315714,225.8668689635286
1839,4273,155.68018071842857,449.5335003792107
1839,5952,31.2075323076931,127.78029629629661
1839,6279,141.14273082793716,239.16686716569524
1839,6326,202.351389477451,242.22095517299525
1839,6382,98.62961428573271,497.1432936508773
1839,6490,465.04757820102554,211.61648491675166
1839,6613,31.814524446041332,280.15544029823604
1840,563,352.837599999998,265.7866666666664
1840,818,187.22231111118504,244.93209876439238
1840,2083,275.3479238338798,300.08169272519194
1840,3319,354.73840000159953,228.37382718148837
1840,4273,155.96799999999575,449.7688888888889
1840,5952,31.185375280972494,127.75668081523773
1840,6279,141.12559999999803,239.1756584362137
1840,6326,202.35945027962998,242.2419615127267
1840,6382,98.66559999999822,497.1703703703709
1840,6490,475.8076073015389,193.89702367142746
1840,6613,50.60518400178239,281.3124444770405
1841,563,352.88234669596363,265.76871600398033
1841,818,187.2037538464042,244.92687904604728
1841,2083,291.0784000115939,304.0137775978189
1841,3319,323.6408000169888,237.05777794853677
1841,4273,155.60437811880092,449.5090897438789
1841,5952,31.157934396978817,127.75666421104037
1841,6279,141.16293631283838,239.16786674938817
1841,6326,202.3007699659331,242.1204955126597
1841,6382,98.64536444470104,497.1497037023245
1841,6490,486.7219927514577,175.6894546207135
1841,6613,68.44098238077663,279.3607089402177
1842,563,352.8056236867087,265.44157351157935
1842,818,187.23040000029414,245.02065843621358
1842,2083,306.99546667676714,308.6214813256312
1842,3319,293.59893336441587,255.8928397654443
1842,4273,155.5403002942512,449.2757401261216
1842,5952,31.14324721328103,127.75198300079494
1842,6279,141.1027428572595,239.1475856287726
1842,6326,202.32339823208463,242.17957391336608
1842,6382,98.6565765766386,497.15880547268034
1842,6490,496.56918003240094,156.0894628734584
1842,6613,85.92644058071299,277.2248909557093
1843,563,352.69759999999906,265.34962962963004
1843,818,187.2096888889132,244.96748971208592
1843,2083,323.081200006402,313.46785175148017
1843,3319,265.6940001147518,277.44160525296
1843,4273,155.79359999999838,449.7222222222217
1843,5952,31.129564835237034,127.70752299510657
1843,6279,141.13796444459012,239.14018930116754
1843,6326,202.34162210045952,242.16634336081123
1843,6382,98.65040000000249,497.15703703703707
1843,6613,102.91262866287866,275.99856696143286
1844,563,352.75410828796225,265.26597094318595
1844,818,187.1746253552601,244.8682316043842
1844,2083,337.786181851601,308.6685525051898
1844,3319,247.21333358909305,319.4029635394793
1844,4273,155.79760005671233,449.6927402176072
1844,5952,31.121686479400527,127.6934518756656
1844,6279,141.13199999999892,239.12592592592551
1844,6326,202.3270755556439,242.18167078206233
1844,6382,98.64656000008836,497.14888888762255
1844,6613,119.88271999999483,273.8912592592586
1845,563,352.713301780301,264.9997501625847
1845,818,187.15457778435507,244.79703702395784
1845,2083,352.5364800424825,299.4949633347266
1845,3319,225.48754293641764,357.09798987875627
1845,4273,155.4569000018887,449.2014815008356
1845,5952,31.113928839814662,127.69169551895354
1845,6279,141.14508872204965,239.1506377039727
1845,6326,202.3082053360497,242.1089936944385
1845,6382,98.66317142857497,497.1535714285238
1845,6613,137.9764799999964,271.0294814814813
1846,563,352.69759999999906,264.65407407407395
1846,818,187.2064888894556,244.94641975229615
1846,2083,367.83229482103934,290.6016382908629
1846,3319,198.9354668063413,384.7204945394165
1846,4273,155.67599999999402,449.6496296296295
1846,5952,31.088037333411194,127.66783374404244
1846,6279,141.1418400000457,239.16925925969014
1846,6326,202.30952928185388,242.198813176016
1846,6382,98.66399999999658,497.1644444444441
1846,6613,156.98768000782366,269.3136295218197
1847,563,352.6957334550161,264.6129424932937
1847,818,187.2539557005723,244.7481486841221
1847,2083,383.7300800291814,281.9804447022589
1847,3319,173.80945482548782,411.3688228663104
1847,4273,155.78699888269512,449.760587626419
1847,5952,31.041285171418167,127.60659244114936
1847,6279,141.13350666668225,239.1769753088837
1847,6326,202.30762667496833,242.149855962436
1847,6382,98.63353333395253,497.15306995694044
1847,6613,176.5260800151009,271.0899997520677
1848,563,352.70109825871714,264.22081085169305
1848,818,187.90243644293128,243.8294108229262
1848,2083,398.8971200221954,273.873703922999
1848,3319,163.3059637190513,427.2670033820105
1848,4273,155.55652526961126,449.496550352287
1848,5952,31.023483756948735,127.57729977466448
1848,6279,141.11793684353415,239.16057922716072
1848,6326,202.3205288902716,242.13958846361527
1848,6382,98.64512432434367,497.15402736050595
1848,6613,195.38096000659039,281.34414803077544
1849,563,352.75199999999813,264.47037037037103
1849,818,173.98088898299875,235.17242739418043
1849,2083,411.77685390424017,267.1517569095121
1849,3319,161.49146667527248,442.54024690488023
1849,4273,155.8879999999931,449.09629629629563
1849,5952,31.01474844450422,127.58634403328584
1849,6279,141.16430837999587,239.15284502174507
1849,6326,202.28917778072173,242.0988888822364
1849,6382,98.66159999999695,497.1429629629629
1849,6613,214.2223999999999,291.695703703704
1850,563,352.76510222630577,264.0819917799024
1850,2083,424.0859636602693,260.68242445984714
1850,3319,165.1118545548627,442.18969696766976
1850,4273,156.03026232876118,448.2712919915068
1850,5952,30.98612266676014,127.57344197585473
1850,6279,141.1276088889622,239.16824691404327
1850,6326,202.27675555753422,242.0929341544913
1850,6382,98.64608000006001,497.15799177020403
1850,6613,233.5744320012907,296.2577185111701
1851,563,352.92826670892623,263.7434567644639
1851,2083,435.31894876880415,255.008875955278
1851,3319,164.59332830214066,444.80238993681763
1851,4273,156.07200000000034,446.50222222222214
1851,5952,31.005440000000135,127.56814814814743
1851,6279,141.1394666669139,239.16444444248074
1851,6326,202.26529557542676,242.02843002411333
1851,6382,98.67006846850472,497.14380380445976
1851,6613,252.35428803135278,292.4940223982642
1852,563,352.75439999999776,263.7792592592587
1852,2083,445.3995637422622,246.47878816488088
1852,3319,164.58212154739726,444.8065316132974
1852,4273,159.96363638173534,437.0062626598605
1852,5952,30.98813913070785,127.57033816506657
1852,6279,141.1332444446657,239.1580905368902
1852,6326,202.25920000271458,242.01728394782342
1852,6382,98.69039999999814,497.1644444444441
1852,6613,270.0528200502913,279.6856669816836
1853,563,352.7336400053571,265.0201852010545
1853,2083,454.21389101184104,232.10532020589204
1853,3319,164.55015849111874,444.7493640797704
1853,4273,164.37504001303864,426.7637037530374
1853,5952,30.96346202960717,127.57044551803554
1853,6279,141.10322222317677,239.14055555131154
1853,6326,202.30366851773738,242.07914875672265
1853,6382,98.64673333386804,497.16635801573085
1853,6613,288.3289200199738,265.8633334629261
1854,563,352.68297143450127,264.78410054757995
1854,2083,463.2834667538759,217.36716077638206
1854,3319,164.5102683545133,444.6637412085792
1854,4273,169.89120001609308,418.90962968790313
1854,5952,30.968800000317742,127.55185185009665
1854,6279,141.12787969939404,239.18936229186528
1854,6326,202.29036460269185,242.09456571341104
1854,6382,98.66463571429449,497.16098544963637
1854,6613,306.8558399999995,252.46592592592566
1855,563,352.6904000000002,264.85037037037085
1855,2083,472.07616006049875,203.64162983706913
1855,3319,164.4443333421748,444.6086913310023
1855,4273,175.2096888952451,411.47588479747196
1855,5952,30.934397348067936,127.51629629629568
1855,6279,141.14394666685826,239.17806172775548
1855,6326,202.2756243157744,242.0628892828618
1855,6382,98.65439999999808,497.16074074074055
1855,6613,325.0431999999955,239.52977777777784
1856,563,352.68282666719983,264.799292186447
1856,2083,480.7430400791361,189.7222224881705
1856,3319,164.41923018867328,444.5481481481486
1856,4273,181.75152002085042,403.554444541069
1856,5952,30.897302689206757,127.46607407278421
1856,6279,141.12066666689884,239.17098765401602
1856,6326,202.22747263351835,241.91574590840693
1856,6382,98.64951602216934,497.14679353337334
1856,6613,343.0936229415557,239.60334341962186
1857,563,352.68035029607177,264.7556651362657
1857,2083,489.79560007092005,174.14562985693195
1857,3319,164.40600754735328,444.51520614920213
1857,4273,193.16559999999754,392.0888888888898
1857,5952,30.889200000655137,127.45207407213942
1857,6279,141.13143458674813,239.17150654446618
1857,6326,202.23900177173277,241.92084561585904
1857,6382,98.64879279346042,497.1645111771759
1857,6613,360.51574862770855,254.22469808221692
1858,563,352.6935999999978,264.8681481481483
1858,2083,498.34600037614223,157.5499270188163
1858,3319,164.37860000618798,444.4207036852079
1858,4273,206.09003638926424,380.8164984770175
1858,5952,30.893440001140107,127.45414282791012
1858,6279,141.12906666669005,239.17098765446588
1858,6326,202.2573688967782,241.99983539029057
1858,6382,98.6324800000773,497.1476954720162
1858,6613,376.20815999999763,269.63911111111094
1859,563,352.82466019051526,264.93347569980494
1859,3319,164.35578364815342,444.35307709955697
1859,4273,219.14029094920124,368.61138073738164
1859,5952,30.863388765785658,127.39914266438545
1859,6279,141.10960000005548,239.13827160431046
1859,6326,202.22318362021383,241.90030084380055
1859,6382,98.63533333348755,497.1499547307099
1859,6613,391.11679999999296,271.19348148148134
1860,563,353.37130440200326,264.4570550914134
1860,3319,164.3491189877011,444.3711861221698
1860,4273,232.3086800497549,356.3177039858663
1860,5952,30.8574031461103,127.37722596711288
1860,6279,141.11629473991343,239.15766081413724
1860,6326,202.22455929572902,241.85451327165364
1860,6382,98.64952000060043,497.1692592584258
1860,6613,405.98096000000174,264.28814814814825
1861,563,356.0390545517123,264.5950841299287
1861,3319,164.31413922816773,444.3010149356759
1861,4273,245.31403639047085,343.94781159664143
1861,5952,30.79976000435181,127.29874072817981
1861,6279,141.14242666695986,239.15726337407662
1861,6326,202.19364000058704,241.83966666246647
1861,6382,98.6536000000001,497.1481481481481
1861,6613,420.7774399999994,257.6370370370371
1862,563,364.6120000087308,270.6482303973432
1862,3319,164.2884025180365,444.1954810170514
1862,4273,258.73146667990454,331.88724289067875
1862,5952,30.744701344947316,127.23163043798058
1862,6279,141.12335911690934,239.1275629226115
1862,6326,202.16616314168618,241.8209807332774
1862,6382,98.6452800001473,497.1550864183114
1862,6613,435.766960001082,251.146481491765
1863,563,375.4260800012901,276.3417777958244
1863,3319,164.28087044025688,444.21134404861795
1863,4273,271.45640002030973,320.29029641017524
1863,5952,30.70523200763091,127.14009383338065
1863,6279,141.14142556392153,239.17236424403154
1863,6326,202.1134315790107,241.6809486672662
1863,6382,98.63758571431163,497.16936507923947
1863,6613,448.9336000007188,237.27651852537446
1864,563,391.3935111128069,273.6771193765923
1864,3319,164.18996444967888,444.0013168561947
1864,4273,283.07168000588376,313.4419259920498
1864,5952,30.627972608502887,126.95980682912622
1864,6279,141.1440177793338,239.16676543650772
1864,6326,202.10638222226294,241.67810699556225
1864,6382,98.65199999999845,497.1407407407411
1864,6613,461.1288000000002,217.91466666666693
1865,3319,164.1344000004267,443.77258327509895
1865,4273,293.44800000000646,310.41111111111076
1865,5952,30.56919198577475,126.85071293240901
1865,6279,141.14441273894158,239.169554138694
1865,6326,202.06350222236438,241.61901234301843
1865,6382,98.63208000001009,497.15801234592936
1865,6613,473.44316807507084,197.97629652838287
1866,3319,164.12589685912167,443.68953179370266
1866,4273,306.00552727344734,309.2369023656716
1866,5952,30.59884960953127,126.88183736641223
1866,6279,141.15746766951816,239.16057922761325
1866,6326,202.07142857166218,241.46243386116018
1866,6382,98.65514285737049,497.1347619034259
1866,6613,486.0393920500451,176.5514075621315
1867,3319,164.08562667240858,443.56158023858814
1867,4273,318.61560000152735,309.1524691055159
1867,5952,30.57998838167009,126.8754239581933
1867,6279,141.14400000000273,239.14222222222259
1867,6326,202.05452445557057,241.4804567770934
1867,6382,98.66559999999822,497.1666666666661
1867,6613,498.33151999999814,153.27081481481497
1868,3319,164.0737710692065,443.47164220826187
1868,4273,331.52240000000006,308.5866666666672
1868,5952,30.543422572609416,126.78667173975965
1868,6279,141.16369162014166,239.16900889682546
1868,6326,202.10552000000916,241.4907283949148
1868,6382,98.66100000077154,497.1784814836493
1869,3319,164.0736117997335,443.3768709712895
1869,4273,346.8926222423704,301.0190125032839
1869,5952,30.533600000156866,126.70997037037091
1869,6279,141.14609323604554,239.19899748547024
1869,6326,202.07507142859527,241.43257275085995
1869,6382,98.66821333337725,497.18645679072205
1870,3319,164.0671597999983,443.3290916630983
1870,4273,363.9095999999995,289.3422222222235
1870,5952,30.544160003372554,126.71200665834381
1870,6279,141.15019668738,239.14279517321967
1870,6326,202.07173334337654,241.53123456005153
1870,6382,98.68640000000255,497.1688888888892
1871,3319,164.08554465556904,443.18453296145987
1871,4273,381.04959999999437,278.6651851851849
1871,5952,30.584498830609164,126.83900780305346
1871,6279,141.1495022236693,239.18987654503087
1871,6326,202.06506668385487,241.46851850825212
1871,6382,98.65840000570643,497.17485573971686
1872,3319,164.07630188724625,443.13547635732255
1872,4273,396.86000000000377,269.0296296296313
1872,5952,30.634188238334445,126.95649672330656
1872,6279,141.13008721975575,239.14419380945384
1872,6326,202.07595754357612,241.50882333052158
1872,6382,98.63268571433537,497.1432804242335
1873,4273,417.90656002867763,259.11214848681107
1874,4273,438.9073685217113,250.22857811872768
1875,4273,449.5567161286601,236.24588811448731
1876,4273,459.3999200276471,221.38614823771152
1877,4273,468.84640000000104,206.7948148148142
1878,4273,478.41069094600357,191.43804726954139
1879,4273,488.403111155327,175.10436232241
1880,4273,499.1896000344525,158.14496306380897
1887,5702,1.9668945456788833,284.5355084132921
1888,5702,19.765250911058846,287.4760942381487
1889,5702,36.70760000000314,283.92051851851875
1890,5702,53.57300000009104,281.3894666682557
1891,5702,70.04734232145212,279.8166519561869
1892,5702,85.79532088593112,277.50784862404277
1893,5702,101.41000000108933,275.41991921298046
1894,5702,116.62959999999828,274.61629629629635
1895,5702,132.30157818188897,270.9864646466322
1896,5702,148.9397636370552,268.5202929299346
1897,5702,166.5838800006469,268.8799629552634
1898,5702,184.93671999999776,270.8331111111113
1899,5702,202.6720436373267,276.3360269257882
1900,5702,218.84040000938964,284.13486858626237
1901,5702,234.54693818836458,290.7057238212647
1902,5702,250.63579855059405,295.6142840956635
1903,5702,266.6993360022019,299.5034666262011
1904,5702,282.89368800082286,301.2957036938633
1905,5702,299.4788320074741,304.7014443551212
1906,5702,315.23182909196123,312.67819191919364
1907,5702,329.35620364276366,308.79597313906635
1908,5702,344.09723637817876,300.6572122437967
1909,5702,360.17720000000116,291.0469629629613
1910,5702,374.7005599999983,282.8729629629638
1911,5702,387.47119999999995,276.176518518519
1912,5702,398.06559999999536,270.1466666666663
1913,5702,408.0506400003634,264.516214818006
1914,5702,417.5730400032819,259.68756299169127
1915,1748,10.165653333813223,279.7176296330959
1915,5702,427.3409600004396,254.9225454584636
1916,1748,26.352910223494064,280.71155554216574
1916,5702,436.5859360056885,249.77159802169368
1917,1748,42.184730183089414,281.513845119393
1917,5702,444.4274240156324,242.42175561515776
1918,1748,61.64225745620797,280.19209430936587
1918,5702,451.01628000213964,232.5794074150931
1919,1748,83.3722311386714,277.4500498599501
1919,5702,457.5737200192776,222.68444451364778
1920,1748,101.71777542522932,275.9895147102207
1920,5702,464.75824000000097,211.4991111111113
1921,1748,115.65981091040497,274.6870976670104
1921,5702,471.4017599999994,199.70444444444402
1922,1748,127.91882182302174,272.4323098474517
1922,5702,476.93216000000575,189.4544444444437
1923,1748,144.32376436686354,270.449547518304
1923,5702,483.7272799999994,177.46614814814788
1924,1748,163.1072320003875,269.9415703695411
1924,5702,490.79815999999875,164.61288888888936
1925,1748,181.45899200362578,272.8203851313265
1925,5702,497.5672880023228,150.94586667198385
1926,1748,201.04012800241776,278.39161477890804
1927,1748,222.048640004748,285.1010369725733
1928,1748,242.63047467209162,290.6302616399323
1929,1748,261.46419200199716,293.70881478562904
1930,1748,277.82960000032745,295.0525037044631
1931,1748,292.7368000008744,296.6512592412702
1932,1748,309.92321454781404,298.47624237692247
1933,1748,327.30187636481674,301.71675418520283
1933,3716,11.352138182074897,287.57097642667185
1934,1748,343.75039999999893,302.0568888888888
1934,3716,22.646778182356115,288.8546801386933
1935,1748,360.18354909151753,299.5170505174365
1935,3716,35.580945457002706,284.6212054242032
1936,1748,372.6545207302297,297.63830037800807
1936,3716,48.92658586005723,281.61140294285224
1936,6778,4.165760000160503,289.54577777777723
1937,1748,379.3123040019441,295.3966370606382
1937,3716,61.332972124312164,280.23226941060784
1937,6778,17.69024000037632,291.087407407407
1938,1748,380.2428480002777,295.4820839516619
1938,3716,73.45125821835722,278.9297928919532
1938,6778,30.613025456510172,289.2880808290614
1939,1748,379.650240000085,296.3330288065844
1939,3716,85.64571875202603,277.32362807145415
1939,6778,42.26735273237069,283.35329972260206
1940,1748,379.63161600017423,296.28905679008244
1940,3716,97.86237459860729,276.2287319245804
1940,6778,54.382853334526544,281.5145926167384
1941,1748,379.6579840001175,296.3858567900706
1941,3716,109.753090909428,276.32311110416686
1941,6778,66.67775377241014,279.91829974938275
1942,1748,379.76701333337587,296.62013168693744
1942,3716,121.81076001609313,274.56333359750306
1942,6778,77.90262667265097,278.3079529871795
1943,1748,379.7645866666926,296.552098765249
1943,3716,134.654608008085,271.0584593934493
1943,6778,88.5904641421331,276.9303250035282
1944,1748,379.6923377777796,296.50584362140563
1944,3716,148.01782400084164,268.9177629719519
1944,6018,6.594341882848767,191.24045776673037
1944,6778,99.12535927315675,276.08766397700026
1945,1748,379.7121600000003,296.6075555555556
1945,3716,161.55314254960615,269.3920538129597
1945,6018,17.146894588563555,216.77032986917854
1945,6778,109.31182363697987,276.00036532420734
1946,1748,379.7793599999977,296.67170370370366
1946,3716,175.19664242891395,271.3170829739624
1946,6018,27.396159999999554,242.8472592592592
1946,6778,119.89146000102892,275.2200061908927
1947,1748,379.7799200094141,296.66465924763276
1947,3716,189.41744000174083,274.0136592265019
1947,6018,39.07040002246163,265.6454073100509
1947,6778,131.31648000033067,272.93970371008027
1948,1748,379.70217601757895,296.5357456570965
1948,3314,6.567040000002178,287.74888888888836
1948,3716,202.5062320014257,277.1573999734782
1948,6018,53.50590547132924,278.20237033947114
1948,6778,143.3539200007715,271.09874075561936
1949,1748,379.70486400753316,296.56618764487774
1949,3314,22.102850916888883,288.3691583015251
1949,3716,214.808728002198,280.78304441009516
1949,6018,69.3163002901997,279.7406247011953
1949,6778,155.50255999999763,270.02444444444416
1950,1748,379.77160800273623,296.68169629149577
1950,3314,37.1149963758603,285.22573746278357
1950,3716,226.58856000071637,285.49304443381993
1950,6018,84.82237470128325,277.7119887176804
1950,6778,167.83960000115485,269.9409444292202
1951,1748,379.8220265036264,296.7673276273928
1951,3314,51.88928000151918,281.3024000298399
1951,3716,238.17744000000005,290.37770370370276
1951,6018,99.7812735107982,276.40682595466416
1951,6778,180.3063920040444,272.75080365125007
1952,1748,379.8730985567613,296.8573822064033
1952,3314,66.0406258664375,279.62727253108443
1952,3716,249.79208000000085,295.548148148147
1952,6018,114.63831272906533,275.83046467693185
1952,6778,193.3631134583726,276.88917099372844
1953,1748,379.86816000723024,296.850407387083
1953,3314,79.2707339929575,277.8333439286869
1953,3716,261.03336800583804,299.9825777346483
1953,6018,130.06000000291692,273.44589904089037
1953,6778,206.5452007296335,281.23779659623983
1954,1748,379.82563959731806,296.7576145856188
1954,3314,92.0313127924237,275.9232897827004
1954,3716,271.5733520025026,305.8814222037385
1954,6018,146.30014545569338,270.3624916029448
1954,6778,219.92000654788853,285.23954339618564
1955,1748,379.82546639500015,296.7400229015029
1955,3314,104.6064960001661,275.28213333386907
1955,3716,281.8871927277354,308.9187138140674
1955,6018,163.05471999999781,269.96148148148126
1955,6778,233.14320727425863,289.5239124351363
1956,1748,379.81384800259434,296.7455925919833
1956,3314,117.43054400024901,274.7657925933964
1956,3716,293.20806545473886,307.3538720578803
1956,6018,180.5505600027379,273.09651847853564
1956,6778,246.17388363728023,293.70720537467673
1957,1748,379.8326629316364,296.78444061723883
1957,3314,131.32678400071768,271.34595556935557
1957,3716,306.4680800005675,306.3297037037036
1957,6018,198.79248000182656,277.69007404741797
1957,6778,259.23651636668524,297.4081413731262
1958,1748,379.8517806199345,296.81061473275093
1958,3314,146.17847418324232,267.6297616428349
1958,3716,319.2175200002425,307.2356296296286
1958,6018,217.50895999999898,282.5404444444446
1958,6778,272.11527272969306,300.99251848513387
1959,1748,379.88868800025443,296.89237777540865
1959,3314,161.76523636474485,266.8395420845402
1959,3716,331.3962327465435,305.9825590923502
1959,6018,236.30944,287.2491851851866
1959,6778,284.8786727292026,304.06877269484346
1960,1748,379.85077289365336,296.86288593461654
1960,3314,178.0550836374823,268.1606531764138
1960,3716,345.4560654628028,299.9377105104788
1960,6018,254.88256000000092,291.8998518518523
1960,6778,297.9346000028483,307.37912958605216
1961,1748,379.86468948454217,296.8719618175466
1961,3314,194.55234909479032,272.2999561818702
1961,3716,359.020000000001,293.7309629629632
1961,6018,273.29743999999897,295.6503703703701
1961,6778,310.455740000067,311.6854999986414
1962,1748,379.83456001323475,296.82083699123774
1962,3314,210.96756364164776,279.36802687506224
1962,3716,371.8275840059266,287.495274127219
1962,6018,292.1854399999984,298.57999999999964
1962,6778,320.39806000016597,313.97851234251027
1963,1748,379.75812509963134,296.7164688833366
1963,3314,227.93695999999954,284.8820740740745
1963,3716,383.3695360025405,281.5940592820363
1963,6018,312.38590545537136,300.854074060136
1963,6778,330.3778836387431,310.2404107968384
1964,1748,379.797967838316,296.7699488232378
1964,3314,245.0789333425496,287.55150625665783
1964,6018,330.9689876434618,298.4177630197238
1964,6778,341.81106182372105,303.3042424765713
1965,1748,379.7610080125628,296.72337034264064
1965,3314,261.650945474496,283.811501863116
1965,6018,348.0547578279766,290.80286340182715
1965,6778,353.4360800000019,296.78651851851924
1966,1748,379.72783462008465,296.68474606823514
1966,3314,277.795418191007,274.5579933468245
1966,6018,364.1373818268505,282.5036903231506
1966,6778,365.0725200021691,290.4645740923508
1967,1748,379.7928461855827,296.7894356627525
1967,3314,293.955898191017,264.5885387867055
1967,6018,378.08661818518203,275.8658855543572
1967,6778,375.6962533383887,284.63173461054515
1968,1748,379.85236000165855,296.87999999755885
1968,3314,309.9700509351453,253.18443116021228
1968,6018,391.16880000509013,270.4906801867104
1968,6778,385.11055999999536,279.5370370370369
1969,1748,379.80777600933607,296.85532587968845
1969,3314,326.13634911612394,242.62223576113672
1969,6018,403.8302400033956,264.32707074175755
1969,6778,394.12152000000276,275.125851851852
1970,1748,379.7830506721561,296.81095799495137
1970,3314,342.04679274913815,241.333548662664
1970,6018,416.30589091364527,257.16626266783373
1970,6778,402.0079366874546,271.27792541014276
1971,1748,379.8392960000308,296.8485851856397
1971,3314,357.91789092652374,253.1797978672401
1971,6018,429.13949091601467,250.30048491709488
1971,6778,408.9648307107257,267.5871522882407
1972,1748,379.8584854486921,296.90948365590384
1972,3314,373.405003637398,265.5987205226835
1972,6018,441.05170911011106,242.44599336017015
1972,6778,415.6038097045314,263.9710275470775
1973,1748,379.91110763413303,296.96812408021714
1973,3314,386.4649454561038,269.5070437469924
1973,6018,451.49544002665493,231.19388428274235
1973,6778,422.1117903964438,260.3368417680114
1974,1748,379.97180800251385,297.0127037029362
1974,3314,398.7513066716474,265.24098770874406
1974,6018,461.438384028429,217.76794084675987
1974,6767,10.06127999999876,290.35777777777724
1974,6778,428.2574400000027,256.7096296296303
1975,1748,379.9942681527227,297.05080896135905
1975,3314,411.9569600074726,259.30325934089325
1975,6018,470.223456012028,205.25422226488166
1975,6767,25.041475717422372,289.69800428487935
1975,6778,434.57840000000266,252.88377777777882
1976,1748,380.02307299008635,297.10047346342105
1976,3314,424.840640000001,252.38296296296303
1976,6018,478.0668640110184,193.48888892854933
1976,6767,39.40602847120204,284.67769691668775
1976,6778,441.73839999999984,248.13325925925866
1977,1748,379.9806720005722,297.05314814511485
1977,3314,436.80832000000237,246.8214814814813
1977,6018,486.53897600734354,181.8620741005137
1977,6767,54.25386368409818,281.2325980501438
1977,6778,448.5453236428276,241.78539395742172
1978,1748,379.9957035333398,297.0649975776072
1978,3314,446.587185466434,239.2649832053846
1978,6018,496.491800002384,170.8370370517387
1978,6767,68.05904262375748,279.5750111440418
1978,6778,453.84428365418955,233.25568355538428
1979,1748,379.94535257753114,297.0201053823043
1979,3314,454.4043781996504,226.1785859191885
1979,6767,80.96350579814043,278.02235081181624
1979,6778,459.06829091549866,225.5853266264789
1980,1748,379.9520400003928,297.0350592572928
1980,3314,462.56128000000444,213.78444444444278
1980,6767,93.75825182222457,276.58738993551646
1980,6778,464.33208000000036,217.51481481481161
1981,1748,379.9475428187236,297.02325523565577
1981,3314,470.02000000000294,202.04266666666547
1981,6767,106.71818173143947,275.6027237108645
1981,6778,469.5695999999987,209.12229629629618
1982,1748,379.94147299008546,296.9967117217636
1982,3314,476.88671999999764,190.83866666666904
1982,6767,120.36315976939932,274.7630034598301
1982,6778,474.3254400000012,200.68296296296205
1983,1748,379.96204000059265,297.0136444366118
1983,3314,483.6327360107566,179.75413336538602
1983,6767,134.84692171137795,272.2453383396699
1983,6778,478.5825600000004,192.46066666666462
1984,1748,379.9741466670923,297.0302617228937
1984,3314,490.92318401613625,167.15082967770823
1984,6767,150.144900570657,269.083654597307
1984,6778,482.8992600024958,184.7892037103911
1985,1748,379.97880000002056,297.01636543191245
1985,3314,498.3920727418365,154.0360135110357
1985,6767,166.32744796545464,268.8445929646506
1985,6778,487.89147337527197,176.66431496872104
1986,1748,379.9568400057217,296.98513331077095
1986,6767,183.15053968037319,269.7911343366648
1986,6778,492.92344008427045,169.32037069308947
1987,1748,379.9401212410203,296.98383304907014
1987,6767,200.3167853770617,272.5975828197602
1987,6778,498.38248002453383,161.43885192770279
1988,1748,379.8744808248034,296.9126689563213
1988,6767,217.57817025136774,278.6775790425187
1989,1748,379.8952960000213,296.93065185211196
1989,1782,3.5128000000008797,290.3183703703705
1989,6767,235.12571534413723,285.2568391610768
1990,1748,379.9001618704608,296.9214878993407
1990,1782,20.33482182202988,289.7572121513354
1990,6767,253.03482264342165,292.01696171965773
1991,1748,379.88146969140865,296.9168339080865
1991,1782,36.59640728813656,285.78973749422954
1991,6767,271.121914239211,298.07267494290477
1992,1748,379.89588000535264,296.94252589837754
1992,1782,53.052480000005744,281.6832592592593
1992,6767,289.3003143735416,303.12206930443256
1993,1748,379.86049622670294,296.894940368591
1993,1782,69.4216973533719,279.7134517806308
1993,6767,307.45158600183913,308.4844760409069
1994,1748,379.80237525987036,296.83701869418445
1994,1782,84.81030941347058,277.51380712252296
1994,6767,324.8801233385325,311.555638994399
1995,1748,379.7808960011696,296.8206666726283
1995,1782,99.96587200009799,275.92394074113025
1995,6767,341.06750456308305,306.6863212811144
1996,1748,379.8232167160006,296.8452457668553
1996,1782,115.20396800039748,275.75991111266984
1996,6767,357.4865020728828,297.22905178506664
1997,1748,379.7430795879245,296.73799923286737
1997,1782,131.6604218183727,272.3149494962327
1997,6767,373.62424992858337,287.77082736651226
1998,1748,379.74659200317427,296.72691849807364
1998,1782,149.14567272822637,269.7656431021258
1998,6767,387.8757386069424,279.36809857249114
1999,1748,379.7935855968126,296.7977929378316
1999,1782,167.17390545545527,269.60351514776136
1999,6767,400.5850970530571,271.42692085608377
2000,1748,379.7834606186848,296.80533028039855
2000,1782,185.10803054746702,270.36090906758625
2000,6767,412.78941152508196,263.03958415282835
2001,1748,379.7854160000088,296.7938148148033
2001,1782,202.6386967344888,274.94518509118706
2001,6767,424.69775130856306,255.66424814156298
2002,1748,379.77373465455685,296.7881010533917
2002,1782,220.29863758335867,281.4901480536176
2002,6767,436.3232382295098,249.71613308818496
2003,1748,379.79659155662034,296.8312274296958
2003,1782,238.35386667129683,287.22133325971
2003,6767,446.5832000044759,242.5089630152184
2004,1748,379.8256560102868,296.8662370061992
2004,1782,256.6783999999984,292.51407407407373
2004,6767,454.8858833885379,231.9897257875396
2005,1748,379.84961396854374,296.9189260404148
2005,1782,275.0822400000027,297.566518518519
2005,6767,462.46862395018184,220.38486871348374
2006,1748,379.8241088660541,296.90863382850455
2006,1782,293.6012799999958,302.60311111111207
2006,6767,469.96496547449397,207.95340935276664
2007,1748,379.8340135777903,296.89597111739886
2007,1782,311.8819199999962,308.10370370370333
2007,6767,477.51372787108494,195.68742757330293
2008,1748,379.8799898089965,296.94141945925435
2008,1782,328.6039600394975,309.91974107272637
2008,6767,485.34986423115583,183.07745028683954
2009,1748,379.86744494924324,296.9041146985558
2009,1782,344.577920158016,299.7271124390526
2009,6767,493.811187369115,169.78004685176407
2010,1748,379.8177680088122,296.827688871389
2010,1782,361.86344727455435,289.8556767871801
2011,1748,379.82711462110046,296.856255946349
2011,1782,377.6457890982227,282.23441085242507
2012,1748,379.8573261879392,296.9289805152553
2012,1782,392.10287999999764,274.7645925925928
2013,1748,379.8556720018905,296.9094222164952
2013,1782,406.1262770207452,267.3988101912055
2014,1748,379.88594656093596,296.94252379886035
2014,1782,419.44030808298174,260.42412965371597
2015,1748,379.929372373116,296.9826636050776
2015,1782,432.6037440027153,253.42337779854728
2016,1748,379.93373600213323,296.9667851813149
2016,1782,444.96558401814696,244.74791121934402
2017,1782,454.909645370941,229.87218037499056
2018,1782,464.81470064587717,213.94781606720105
2019,1782,474.530429114252,197.97131321188388
2020,1782,484.38480000000027,181.7125925925953
2021,1782,494.8004800000001,164.87066666666684
2023,1357,12.441600000001927,289.76044444444415
2024,1357,27.174400000000105,290.01214814815125
2025,1357,41.620352001526726,284.23368891811765
2026,1357,56.48388800038333,281.1415703776767
2027,1357,70.80798856956221,279.3890856786223
2028,1357,84.66006746153653,277.57213430306683
2029,1357,98.29581757978531,276.01335460974184
2030,1357,111.43327999999543,276.25851851851826
2031,1357,125.1961920006511,273.75911112429276
2032,1357,139.6641760013199,271.60982224907616
2033,1357,154.35628654636503,270.4231676754556
2034,1357,169.2941818193708,271.6216834786145
2035,1357,184.60897454571978,273.93043770512105
2036,1357,200.38560000000075,276.5829629629626
2037,1357,216.32159999999317,282.30888888888984
2038,1357,232.47624728314463,291.0887137146039
2039,1357,248.46634182077992,299.9738450953173
2040,1357,264.62172800383655,307.34109624206263
2041,1357,279.49699927468373,310.5118397376636
2042,1357,294.6855709101738,309.81648486214783
2043,1357,311.3700072729364,307.8222895644191
2044,1357,327.182792744718,301.04971054185216
2045,1357,341.8330181861802,294.20379800583316
2046,1357,358.0234880036721,287.8984296827276
2047,1357,372.94596800444424,282.8085037597892
2048,1357,386.45196800536496,276.65420746827164
2049,1357,400.08185600112375,270.55737779031784
2050,1357,414.05858927794725,264.9353119831341
2051,1357,428.00770703973285,259.08944969722916
2052,1357,441.705940411166,250.7209181700436
2053,1357,453.1494497452752,234.91666459778804
2054,1357,464.2897988387642,217.29883295537113
2055,1357,475.27915637375145,199.62331316797787
2056,1357,485.985789128398,182.02498329577875
2057,1357,496.67633458369437,164.8280001317457
2074,4980,23.336848020228445,291.74256317918855
2075,4980,46.57067200225526,282.8044000240253
2075,6827,487.9538401376607,155.59103732602674
2076,4980,69.47849454827065,279.47771049386927
2076,6827,466.3938667634113,197.6494324029989
2077,4980,92.82087272758419,276.0329966392367
2077,6827,441.7072000534205,231.44271629973633
2078,4980,116.84424000000149,274.60125925925973
2078,6827,412.978000023935,251.83938295989373
2079,4980,139.6869840029655,271.1646148741409
2079,6827,386.0153575896078,263.2087655454103
2080,4980,161.72877600235438,267.21980745506005
2080,6827,366.13500202210787,266.6161316735005
2081,4980,183.09776000117722,266.5398444307565
2081,6827,357.1971111115488,266.87650206262646
2082,4980,203.63480000010668,273.49551110908175
2082,6827,356.7210056739981,268.1435463563604
2083,4980,224.07599999999775,283.4938518518524
2083,6827,356.76256123263386,269.4083859011878
2084,4980,244.67223999999874,293.8185185185178
2084,6827,356.2591066718568,270.2869506393222
2085,4980,265.40053601528655,304.47871836318853
2085,6827,355.88118666878756,270.25607405737185
2086,4980,286.2174640036307,314.48283700179803
2086,6827,355.9046537402282,270.21485519726076
2087,4980,307.1527418194518,310.014222220224
2087,6827,356.087018184661,270.28755890105094
2088,4980,329.4849890910274,310.1740740740739
2088,6827,356.25222222272447,270.3100082352732
2089,4980,350.63752728500793,303.9127745444574
2089,6827,356.4237852327239,270.27035719813375
2090,4980,372.11355636500514,293.9654276242809
2090,6827,356.61133538632726,270.1517138110947
2091,4980,375.4543999999982,296.66051851852114
2091,6827,356.755440885425,270.08073051165303
2092,4980,376.51087999999623,298.40740740740745
2092,6827,356.8454614535369,269.973574828793
2093,4980,376.24135999999964,298.21088888888835
2093,6827,356.90649015224665,269.8120179803145
2094,4980,376.4890269156757,298.2054741153457
2094,6827,356.99127498615155,269.7099569640058
2095,4980,376.5229176784476,298.3579444217268
2095,6827,357.025904726882,269.7068520777568
2096,4980,376.54407150852364,298.44878129554854
2096,6827,356.95115679096716,269.8260278546076
2097,4980,376.54767082716654,298.78954705976923
2097,6827,356.8634476204181,269.96105231948286
2098,4980,376.3964634389612,298.83495093275127
2098,6827,356.74215272505876,270.119683817442
2099,4980,376.4937246928821,299.150255741218
2099,6827,356.63331036661816,270.2715134644276
2100,4980,376.4588800246861,299.8975240433801
2100,6827,356.58193097512765,270.32602511907334
2101,4980,376.2392615587504,300.7258212009867
2101,6827,356.49538828867543,270.3874076160069
2102,4980,376.04530461733475,301.00290599116033
2102,6827,356.48809418568135,270.43516896852003
2103,4980,375.89690921795346,301.19397628617617
2103,6827,356.39655095566525,270.4774627224591
2104,4980,375.6642521353268,301.34328131574773
2104,6827,356.1572441043438,270.50237584951554
2105,4980,375.47223999999744,301.4024444444441
2105,6827,356.04075128777595,270.47152663837124
2106,4980,375.2523559550707,301.4854074074078
2106,6827,356.0815461379548,270.4818515110141
2107,4980,375.23075374109794,301.51103496291734
2107,6827,355.9570827849854,270.4303059408084
2108,4980,375.10732379895046,301.48462528394515
2108,6827,355.9880714567697,270.4057308513743
2109,4980,374.9939058566963,301.4679603087389
2109,6827,355.98834259403134,270.4266715839942
2110,4980,375.0940428730928,301.46045426707514
2110,6827,355.9710890882684,270.43048961279845
2111,4980,375.04664000001526,301.5013120523833
2111,6827,355.97084906222847,270.40480812895515
2112,4980,374.8634382022635,301.43925925925896
2112,6827,355.76744444759925,270.3134073694062
2113,4980,374.8378380262642,301.41832590378283
2113,6827,355.7842254692531,270.32636432365484
2114,4980,374.75547733375265,301.3863489687327
2114,6827,355.65904826320315,270.2638220769984
2115,4980,374.68460067560727,301.3359461406704
2115,6827,355.7451591569844,270.3004786134955
2116,79,483.933289180975,156.88373181148995
2116,4980,375.06931742819063,301.4266052754031
2116,6827,355.7415168428377,270.2737026949404
2117,79,460.3159774800173,202.16556884731185
2117,4980,374.7952826688635,301.22172589671914
2117,6827,355.6652627023282,270.22475442334405
2118,79,433.208173661177,238.89554659910584
2118,4980,374.61600001864554,301.12614610190394
2118,6827,355.8029577794372,270.3330684809422
2119,79,400.02880000000005,256.53192592592535
2119,4980,374.73176000206985,301.2784853693473
2119,6827,355.6556412865206,270.2572145002184
2120,79,369.76504000025164,270.30320987469867
2120,4980,375.01520005343025,301.44009584538355
2120,6827,355.7202857267697,270.3047618491294
2121,79,350.3563200022638,273.90829627969794
2121,4980,375.1327062801897,301.51630299163924
2121,6827,355.7073333412916,270.2674320457823
2122,79,350.20079999999956,266.2402222222224
2122,4980,374.8302884903245,301.26438680651677
2122,6827,355.7033034416236,270.24989334935646
2123,79,349.92559999999514,267.7185185185187
2123,4980,374.48780045438014,301.2015652546212
2123,6827,355.7837345683197,270.34060110137625
2124,79,349.78720000000465,267.57733333333357
2124,4980,374.39340802775916,301.1061775148687
2124,6827,355.5185644679881,270.17851016817195
2125,79,349.86414089568484,267.70470264814514
2125,2216,2.4704977779362025,286.3136131659862
2125,4980,374.62794237274466,301.23391232360876
2125,6827,355.6003310498767,270.2390165297239
2126,79,350.0799578208989,267.8481716750316
2126,2216,24.307346668506398,289.2817036871105
2126,4980,374.9654744855178,301.4695902614251
2126,6827,355.7237388180482,270.2923967133659
2127,79,349.8952449241,267.70490923513626
2127,2216,45.462472003991365,283.2692297105104
2127,4980,374.9589600420898,301.391362701666
2127,6827,355.66560003836685,270.21349063705014
2128,79,350.09631986177453,267.93347914324727
2128,2216,65.9276040892513,280.2555619780405
2128,4980,374.5578800399113,301.09795757982494
2128,6827,355.72864298247,270.3045756927336
2129,79,350.0557276861605,267.84117379792536
2129,2216,85.60171676961659,277.41912378408415
2129,4980,374.8916222261448,301.3953291719029
2129,6827,355.6404772338169,270.2733663816108
2130,79,349.99960118640274,267.7748610626045
2130,2216,104.01447200388304,274.97797776685974
2130,4980,375.10104749214804,301.52460269592217
2130,6827,355.71348430129603,270.33515628133256
2131,79,350.1021353008781,267.85864346039756
2131,2216,121.80221602191524,269.50313349905673
2131,4980,375.0632190085065,300.97061238562304
2131,6827,355.734816067897,270.3401692440881
2132,79,349.94705990129717,267.7729825818118
2132,2216,137.09688081819198,251.66034540977745
2132,4980,374.2136948637829,300.69319128345495
2132,6827,355.6980367546174,270.2567255177015
2133,79,350.0342822258182,267.8586343852789
2133,2216,144.2027664686714,236.59734439442693
2133,4980,380.131760002642,293.9274518729997
2133,6827,355.82077846810023,270.3509595397868
2134,79,349.77435468689464,267.5799340624141
2134,2216,144.1183493316879,236.53624739382485
2134,4980,383.0966293418515,292.03343540574076
2134,6827,355.76801176868,270.33289210657864
2135,79,350.0508808181877,267.86004901429305
2135,2216,144.0339321489165,236.47515072217652
2135,4980,382.98206400127646,292.9215111171477
2135,6827,355.8312168016073,270.36891110789264
2136,79,349.8690023593724,267.72893859920276
2136,2216,143.94951492035375,236.41405437947972
2136,4980,384.25681780935633,294.66639507488446
2136,6827,355.7509139238931,270.3337309133438
2137,79,350.1519358385275,267.8865635000092
2137,2216,143.86509764601212,236.35295836572823
2137,4980,396.63533422892385,276.20810706361755
2137,6827,355.7083432179808,270.32085178585487
2138,79,349.9670692984063,267.7245289487198
2138,2216,143.78068032586896,236.29186268091695
2138,6827,355.70653101494827,270.30240320477895
2139,79,349.9812495570285,267.7673170071542
2139,2216,143.6962629599492,236.2307673250428
2139,6827,355.7080581429574,270.29703490134074
2140,79,350.02568368973294,267.79408154537145
2140,2216,143.61184554824715,236.16967229811036
2140,6827,355.7123190364564,270.3113545700653
2141,79,350.00971878922087,267.7935762862822
2141,2216,143.52742809075835,236.10857760011018
2141,6827,355.71581177714506,270.2865335420084
2142,79,350.05213953675934,267.8454336838394
2142,2216,143.44301058748556,236.0474832310444
2142,6827,355.73861166240596,270.2804520307574
2143,79,350.037543023418,267.81433484054907
2143,2216,144.72209299580126,235.85101704370382
2143,6827,355.71556614236215,270.27108552950693
2144,79,350.0274166387095,267.771696743931
2144,2216,158.84654310569942,234.76043351158228
2144,6827,355.7939921975077,270.1625745850473
2145,79,350.0107050805849,267.72866340637466
2145,2216,178.26470402545226,236.9262960925962
2145,6827,355.8838835894278,269.2842068327064
2146,79,349.9850479301204,267.74054400174884
2146,2216,198.86104800820476,242.1476541925358
2146,6827,355.5134000692164,267.9822533047529
2147,79,349.95295039262265,267.7255093169799
2147,2216,219.5619600092118,247.10481466139987
2147,6827,359.13799999999867,268.0692592592577
2148,79,349.903471612393,267.7099402207597
2148,2216,239.71384000039396,248.46000000683955
2148,6827,372.187018182413,271.66558923602537
2149,79,349.91351418629625,267.717532681095
2149,2216,259.64924800371534,246.0732889551438
2149,6827,386.5042909098406,273.6307407544119
2150,79,349.9008270583329,267.68856617061965
2150,2216,279.6048320020617,242.12626670895943
2150,6827,396.7467272731653,272.3260269447687
2151,79,349.88006435100147,267.6436057347091
2151,2216,299.95644800017146,239.8689629665298
2152,79,350.00914367034625,267.7532616614005
2152,2216,320.01712291617366,238.01204039995883
2153,79,350.11920774649866,267.8882647507459
2153,2216,339.6730182313121,240.35888182924415
2154,79,350.20209785740127,267.9697813087512
2154,2216,358.89839999999367,254.6642222222224
2155,79,350.08355235674003,268.1063823636562
2155,2216,378.0536000009005,267.8915777892743
2156,79,350.32602681384736,268.01235822584937
2156,2216,397.4932480090854,266.37651863395797
2157,79,350.332405510415,267.98820403106373
2157,2216,416.60083200824204,258.71849640400035
2158,79,350.41120550935545,267.995037031761
2158,2216,435.0694836484996,250.00682159160093
2159,79,350.3863894763049,268.0008564152183
2159,2216,450.78964884336017,236.33063138371546
2160,79,350.3319157322244,267.9589869815966
2160,2216,463.6183618445142,215.69635988633328
2161,79,350.3513872799999,267.9032781922719
2161,2216,475.63301605313995,195.6245705291564
2162,79,350.4058962026533,268.07437354432983
2162,2216,488.14698406156936,174.52068908950346
2163,79,350.4023739856654,268.0373778930023
2164,79,350.33608585429874,267.954533417591
2165,79,350.3641964947258,267.96282528038074
2166,79,350.29721425372827,267.9478503282333
2167,79,350.39547815386186,268.0170764675303
2168,79,350.3802819081187,268.0278903114204
2169,79,350.2773916485779,268.0798854623019
2170,79,350.211248593136,268.2113502846506
2171,79,350.2959134873066,267.94882463075265
2172,79,350.31104453806904,267.9655044881586
2173,79,350.4290480354774,268.003736335475
2173,5251,3.773294545956105,290.56983164039974
2174,79,350.3187150283014,267.9536822760309
2174,5251,21.449789098504652,291.88241077263746
2175,79,350.3529398138119,267.9784211329832
2175,5251,38.05945699244376,286.14726277921056
2176,79,350.6001137719346,268.01946370221066
2176,5251,55.210846062775545,281.42657243193867
2177,79,350.60189412622606,268.0861502633598
2177,5251,72.45209970167593,279.2789786748984
2178,79,350.5441867511633,268.0034279781367
2178,5251,89.38515516632151,277.05342303940796
2179,79,350.51079974687127,267.9724191275652
2179,5251,106.28959999999893,275.2970370370371
2180,79,350.32103696043237,267.89046749959124
2180,5251,123.25895272842672,274.14137375432034
2181,79,350.1924739118238,267.7597460144787
2181,5251,140.6929454594581,269.9611852585744
2182,79,350.1316314948491,267.7049291150038
2182,5251,158.6334545477132,268.6895622949721
2183,79,350.2632061589219,267.791977160857
2183,5251,176.87003345970422,272.1300201226826
2184,79,350.28779368642745,267.7450613513208
2184,5251,195.0400320042274,277.2638517865167
2185,79,350.06494773304723,267.5692892527415
2185,5251,213.2576800065453,282.9020369387063
2186,79,349.9766964360475,267.28978828768214
2186,5251,231.86132000520956,288.6190616429569
2187,79,349.99711203977597,267.19120517492746
2187,5251,250.74800000290566,293.4928394536742
2188,79,350.0973478735864,267.4442446532621
2188,5251,270.00400000000127,297.94711111111206
2189,79,350.5109859360101,267.6981778965994
2189,5251,289.2751040009193,302.09687405862763
2190,79,351.13593618609,267.62963456101875
2190,5251,308.7003760054438,306.67219991363237
2191,79,351.66072469850917,266.7710980973632
2191,5251,327.84752005619794,312.24488912759483
2192,79,351.7690827413543,266.28013222828883
2192,5251,345.9126402028483,311.96490262418865
2193,79,351.7760034344326,265.67381280759525
2193,5251,362.99648002618477,297.7916051041292
2194,79,351.7489806645142,265.41293810980693
2194,5251,380.3102400000023,283.6560000000008
2194,6497,499.17989096630896,115.36754221454682
2195,79,351.73332591209254,265.2898858480022
2195,5251,397.37176595642273,271.02557971658615
2195,6497,488.22501102249873,141.76828308493273
2196,79,351.7339194762661,265.28976683907655
2196,5251,413.95682382567315,262.4907633107898
2196,6497,477.13112005618825,167.64000012964476
2197,79,351.8389321719093,265.5608850926625
2197,5251,430.8514472766967,253.80137376849987
2197,6497,465.3528629117716,191.74563600008642
2198,79,351.8658023913588,265.49538704647466
2198,5251,446.97007711935163,242.86124326562876
2198,6497,452.8433731128303,212.30962777887052
2199,79,351.87746847861376,265.47219488379056
2199,5251,459.82460539881913,222.70861010359243
2199,6497,438.459712905518,222.9974696295125
2200,79,351.98141657158544,265.492482384037
2200,5251,472.911413393864,202.19313601506818
2200,6497,422.44902595219,225.7824079430937
2201,79,351.1214653598165,266.04414503693863
2201,5251,486.321440000006,181.5930370370342
2201,6497,405.76150324950504,225.344559691802
2202,79,351.08183273072825,265.39256565013017
2202,5251,499.44656000000464,159.76562962962905
2202,6497,388.418795805768,221.36738371837606
2203,79,355.2024177811546,264.747576468388
2203,6497,371.16619580611996,217.31582815965078
2204,79,361.1513142972604,268.50450786569627
2204,6497,353.7943527310006,213.53026929928353
2205,79,367.23010062033666,272.7182156182857
2205,6497,336.416472728871,215.3676767400534
2206,79,374.5511025500895,274.9902477663615
2206,6497,319.2660000000046,225.02555555555537
2207,79,386.4697842503426,274.3291538812318
2207,6497,302.25228000595337,236.71055561617615
2208,6497,285.1722800059491,246.3624074680284
2209,6497,267.9204800013139,253.69333335782153
2210,6497,250.49975272914938,258.7390572723569
2211,6497,232.80872727389124,260.9148821736171
2212,6497,214.67029454647957,261.675047147647
2213,6497,196.1856400004251,262.186999999676
2214,6497,177.82000000102585,263.3353703908454
2215,6497,159.72413333558112,265.2147839955545
2216,6497,141.84893333455761,267.4697839750793
2217,6497,124.10570909262333,270.1344108044459
2218,6497,106.47330909872893,273.0994109250096
2219,6497,88.62139488996662,275.7766675338904
2220,6497,70.54619488386322,278.56833407999227
2221,6497,52.673999999998955,281.1585185185175
2222,6497,35.012400002563034,279.5837036641251
2223,6497,17.042400002566183,274.35296292338364
2229,604,95.53200000000061,494.9838518518517
2230,604,97.84928000000491,493.3405925925911
2231,604,98.80240000036224,496.25933333333296
2232,604,98.80922400038571,497.6135555572154
2233,604,98.79281600009676,497.70637037147657
2234,604,98.78146133336713,497.7092913585539
2235,604,98.78935604049047,497.70797650680174
2236,604,98.79225454549783,497.69806060649427
2237,604,98.78560000000334,497.71143909227123
2238,604,98.78228000014133,497.72049025943676
2239,604,98.78424000009433,497.7228148150765
2240,604,98.78280898898993,497.7186050778739
2241,604,98.7914536130711,497.70428345382965
2242,604,98.78738285805183,497.7000846547741
2243,604,98.8029997765841,497.7019656524533
2244,604,98.80416295226496,497.73237790591395
2245,604,98.79932651191666,497.7320861328933
2246,604,98.79565362637665,497.7038518518513
2247,604,98.79368288340174,497.69839448435715
2248,604,98.79968752761442,497.70662017507703
2249,604,98.78662703360078,497.7116290701724
2250,604,98.78562181880511,497.7119158239971
2251,604,98.80017454586552,497.71125252463986
2252,604,98.8211393111294,495.41922918175874
2253,604,100.03602360403534,489.3616789145421
2254,604,103.95363804518979,472.5388310851786
2255,604,104.00791877702773,447.7143068418419
2256,604,95.864576134868,424.5272885194502
2257,604,82.82227214112368,403.6997032120695
2258,604,68.27923218488421,382.9437771148212
2259,604,53.248576490397,361.79362777983346
2260,604,38.19000036889747,340.61764800953864
2261,604,23.295680148914926,319.43291797479725
2262,604,7.18402687001685,297.6543003414638
2275,7055,5.6147563646538865,294.66319863508807
2276,7055,22.84493818418241,295.61334002508465
2277,7055,38.738000000001875,288.59777777777794
2278,7049,3.0916800000068183,290.6451851851854
2278,7055,55.31120000000157,281.9492592592587
2279,7049,17.785040000079558,293.86803703849586
2279,7055,72.37347375001434,279.68673388704457
2280,7049,32.10160000029305,293.74177778361354
2280,7055,89.30806808362149,277.3483272213451
2281,7049,47.40496000000121,283.12740740740725
2281,7055,106.3111040005981,275.59923704502864
2282,7049,64.67246572401564,280.4879768754387
2282,7055,123.52592800074603,274.1403037184851
2283,7049,81.893702896067,278.2282037980537
2283,7055,141.56503200174032,271.38836299745293
2284,7049,99.05807999999297,276.26933333333346
2284,7055,159.91664800058913,268.2980000121704
2285,7049,116.22964363685583,275.22927947053313
2285,7055,178.36543200138635,265.9010370654342
2286,7049,133.813454547452,272.9547475117635
2286,7055,196.84040727728586,268.0212390116226
2287,7049,151.70093333356817,269.74608642151867
2287,7055,214.8918836469943,277.9500268295896
2288,7049,170.01509333442868,268.6048642052596
2288,7055,233.55976000177918,286.02287539290904
2289,7049,188.72096000072474,268.8805925952513
2289,7055,252.55541091472193,292.21975075190045
2290,7049,207.35520000000065,273.3734814814821
2290,7055,271.55469406028374,297.5188518924659
2291,7049,226.00875636539513,280.7359191686072
2291,7055,290.5146873164273,304.5166726656272
2292,7049,244.96321213008625,287.9096025757981
2292,7055,309.4630524624654,312.00014024701426
2293,7049,263.89793334247315,294.5087529634789
2293,7055,328.23864001425306,316.9764982686261
2294,7049,282.86086096235636,300.8247264944546
2294,7055,346.01088010458744,309.85544517203965
2295,7049,301.70205715521206,307.2579828955813
2295,7055,362.80943221803,296.4927644574529
2296,7049,320.5376000060903,311.51057769492564
2296,7055,379.4042213569088,282.80734831096834
2297,7049,338.54960000000455,305.79037037037085
2297,7055,396.39497778757686,270.71520996363984
2298,7049,356.282912003071,296.4296000306816
2298,7055,413.8682240080624,261.3872667433368
2299,7049,373.8052480122804,286.96506678939215
2299,7055,431.3164960188078,251.7248075863048
2300,7049,391.3232361884002,277.0539689957501
2300,7055,447.2195418312111,239.14138052190802
2301,7049,408.7038247535918,267.8638759830032
2301,7055,459.7961818742624,220.40005407806973
2302,7049,426.083872002755,258.7214666937425
2302,7055,472.2122546273902,201.475192199847
2303,7049,442.4603462046673,248.48891058620427
2303,7055,484.7210545968494,182.92761633671927
2304,7049,455.00290915290174,232.12409448745674
2304,7055,498.3009200127736,165.13859265077934
2305,7049,467.0433455135322,212.78367697001156
2306,7049,478.8759200135803,193.1098519005623
2307,7049,490.9370037030567,173.1937106772836
2310,1632,142.2785044678193,238.00832887792245
2311,1632,142.42295224939028,237.83161038469424
2312,1632,142.4198350725391,237.82508133336734
2313,1632,142.4204251288188,237.83153956621828
2314,1632,142.41879046943495,237.83661108460774
2315,1632,142.41447790631128,237.8371318252257
2316,1632,142.41607527484064,237.8400147532238
2317,1632,142.4140528753128,237.8626179562171
2318,1632,142.72486288650157,238.77856748728908
2319,1632,150.70127878538244,236.70177778462966
2320,1632,167.1955821399422,233.9256248603432
2321,1632,183.9547491845167,244.28429432456733
2322,1632,201.45852589213575,260.8240020983954
2323,1632,220.70840013685427,273.05525808627795
2324,1632,240.08185531939148,284.7788739028827
2325,1632,259.8421584239844,293.2031471865342
2326,1632,279.74991581008913,297.6781087844593
2327,1632,299.50625265059614,301.19302107950443
2328,1632,319.1517142993263,303.979841145225
2329,1632,338.2695880327361,300.55194715471913
2330,1632,357.0221937857809,290.8848470196843
2331,1632,375.523920104564,281.02073115156713
2332,1632,393.2880211575707,271.54986173222807
2333,1632,410.15952591107805,262.26090223966247
2334,1632,426.34651437265916,253.53511551528652
2335,1632,441.34899159148233,244.14281977154405
2336,1632,454.4536032578975,229.7816281285998
2337,1632,466.65997927333933,211.23935785817548
2338,1632,479.18435809683047,191.72464986531224
2339,1632,492.867440249762,172.64514914089756
2353,7067,494.41320029321787,148.5681491077957
2354,7067,478.4612806558698,177.8271131538134
2355,7067,456.0549715355023,215.01936542315448
2355,7120,19.201119999997903,315.6656296296294
2356,7067,426.1506286274539,247.04433936651338
2356,7120,39.43887999999959,343.3348148148152
2357,7067,387.84777145223757,263.2680425868208
2357,7120,59.232776112648935,370.97770327455424
2358,7067,351.1200000588872,291.92592630662494
2358,7120,78.40323233925744,397.63703570862094
2359,7067,313.52784000242764,306.6023703225447
2359,7120,97.76190256648762,429.1431734356728
2360,7067,274.966800012578,317.79629647109545
2360,7120,104.28789828237939,473.48154894187377
2361,7067,245.3864001652846,354.8948152420399
2361,7120,99.25576006275149,493.86991247602043
2362,7067,221.5068000334213,397.7407409617064
2362,7120,98.66682000604668,499.1407474747471
2363,7067,190.94274289359987,414.12169361612473
2363,7120,98.63074000000097,499.51977777777756
2364,7067,159.9332000281663,428.561852053448
2364,7120,98.62428800000487,499.51851851851825
2365,7067,135.82640005293456,447.49777811402083
2365,7120,98.61464533333788,499.51851851851825
2366,7067,121.56026671838163,459.61753115785007
2366,7120,98.61360000000445,499.51851851851825
2367,7067,108.8720000553792,475.6310372612851
2367,7120,98.61360000000445,499.51851851851825
2368,7067,99.5642667120535,488.691358111647
2368,7120,98.61360000000445,499.51851851851825
2369,7067,98.74640000170984,497.6407407407406
2369,7120,98.61360000000445,499.51851851851825
2370,7067,98.72000000022467,497.931491712706
2370,7120,98.61360000000445,499.51851851851825
2371,7067,98.71690909347421,497.85053872430507
2371,7120,98.62512000000095,499.51851851851825
2372,7067,98.78640000000019,497.90148148148086
2372,7120,99.28664012589877,499.6559124579119
2373,7067,98.78085333333502,497.90148148148086
2373,7120,107.5280003060385,476.4993409961764
2374,7067,98.76340000017763,497.9164814804615
2374,7120,133.26731558800307,452.5704692390053
2375,7067,98.69359999999574,497.93851851851787
2375,7120,160.90239999999937,427.73111111111126
2376,7067,98.76605275076145,497.928612133838
2376,7120,186.5623999999923,396.6568148148144
2377,7067,98.75140000156648,497.9812963031023
2377,7120,212.1243886296088,365.7309103312347
2378,7067,98.78640000000019,497.88888888888863
2378,7120,239.93008003281545,342.4568467783542
2379,7067,98.80768361675791,497.8905252117998
2379,7120,269.0253028600722,322.4993439360748
2380,7067,98.78935652235441,497.8697584523089
2380,7120,298.7908800000014,307.8977777777774
2381,7067,98.79999999999995,497.8762962962962
2381,7120,329.4134400018504,304.4491852105422
2382,7067,98.79169615385308,497.88888888888863
2382,7120,359.0587989303742,289.84244602150324
2383,7067,98.77123478261183,497.9259259259254
2383,7120,387.6955016382726,272.3579398126268
2384,7067,98.7199999999973,497.9259259259254
2384,7120,416.63948808917667,259.36367497941325
2385,7067,98.74640000567751,497.86672046348014
2385,7120,444.1363362576942,241.7850013851459
2386,7067,98.74639999999317,497.9133333333332
2386,7120,467.4075125079242,211.67577946882577
2387,7067,98.73360000000275,497.82740740740695
2387,7120,489.4870723033023,175.70319356462073
2388,7067,98.66981123690266,497.87529339356485
2389,7067,98.69360000014353,497.87371980676244
2390,7067,98.7199999999973,497.8762962962962
2391,7067,98.78640000023324,497.91893004115195
2392,7067,98.80000000011364,497.9484740740734
2393,7067,98.79999999999995,497.93851851851787
2394,7067,98.79999999999995,497.90148148148086
2395,7067,98.72000000013372,497.8787179487174
2396,7067,98.75999999999863,497.90148148148086
2396,7206,4.054752000399731,294.0591111030351
2397,7067,98.73360000000275,497.8762962962962
2397,7206,22.5867025547484,294.26371717647413
2398,7067,98.74639999999317,497.8762962962962
2398,7206,39.11810621277027,285.41475031805817
2399,7067,98.74639999999317,497.8762962962962
2399,7206,56.58291200065719,281.2407111169966
2400,7067,98.71244444468061,497.85884773796994
2400,7206,74.64806292147728,279.0473252894727
2401,7067,98.67686153862678,497.9288319098012
2401,7206,92.845718353027,277.0137455951871
2402,7067,98.68000000000166,497.9259259259254
2402,7206,110.81367757907854,275.7486464596286
2403,7067,98.71290494075424,497.8940134609533
2403,7206,128.7422254608589,273.2476768692169
2404,7067,98.75999999999863,497.83925925925934
2404,7206,146.99144727413113,270.13606736874317
2405,7067,98.73360000000275,497.85185185185156
2405,7206,165.3911272739174,271.0425993089394
2406,7067,98.7199999999973,497.8762962962962
2406,7206,183.60914909777762,276.5089157291076
2407,7067,98.70640000050344,497.90908212560356
2407,7206,201.58288001143774,283.2253735999968
2408,7067,98.7199999999973,497.90148148148086
2408,7206,219.51046401461326,290.53017625155377
2409,7067,98.81360000020436,497.87116049382706
2409,7206,237.4719520109852,297.488577629099
2410,7067,98.80000000018185,497.92931623931594
2410,7206,255.32465067439148,303.98417273492305
2411,7067,98.75999999999863,497.93851851851787
2411,7206,272.1298666753114,309.7857282694134
2412,7067,98.70639999999185,497.9133333333332
2412,7206,285.42600000024777,313.96438519030625
2413,7067,98.7199999999973,497.9259259259254
2413,7206,296.27809600115484,316.54376298218233
2414,7067,98.7199999999973,497.9259259259254
2414,7206,311.3792640006648,315.7423703653108
2415,7067,98.72764044944802,497.9259259259254
2415,7206,326.229119999997,316.79555555555595
2416,7067,98.7142608701788,497.90801932017723
2416,7206,340.33695999999736,315.526666666667
2417,7067,98.70639999999185,497.90148148148086
2417,7206,353.62703999999667,303.5834074074082
2418,7067,98.7199999999973,497.88888888888863
2418,7206,367.2957818212774,290.3531178651764
2419,7067,98.7735999999984,497.85185185185156
2419,7206,381.0404232870337,279.135064075523
2420,7067,98.7199999999973,497.88888888888863
2420,7206,397.66024667661105,269.9473197707345
2421,7067,98.7735999999984,497.85185185185156
2421,7206,414.42185067529635,263.9488342828771
2422,7067,98.72993846154827,497.83925925925934
2422,7206,429.7803034197068,257.7345370444437
2423,7067,98.7735999999984,497.85185185185156
2423,7206,443.25612568940414,249.65777784084509
2424,7067,98.77605810160048,497.9244485693799
2424,7206,454.84147205343106,234.01131868916437
2425,7067,98.77616000056832,497.94340740581134
2425,7206,465.4994240528208,216.49465202870056
2426,7067,98.7735999999984,497.97555555555607
2426,7206,475.9541120344386,199.5226964137995
2427,7067,98.71447513915541,497.9734970176839
2427,7206,486.64127999999664,183.41407407407462
2428,7067,98.80666666845173,497.9462345990029
2428,7206,498.48821333989116,169.80079015461348
2429,7067,98.74639999999317,497.8762962962962
2430,7067,98.7735999999984,497.9259259259254
2431,7067,98.76283333391598,497.89398147973407
2432,7067,98.7735999999984,497.90148148148086
2433,7067,98.76603595506595,497.90148148148086
2434,7067,98.70923333333508,497.95037037037
2435,7067,98.73360000000275,497.9259259259254
2436,7067,98.74079101123812,497.9133333333332
2437,7067,98.76000000012937,497.89107890499105
2438,7067,98.74639999999317,497.90148148148086
2439,6411,499.679360051407,116.62409887319458
2439,7068,98.73360000000275,497.9133333333332
2440,6411,489.407253391264,140.93753103507046
2440,7068,98.73165714286074,497.9259259259254
2441,6411,478.7603112221006,163.39552295571823
2441,7068,98.74639999999317,497.88888888888863
2442,6411,467.57303580470875,185.07072759968167
2442,7068,98.85188000022822,497.90800000246116
2443,6411,456.11267789601015,206.46587939221584
2443,7068,98.74403478420959,497.9111433081342
2444,6411,443.4588342298571,220.1204379388919
2444,7068,98.78640000000019,497.95037037037
2445,6411,428.97533240890425,223.16384659758648
2445,7068,98.76979447722078,497.92949865440363
2446,6411,414.2839059179278,225.25751706084773
2446,7068,98.79716667390994,497.96950616670534
2447,6411,398.8984800022297,226.41687247379915
2447,7068,98.74639999999317,497.85185185185156
2448,6411,382.921760002057,228.27753090665138
2448,7068,98.74640000022623,497.85737860082224
2449,6411,366.9943200017133,230.41022225761054
2449,7068,98.71081988960668,497.85324329696977
2450,6411,351.0799272730151,232.62237037036982
2450,7068,98.74639999999317,497.85185185185156
2451,6411,335.08118691051556,234.35546668278317
2451,7068,98.7675977655897,497.88333126287944
2452,6411,318.98958400149013,237.6456444686199
2452,7068,98.76979200000164,497.88888888888863
2453,6411,302.4356266690995,242.73091362422772
2453,7068,98.74639999999317,497.88888888888863
2454,6411,286.04944000364753,246.90859265856324
2454,7068,98.70497679647201,497.9364599908709
2455,6411,270.4197440014889,250.5874074325134
2455,7068,98.70640000016806,497.95994074074025
2456,6411,254.89761600223116,254.81555559321413
2456,7068,98.74639999999317,497.88888888888863
2457,6411,239.2738666672517,259.1400493895797
2457,7068,98.73496000201385,497.929382723689
2458,6411,223.7126666681297,261.8201234739439
2458,7068,98.66979200187416,497.89925923397817
2459,6411,208.29215272873174,262.29915826647976
2459,7068,98.74639999999317,497.864444444444
2460,6411,193.07513309198157,262.4871596096039
2460,7068,98.70951111209934,497.86271603662846
2461,6411,177.96357963719856,262.66499529753463
2461,7068,98.84000000000128,497.85185185185156
2462,6411,162.64094545534815,263.23062627267404
2462,7068,98.7199999999973,497.9259259259254
2463,6411,147.31934222246082,264.04245267151794
2463,7068,98.76770666866719,497.90987653927886
2464,6411,131.90592969810496,265.2560224569656
2464,7068,98.7735999999984,497.88888888888863
2465,6411,116.35538909338152,269.1345724386358
2465,7068,98.7735999999984,497.90148148148086
2466,4049,495.103440000006,124.93755555555519
2466,6411,101.1335029464351,273.52323276086145
2466,7068,98.73762711890777,497.8818455704359
2467,4049,478.0795200000028,163.2568888888888
2467,6411,85.26183080724309,275.58827243504226
2467,7068,98.72380800075575,497.8833481459499
2468,4049,459.9501630308396,200.46578766022938
2468,6411,68.93784967748502,277.9026272959375
2468,6468,489.8235469084415,147.63567954718516
2468,7068,98.73360000000275,497.90148148148086
2469,4049,439.3359297002627,222.03837025700545
2469,6411,52.451518547269416,280.59271653332706
2469,6468,477.7657711595697,170.77479209438275
2469,7068,98.72768361582303,497.9133333333332
2470,4049,415.2159536329816,227.33025500943094
2470,6411,36.869876388849434,277.08529281794813
2470,6468,465.7831228683159,194.36047249673894
2470,7068,98.73360000000275,497.9133333333332
2471,4049,387.7347127292967,225.03208080350356
2471,6411,22.983781854522935,263.8305048549781
2471,6468,454.05151306684735,216.2339280836485
2471,7068,98.74639999999317,497.9133333333332
2472,4049,359.6858836381892,225.03752257562203
2472,6411,9.052497787184848,249.26049377093085
2472,6468,440.30143824782044,226.35806577754926
2472,7068,98.73129333533939,497.88028805823024
2473,4049,331.6676000001763,227.89243703894857
2473,6468,424.7261212127256,224.95943016927654
2473,7068,98.71158095293708,497.8691005258364
2474,4049,304.05160000000024,235.68925925925964
2474,6468,408.9445871632216,223.22953599553784
2474,7068,98.74639999999317,497.864444444444
2475,4049,276.7056799999995,244.80540740740597
2475,6468,391.2725672799803,219.02940727550833
2475,7068,98.74639999999317,497.85185185185156
2476,4049,252.08415999999772,252.94792592592418
2476,6468,373.26158545702407,219.49685925909867
2476,7068,98.73360000016191,497.8545893719801
2477,4049,231.48783999999353,259.41037037036983
2477,6468,355.0050109111157,219.65503299802336
2477,7068,98.7199999999973,497.864444444444
2478,3775,20.029920000000626,290.0176296296282
2478,4049,211.5425818215249,256.97665313536834
2478,6468,336.6454681942895,221.19570629894204
2478,7068,98.70639999999185,497.9133333333332
2479,3775,40.08208000000196,284.5048888888884
2479,4049,191.74050909128312,252.41563635660413
2479,6468,320.7052340967215,235.23223191944132
2479,7068,98.78962963591675,497.90809329658026
2480,3775,60.10295273136649,280.92067347538483
2480,4049,176.4297920420023,234.63113315928385
2480,6468,305.87696275688756,252.92101893681252
2480,7068,98.81359999999972,497.9133333333332
2481,3775,81.04582355876461,277.88147969309796
2481,4049,160.68707775613973,233.49571404371505
2481,6468,290.4612668129437,270.14779295411853
2481,7068,98.78640000020482,497.94370370370314
2482,3775,102.32238801194626,275.5822599142368
2482,4049,146.8660077501681,238.26699950494867
2482,6468,274.5896800944581,285.8310375576001
2482,7068,98.77751111175712,497.9079012291878
2483,3775,123.57518666699774,273.87791357634893
2483,4049,142.4542545494927,239.81855892074688
2483,6468,258.715264090834,301.2344449498432
2483,7068,98.73360000000275,497.8762962962962
2484,3775,144.48928000000137,271.2811851851853
2484,4049,142.5012068815704,237.96345159273957
2484,6468,242.62309247124108,316.1999736830623
2484,7068,98.73360000000275,497.9133333333332
2485,3775,165.39493333459518,269.58681483431326
2485,4049,142.54840246248875,237.72104501164893
2485,6468,226.58554072458685,330.926227373634
2485,7068,98.73360000015623,497.9104888888888
2486,3775,182.99549697892644,270.58414469105975
2486,4049,142.5495802906329,237.72301225808823
2486,6468,210.9415760968233,347.0047559102272
2486,7068,98.73360000000275,497.9133333333332
2487,3775,196.63437091131868,275.4489158011768
2487,4049,142.55380581010513,237.727300310818
2487,6468,196.69202774745258,366.7200462362419
2487,7068,98.74839560533815,497.8873667125796
2488,3775,209.45904000000044,280.6118518518512
2488,4049,142.42402684300546,238.04940969503653
2488,6468,182.00692085792298,385.63931636590064
2488,7068,98.7338962963463,497.864444444444
2489,3775,221.9956363665915,285.2054814423024
2489,4049,142.34563557516822,237.96166344582926
2489,6468,167.25518541865938,404.37218678777833
2489,7068,98.73360000000275,497.85185185185156
2490,3775,234.30869818411907,289.43970366898
2490,4049,142.34113333347864,237.9413497948062
2490,6468,152.23793217284654,423.68164887128023
2490,7068,98.73360000023581,497.85889516635274
2491,3775,246.83336727459732,292.98103700544067
2491,4049,142.35467986965944,237.9319342795203
2491,6468,137.27576811014558,442.1874080145722
2491,7068,98.73360000015623,497.86717948717853
2492,3775,259.6762400003775,296.29185184551045
2492,4049,142.32403529419344,237.96285250588545
2492,6468,120.74076732330924,451.16154905203774
2492,7068,98.7199999999973,497.8762962962962
2493,3775,272.8422109098187,298.4054545305983
2493,4049,142.3225186670038,237.9699506210311
2493,6468,106.01838560756336,437.4790027847273
2493,7068,98.7199999999973,497.8762962962962
2494,3775,286.16135272745623,300.47265992894603
2494,4049,142.3525158432221,237.96456398027988
2494,6468,93.5189921458209,419.4807752461958
2494,7068,98.72609230784519,497.87356125532756
2495,3775,298.34558545543473,302.6555555393562
2495,4049,142.3686063529891,237.94399215667883
2495,6468,81.35725695417365,402.39089028434915
2495,7068,98.75999999999863,497.864444444444
2496,3775,307.15803636386,305.48711110706137
2496,4049,142.36036266669717,237.95388148209761
2496,6468,68.56560738462292,385.23470664770423
2496,7068,98.82075932204089,497.93851851851787
2497,3775,312.79776000000084,313.30770370370396
2497,4049,142.32907400047793,237.93028661217042
2497,6468,55.876605593302315,366.78773348034576
2497,7068,98.85161600170704,497.9488889014334
2498,3775,312.60944000000563,319.67274074074027
2498,4049,142.32840814332803,237.9785342426135
2498,6468,42.90083099924062,348.4332488166242
2498,7068,98.68000000000166,497.83925925925934
2499,3775,312.0066327272855,321.4085791244288
2499,4049,142.32447071850402,237.95234622475502
2499,6468,29.96021832447184,329.67794562332233
2499,7068,98.70639999999185,497.8762962962962
2500,3775,312.3554181818213,323.7141818181448
2500,4049,142.34598117679866,237.957919876159
2500,6468,16.988540145508182,311.13998091039343
2500,7068,98.70281600018984,497.89241481585236
2501,3775,314.94165818191846,325.39369696772445
2501,4049,142.3195842524672,237.91969212889464
2501,7068,98.69359999999574,497.88888888888863
2502,3775,316.01703854549555,326.03223164916284
2502,4049,142.30566999104897,237.94153320744815
2502,7068,98.69360001100631,497.8530643492647
2503,3775,316.2823680003487,324.3416296320363
2503,4049,142.33291153162952,237.93228758018324
2503,7068,98.71831111873917,497.84650203228153
2504,3775,317.4400480000884,324.32426666727986
2504,4049,142.30977505905173,237.95287145964105
2504,7068,98.70639999999185,497.83925925925934
2505,3775,316.7996800000026,328.5703703703702
2505,4049,142.31470743290686,237.94407966790178
2505,7068,98.6663999999962,497.83925925925934
2506,3775,314.34579200407825,330.30284448851233
2506,4049,142.31083917948635,237.95681361518018
2506,7068,98.72170000355709,497.867037040542
2507,3775,303.83355200240203,340.5406074372421
2507,4049,142.31903124094686,237.9440441201588
2507,7068,98.74639999999317,497.864444444444
2508,3775,295.35836805181367,353.90023705652095
2508,4049,142.32614400018292,237.95224156450746
2508,7068,98.7464000002035,497.87113180219313
2509,4049,142.33004266687885,237.94533292052967
2509,7068,98.74887272779915,497.8688888873126
2510,4049,142.323200000385,237.96295841077364
2510,7068,98.74639999999317,497.88888888888863
2511,4049,142.273984000189,238.01091636592142
2511,7068,98.6992655740039,497.88331511966555
2512,4049,142.2975804452676,238.02926831576033
2512,7068,98.74640000155068,497.83351851851853
2513,4049,142.2739849726696,238.0223337436882
2513,7068,98.70639999999185,497.83925925925934
2514,4049,142.26629655290196,238.00629552571962
2514,7068,98.6936000056744,497.86672046348014
2515,4049,142.2699638040308,238.03212349360047
2515,7068,98.69359999999574,497.83925925925934
2516,4049,142.25643494129258,238.0046513086722
2516,7068,98.75999999999863,497.97555555555607
2517,4049,142.2776488966133,238.01946297567932
2517,7068,98.76581777778028,497.9133333333332
2518,4049,142.2782602342602,238.00709953214925
2518,7068,98.68000000000166,497.9133333333332
2519,4049,142.2465647066315,238.00355010849938
2519,7068,98.68000000000166,497.93851851851787
2520,4049,142.2625446414179,238.0240210968676
2520,7068,98.7735999999984,497.90148148148086
2521,4049,142.27058265086214,238.01477903245515
2521,7068,98.77360000120348,497.8956228956222
2522,4049,142.2526595294403,238.00709041389356
2522,7068,98.60494549007512,492.3421548660558
2523,4049,142.25158755557288,238.01930452674492
2523,7068,103.09098195058937,483.70491634180814
2524,4049,142.27008014275725,237.98102297925848
2524,7068,120.8577780405335,465.1466679880676
2525,3383,497.027800096771,131.8146298468339
2525,4049,142.2673562627915,238.01543876696684
2525,7068,141.1600800853421,445.4607412032059
2526,3383,488.042545522876,152.53420895821824
2526,4049,142.27114666695005,238.01121975401009
2526,7068,162.1557334160343,427.8106177991505
2527,3383,478.03440000000137,172.01851851852302
2527,4049,142.271793255008,238.03416441444392
2527,7068,188.47234289279413,415.13428616321124
2528,3383,467.86959999999453,191.3607407407407
2528,4049,142.2839626150221,237.9966137777152
2528,7068,219.1224000217005,402.6895062962983
2529,3383,458.39694550592753,209.1187206848706
2529,4049,142.2814312893024,237.95521467775905
2529,7068,241.44000019611553,367.90148205101536
2530,3383,448.4615508466163,227.6162723087367
2530,4049,142.2678600021413,237.98607189837838
2530,7068,262.60194302641935,328.91862489371636
2531,3383,434.5373984651246,239.55983017758965
2531,4049,142.2750400002042,238.0152608360715
2531,7068,291.2325714360634,311.97513241460075
2532,3383,416.36094547203584,249.95232342145624
2532,4049,142.2763200001026,237.99385168854093
2532,7068,323.2310666697458,310.98333337988925
2533,3383,394.41360000000714,258.74666666666513
2533,4049,142.2603120275653,237.97782193456118
2533,7068,354.683542894918,302.4252913558503
2534,3383,373.15706670536883,272.10666694735085
2534,4049,142.26618094136995,237.99492287579292
2534,7068,384.9464000000012,283.0000000000017
2535,3383,352.7601454885257,287.27326622355974
2535,4049,142.26826512272112,237.99905816931278
2535,7068,411.115322097595,266.3960601415192
2536,3383,332.7310545702744,302.8673402678443
2536,4049,142.28467905846287,237.9925565455161
2536,7068,431.50640000000067,255.19777777777696
2537,3383,311.22560000147246,304.64179011795636
2537,4049,142.26654875950487,237.9983475255587
2537,7068,452.9600000000016,234.30888888889334
2538,3383,289.78159999999775,310.2348148148146
2538,4049,142.27897333337978,237.99857407403934
2538,7068,475.868933388864,197.43827180742545
2539,3383,270.7414545507163,308.5621548101174
2539,4049,142.27822583987518,237.99443092831308
2539,7068,499.5957335768878,153.4280256030387
2540,3383,254.28780001459472,302.12194430773565
2540,4049,142.28320420506975,238.00098286013903
2541,3383,238.41453334736116,293.19802456958246
2541,4049,142.27466666728787,237.99872428101486
2542,3383,226.1903273378323,277.4456563886003
2542,4049,142.28359599034266,238.0109627708773
2543,3383,214.51359999999795,260.2429629629628
2543,4049,142.30088750348443,238.03369783490135
2544,3383,199.54653333629722,257.2816048903297
2544,4049,142.2760886038634,238.00305131529774
2545,3383,186.17999999999597,246.7429629629634
2545,4049,142.26876745115874,238.01340885798928
2546,3383,175.17846669266532,232.58160484377166
2546,4049,142.29450023875813,237.98086340970426
2547,3383,165.32991563760788,231.35647289403093
2547,4049,142.2723813338115,238.01917407532213
2548,3383,157.61402791765704,233.5699608401558
2548,4049,143.1084000002795,237.98794073847262
2549,3383,149.89806985909695,235.78235906346535
2549,4049,135.61770931080275,252.59433520148943
2550,3383,143.49105454557503,237.3738720558898
2550,4049,118.74189828638976,268.2231656453218
2551,3383,142.535600000042,237.80970370379828
2551,4049,98.54323564901904,273.7761327988568
2552,3383,142.52939441341823,237.798994413426
2552,4049,77.8533224416509,276.67095703536006
2553,3383,142.52559999999903,237.805185185185
2553,4049,57.182293608439075,279.6143261662545
2554,3383,142.52591731843722,237.8062238775289
2554,4049,36.97532801022191,280.15555540691395
2555,3383,142.52379441341532,237.80850817296417
2555,4049,16.63573334385717,275.6116047579007
2556,2032,182.02016026227173,251.31629660822986
2556,3383,142.526399999997,237.8037037037033
2557,2032,190.03956034268072,298.15576535048496
2557,3383,142.52672888889606,237.79969547326107
2558,2032,183.22024930708946,350.0916238868335
2558,3383,142.5242055865965,237.79999999999978
2559,2032,162.45886389919858,397.6767641107508
2559,3383,142.52240000000143,237.8022222222216
2560,2032,136.13031684323232,439.8588303068869
2560,3383,142.5297644444754,237.80041563788367
2561,2032,112.96681999423411,471.71967828108666
2561,3383,142.52640000001975,237.80535802469217
2562,2032,101.44206078000705,487.9655164050478
2562,3383,142.52240000000143,237.79999999999978
2563,2032,99.4953034630521,494.48800446800533
2563,3383,142.52799999999866,237.8022222222216
2564,2032,99.63928421053197,496.23203118915194
2564,3383,142.5296000000003,237.8037037037033
2565,2032,99.63759999999411,496.2456296296296
2565,3383,142.52559999999903,237.79999999999978
2566,2032,99.64079096345472,496.25037037037004
2566,3383,142.52444888890068,237.80146090524013
2567,2032,99.63884016611246,496.2432592592594
2567,3383,142.51829777778653,237.80721810699012
2568,2032,99.63651796369275,496.2389629629631
2568,3383,142.4440000000061,237.88518518518552
2569,2032,99.64255292817711,496.23925925925926
2569,3383,142.25397333333945,238.0694979422382
2570,2032,99.64089142857004,496.23881481481516
2570,3383,142.2544000000073,238.07008641975335
2571,2032,99.63792761906916,496.24529498910675
2571,3383,142.2576000000049,238.06888888888867
2572,2032,99.64617365879576,496.2519900943745
2572,3383,142.2583999999972,238.06888888888867
2573,2032,99.64499043933301,496.25601372949336
2573,3383,142.26000000000454,238.06556378600786
2574,2032,99.6462186668748,496.27079506114404
2574,3383,142.25359999999796,238.07407407407388
2575,2032,99.64298666673926,496.26958024688616
2575,3383,142.25727111111155,238.07244032921426
2576,2032,99.63997439999844,496.2699496296379
2576,3383,142.2571911111163,238.07194650206554
2577,2032,99.64136960013661,496.25584296296887
2577,3383,142.25440000000162,238.0718518518521
2578,2032,99.6488000000909,496.24755555555544
2578,3383,142.25823463686993,238.0718518518521
2579,2032,99.64619428617652,496.2611640224173
2579,3383,142.26086666670312,238.06909465051996
2580,2032,99.646022857454,496.2577883606318
2580,3383,142.252000000002,238.07629629629568
2581,2032,99.64752000000203,496.25140740741267
2581,3383,142.25776795580032,238.0761407816705
2582,2032,99.64592000000152,496.2518518518517
2582,3383,142.2544000000073,238.07971604938217
2583,2032,99.65358720004929,496.251247407167
2583,3383,142.252000000002,238.07555555555558
2584,2032,99.6525634207228,496.2514488887284
2584,3383,142.259503910617,238.07660252432905
2585,2032,99.65053241391502,496.2466962962968
2585,3383,142.26209333334623,238.06584773667373
2586,2032,99.64674461546339,496.23952592592644
2586,3383,142.26159999999481,238.07259259259217
2587,2032,99.64273641039085,496.2337803320564
2587,3383,142.26956022100694,238.07848168602442
2588,2032,99.64240000009,496.23486590038345
2588,3383,142.26451111111942,238.07952674902077
2589,2032,99.64192000000025,496.23703703703745
2589,3383,142.2640000000058,238.0792592592591
2590,2032,99.63967999999909,496.23037037037034
2590,3383,142.26400000001718,238.0770002046242
2591,2032,99.4007042310102,494.5636146608581
2591,3383,142.26159999999481,238.07935390946477
2592,2032,111.00726507545913,476.6308387649758
2592,3383,142.2583999999972,238.07259259259217
2593,2032,137.13501955398442,447.11427928104985
2593,3383,142.2640000000456,238.0739629629629
2594,2032,168.88480058910773,415.79560514759703
2594,3383,142.2576000000106,238.0686187845311
2595,2032,201.42232923384313,383.414218537931
2595,3383,142.25359999999796,238.07629629629568
2596,2032,233.54929768575744,349.9717304362302
2596,3383,142.2185866667462,238.11669135824133
2597,2032,267.2045444457899,323.3072615703776
2597,3383,142.18677333336132,238.14149794258753
2598,2032,303.8126933621345,312.1209874905981
2598,3383,142.1543999999983,238.1688888888889
2599,2032,341.2139201558739,302.98135102744084
2599,3383,142.1216795580449,238.21357069802085
2600,2032,373.6520801061124,287.7160998223893
2600,3383,142.09097777784905,238.24715637887638
2647,7178,495.9808000000038,124.99555555555774
2648,7178,484.6347999999978,149.85740740740928
2649,7178,473.73581821881606,174.965791371269
2650,5954,491.53606316425794,151.93488162387482
2650,7178,462.6669455275362,198.24171741068542
2651,5954,481.2251733773729,169.96230472766706
2651,7178,450.115795653457,217.35264119741404
2652,5954,468.9240155395157,186.79706770404846
2652,7178,436.2114532543444,232.51350476311816
2653,5954,456.9226809393871,205.9812829531844
2653,7178,420.1575849096031,244.18567849400884
2654,5954,444.81951071156965,219.28351026414305
2654,7178,402.27879999999914,252.43888888888844
2655,5954,431.43526116354394,224.31712287714478
2655,7178,383.78800000000126,254.15370370370405
2656,5954,417.6088268078922,227.10727772464702
2656,7178,365.5796727359728,247.34468006083566
2657,5954,402.352553413711,227.29868177818747
2657,7178,347.598472735973,238.1917170978718
2658,5954,386.20864533400487,227.20429301393085
2658,7178,329.33720000000335,238.48666666666628
2659,5954,369.7941333338747,227.22408230130586
2659,7178,311.1135600096162,247.97374082052093
2660,5954,352.97037818818467,227.06052966063515
2660,7178,293.3311600096147,258.9544815612599
2661,5954,336.00771636629355,228.26189895612336
2661,7178,275.75000000000216,268.9203703703678
2662,5954,319.0193381926281,232.91751530058602
2662,7178,257.89000000000044,277.7711111111103
2663,5954,302.08053237359195,238.7595489602634
2663,7178,239.65745454762555,280.83771040065255
2664,5954,285.2024906759965,244.34260094668315
2664,7178,221.3358545476268,277.3036363265784
2665,5954,268.24753600803774,249.5892100079482
2665,7178,203.3117666679118,272.74191355633803
2666,5954,251.2164640057915,254.80200750988934
2666,7178,185.85856666791187,268.4096913341154
2667,5954,233.90432727641382,259.3571307094977
2667,7178,168.95600000000002,266.125925925925
2668,5954,216.21897454865973,261.46983166816295
2668,7178,152.91381818219918,266.0635353487826
2669,5954,198.58536800137017,263.1917851909262
2669,7178,137.2270181821989,267.2931649784118
2670,5954,181.30687200016496,264.8315481506085
2670,7178,121.33599999999662,269.6996296296286
2671,5954,164.71248000048263,266.250066676496
2671,7178,105.96959999999456,272.8107407407403
2672,5954,149.01833600055227,267.2525851944649
2672,7178,90.45813098864244,275.58722504266007
2673,5954,132.89528000231826,267.7262518955941
2673,7178,74.25279765743937,277.84466334678547
2674,5954,116.69296001219038,270.1586668196534
2674,7178,57.26717576074236,280.3281453956148
2675,5954,101.05393956091632,273.2151951304136
2675,7178,39.69467576123975,280.3388551993595
2676,5954,85.11963166572342,275.43384233483505
2676,7178,22.50042121567617,276.61053866149433
2677,5954,67.9877570662336,277.7246473616242
2678,5954,49.344069337353744,280.44041983000943
2679,5954,30.40593067124576,278.27623865971907
2680,5954,11.27126222645984,272.7582550813017
2767,5126,495.79563638596255,116.35235020476009
2768,5126,488.3887808709625,138.84325976241274
2769,5126,480.08694249381625,159.4700782503129
2770,5126,471.4017829036282,178.93459365038723
2771,5126,462.52362574991815,196.77681500089062
2772,5126,454.06370345562095,214.06703899278634
2773,5126,444.4457285801621,223.2269347050453
2774,5126,433.5398837589764,225.81196670072035
2775,5126,422.3328935499353,227.07503986550992
2776,5126,410.5699577454516,227.71534901935664
2777,5126,397.7273599999995,226.91896296296287
2778,5126,384.47824000000026,225.57814814814824
2779,5126,371.1737120003096,225.02176296165376
2780,5126,358.0859546672457,224.68503949838214
2781,5126,345.2743600084398,225.3547038709749
2782,5126,332.30320000353515,227.55229636931261
2783,5126,318.82799999999975,231.01533333333356
2784,5126,305.2516800000012,235.48874074074112
2785,5126,291.4759199999998,240.30740740740742
2786,5126,277.53528727531545,245.34525929422557
2787,5126,263.5106305486022,250.48477041497952
2788,5126,249.92722400086848,255.73063704973276
2789,5126,236.84728000000345,260.74651851851803
2790,5126,223.32424000000228,261.7071111111111
2791,5126,208.98205600118786,261.7256963189378
2792,5126,194.52002400050844,263.0904518615558
2793,5126,180.76440000050638,264.960861963099
2794,5126,168.22696000021836,266.2495757619632
2795,5126,156.70832000000075,265.9951851851856
2796,5126,145.2809920002545,264.3719629614873
2797,5126,133.70484800011468,265.0606296289966
2798,2572,494.4341382539608,144.03843792963244
2798,5126,121.75514909267861,267.90501685978165
2799,2572,481.49544001525214,166.487259305945
2799,5126,109.88467151682187,271.69295345111163
2800,2572,468.6011680769593,188.7672298637697
2800,5126,98.10685733559865,274.1270615671747
2801,2572,455.7826193342885,210.3073500868764
2801,5126,86.32089959362247,275.72902254965203
2802,2572,442.3536181271424,224.2770466916957
2802,5126,74.51008602957415,277.22343713275797
2803,2572,426.32901641688136,224.49404333081847
2803,5126,62.22723636397234,279.0040673426193
2804,2572,409.788560939229,224.07503449801004
2804,5126,49.351752727417306,281.4380606071545
2805,2572,391.0393599999986,221.82488888888852
2805,5126,36.88248667216555,281.199857975823
2806,2572,371.9080000003271,222.8543407475285
2806,5126,24.883100002356855,276.79057405313023
2807,2572,353.6171200013109,225.38877039752703
2807,5126,12.2612799999996,273.4214814814826
2808,2572,335.49700800483265,228.74693337134633
2809,2572,317.27283201932664,239.24640015205313
2810,2572,298.7380072769736,251.12666670237925
2811,2572,280.84327274891626,262.90150859989046
2812,2572,261.99057456411197,274.13151530966553
2813,2572,242.0024000000058,282.14148148148087
2814,2572,221.11807999999996,279.8847407407403
2815,2572,200.86400000000026,275.4638518518526
2816,2572,181.2328000000059,270.1791111111111
2817,2572,163.31450000045152,267.04185186090746
2818,2572,145.71272000179874,267.16370373992527
2819,2572,127.59559272746401,269.9607138049713
2820,2572,109.52269090982895,274.14922559025376
2821,2572,92.04984457314254,275.28797886316437
2822,2572,74.4891062938234,277.48798954401985
2823,2572,56.478112006323045,280.53179803151784
2824,2572,39.646880005460616,277.60437703462037
2825,2572,28.27228000736227,254.57840739584324
2826,2572,17.80580368539063,228.9695891541057
2827,2572,10.202414623773848,201.8524308755263
2850,6886,493.35698411498015,126.09505204375581
2851,6886,482.74416011545725,152.50244472797146
2852,6886,473.001600095036,173.13980766421832
2853,6886,463.71141613781447,192.67798655906532
2854,6886,455.01253075181125,211.10541102666812
2855,6886,444.8697204165898,222.2354925535648
2856,6886,431.42574055194075,224.1098298291775
2857,6886,417.6335063403866,225.0436466038872
2858,6886,403.62202424838813,225.21656869837003
2859,6886,389.559076002642,226.63774078592348
2860,6886,376.05928800130073,227.84702224397213
2861,6886,363.08148000085566,228.80839507105955
2862,6886,349.97706909192857,228.83682827110508
2863,6886,336.5623054546483,227.67295622756168
2864,6886,322.5806400037612,230.58177782497592
2865,6886,308.0182933371686,235.81918524120903
2866,6886,292.8840224835727,240.08081872645425
2867,6886,278.1186804271164,244.08485077890973
2868,6886,263.3944880064314,248.62805195285898
2869,6886,248.47592800619339,253.07751861036442
2870,6886,233.11479200542237,257.8069408132047
2871,6886,218.7982480020122,260.9385852225343
2872,6886,204.67856800106628,262.81962965084494
2873,6886,189.1925840005837,263.9207703775015
2874,6886,174.05299474800358,264.69186906498624
2875,6886,159.881498182246,265.2697239073814
2876,6886,145.93668888939362,265.66376790227974
2877,6886,132.01020000005087,264.78480000009984
2878,3413,498.9068438031626,118.73641118606515
2878,6886,118.6826640116044,267.7665630502029
2879,3413,486.0580372609189,147.09324975340854
2879,6886,104.94593963965315,272.3575852336291
2880,3413,474.3630349684008,172.26793660457272
2880,6886,90.72822752722857,275.00316370022347
2881,3413,462.7036494315496,195.80360829073285
2881,6886,75.88524589194778,277.01596635189406
2882,3413,450.2466816642914,216.33133791196934
2882,6886,61.18725652497915,279.7532778006997
2883,3413,434.8400782152106,224.46653720194388
2883,6886,48.65885821887674,273.7465184493779
2884,3413,418.2342211826983,227.7098632355723
2884,6886,39.91426672932959,254.684773518016
2885,3413,399.4258438317422,229.14797129299714
2885,6886,31.149120006510884,234.41777776266392
2886,3413,379.87234262787524,230.40435542957516
2886,5775,483.9864000000034,157.49407407407335
2886,6886,22.213792079343765,214.78859238958404
2887,3413,361.15610424386773,231.4081032737112
2887,5775,462.4446811853886,199.8085611292082
2887,6886,13.032040068492277,195.59019241067065
2888,3413,342.8276072749668,233.3240606483078
2888,5775,438.5042108304731,237.16864449659215
2888,6886,4.36141612444544,176.36943680035967
2889,3413,323.76212364027083,236.58140747927158
2889,5775,407.0664000000022,254.012592592592
2890,3413,303.9600402320002,241.0889143745121
2890,5775,373.15234287707426,270.25767216835783
2891,3413,283.9909626992693,246.12158672414043
2891,5775,341.1864000000037,292.407407407407
2892,3413,264.5188407313327,251.18675023959503
2892,5775,308.7257142925239,303.8305818699627
2893,3413,245.3485200030235,255.35578524220216
2893,5775,276.641942860374,311.01396819495466
2894,3413,225.95999200079063,258.52011112675586
2894,5775,253.4545601008119,301.4578515218558
2895,3413,206.19042400182764,261.28008151816687
2895,5775,241.11905462529535,286.682625933149
2896,3413,185.75462489163726,263.6842477923811
2896,5775,229.50666670777196,272.8575306015182
2897,3413,165.7270666675072,265.3483950788853
2897,5775,226.9665600003009,269.3371111054217
2898,3413,147.3796800000008,266.6747407407406
2898,5775,221.26088915236437,282.7666670792368
2899,3413,129.77846666938774,268.61549388116134
2899,5775,211.77825456834398,296.1606058648014
2900,3413,112.35315273110189,271.9645354178126
2900,5775,206.9388800005811,291.004888885587
2901,3413,95.30040531736803,275.03421020719253
2901,5775,208.21359999999345,291.6296296296297
2902,3413,77.90678794230246,277.51282277032476
2902,5775,208.21359999999345,290.7651851851847
2903,3413,59.97910400172714,280.30208892120424
2903,5775,208.2642787304792,291.05794418860785
2904,3413,42.773528082768166,277.59885910678685
2904,5775,208.26640000000225,291.5185185185187
2905,3413,31.136360202236798,257.10091812982495
2905,5775,208.2800000000077,291.2718518518511
2906,3413,21.274960071558553,230.0462220852022
2906,5775,208.31451492785504,291.20754656115236
2907,3413,12.301120087248023,202.49817027794626
2907,5775,208.2935999999961,291.35777777777736
2908,3413,6.270400128458959,173.16339330184772
2908,5775,208.26640000000225,291.24666666666644
2909,3413,1.5135200390312773,141.77276540030493
2909,5775,208.2935999999961,291.1977777777772
2910,5775,208.22639999999524,291.1111111111111
2911,5775,208.29445333332615,290.4318518518523
2912,5775,208.2238202386236,290.33052015274086
2913,5775,208.14639999999258,289.99999999999983
2914,5775,208.2935999999961,289.95037037037054
2915,5775,208.3630667096486,290.55339500805746
2916,5775,208.31999999999766,290.97555555555556
2917,5775,208.22639999999524,291.60518518518506
2918,5775,208.3200000008503,291.42207407407363
2919,5775,208.21359999999345,291.55555555555577
2920,5775,208.31999999999766,291.3088888888895
2921,5775,208.2455296723026,291.45382987772297
2922,5775,208.239999999995,291.3829629629634
2923,5775,208.26640000000225,291.407407407408
2924,5775,208.24244520847515,291.4467169130188
2925,5775,208.239999999995,291.42000000000024
2926,5775,208.2935999999961,291.3088888888895
2927,5775,208.2988747254774,291.35289377406923
2928,5775,208.33359999999175,291.22222222222183
2929,5775,208.33359999999175,291.17259259259254
2930,5775,208.3063466670012,291.2273292246306
2931,5775,208.33359999999175,291.2096296296296
2932,5775,208.3063999999979,291.2348148148143
2933,5775,208.31179441364043,291.2172273963054
2934,5775,208.31999999999766,291.1977777777772
2935,5775,208.33359999999175,291.1111111111111
2936,5775,208.36000000085733,291.10111724984654
2937,5775,208.31999999999766,291.1481481481479
2938,5775,208.38639999999486,290.9385185185187
2939,5775,208.36000000019794,290.9826401820812
2940,5775,208.3464000000049,291.0125925925926
2941,5775,208.359999999999,291.0244444444447
2942,5775,208.39737016916615,290.8195416513297
2943,5775,208.38639999999486,290.7903703703709
2944,5775,208.38639999999486,290.80222222222176
2945,5775,208.41893335540362,290.80030865428654
2946,5775,208.38639999999486,290.75333333333384
2947,5775,208.42640000015535,290.69361571516225
2948,5775,208.36527476272977,290.9445909989847
2949,5775,208.4136000000001,290.5311111111109
2950,5775,208.42138547612876,290.6840761383682
2951,5775,208.40168090040834,290.53692051832394
2952,5775,208.39999999999463,290.4688888888891
2953,5775,208.42094301810334,290.43950755737893
2954,5775,208.39833777776562,290.5311111111109
2955,5775,208.38639999999486,290.4688888888891
2956,5775,208.36000000135186,290.77300411522543
2957,5775,208.3651685430027,290.8919101230283
2958,5775,208.39999999999463,290.67925925925863
2959,5775,208.29873333843807,291.01440328239113
2960,5775,208.3217474864341,291.05834057640357
2961,5775,208.3063999999979,291.0125925925926
2962,5775,208.34640000130094,290.7978191599421
2963,5775,208.34477348066684,290.75333333333384
2964,5775,208.3464000000049,290.75333333333384
2965,5775,208.33614585867508,290.7380192314697
2966,5775,208.31594754637308,290.7529771526476
2967,3611,20.544160000540614,290.2248888799668
2967,5775,208.359999999999,290.6666666666664
2968,3611,44.931407276616255,284.28951185850184
2968,5775,208.36000000015247,290.6767546552074
2969,3611,71.0407419834155,279.0426329784075
2969,5775,208.31999999999766,290.6911111111108
2970,3611,98.50457095472734,275.4281734754598
2970,5775,208.37359999999876,290.6051851851847
2971,3611,124.80417957244642,261.30550031008283
2971,5775,208.34640000235254,290.69372232567736
2972,3611,143.61493994394323,242.1971434825303
2972,5775,208.3464000025799,290.6748189073043
2973,3012,3.1524000000001706,279.69814814814777
2973,3611,148.70567350311376,237.6838121243827
2973,5775,208.37359999999876,290.5059259259262
2974,3012,30.740288000490636,282.4378296395531
2974,3611,150.8129577975558,236.9633723931428
2974,5775,208.2747977938027,290.5056108172166
2975,3012,58.93527619101576,280.8501289523655
2975,3611,152.9202350183789,236.24283579657356
2975,5775,208.29535824348682,290.59940984700506
2976,3012,88.65551767935132,276.3945893971145
2976,3611,155.02750516420406,235.52220231238152
2976,5775,208.3063999999979,290.6666666666664
2977,3012,117.7521828751486,267.25649742126035
2977,3611,157.13476823363408,234.8014719182663
2977,5775,208.2962725288155,290.6959706984771
2978,3012,145.84444587628582,242.19381012467346
2978,3611,159.2420242252695,234.08064459191834
2978,5775,208.36000000038553,290.55253433208514
2979,3012,169.54554084366464,230.15434941790812
2979,3611,161.34927313769367,233.35972031103137
2979,5775,208.33359999999175,290.542962962963
2980,3012,172.05075371513715,227.45997526743267
2980,3611,163.45651496953565,232.63869905327982
2980,5775,208.29360000125803,290.69654882154896
2981,3012,172.1242064989383,227.42478613449336
2981,3611,165.56374971939135,231.91758079633718
2981,5775,208.3082888889976,290.77602880724294
2982,3012,172.19765926694038,227.38959683647963
2982,3611,172.45783929848926,233.62133720038992
2982,5775,208.2800000000077,290.4688888888891
2983,3012,172.27111201912524,227.35440737339817
2983,3611,190.22762197069372,253.04987812655
2983,5775,207.898909534498,289.7064431761438
2984,3012,172.34456475551326,227.319217745239
2984,3611,210.65457757939384,275.28808013561724
2984,5775,207.60810551546456,289.77704113321033
2985,3012,172.41801747610452,227.28402795200097
2985,3611,232.68316802578852,295.54281465912055
2985,5775,207.79999999999177,290.1481481481476
2986,3012,172.49147018089727,227.2488379936941
2986,3611,256.5196800019771,300.21688889485796
2986,5775,207.95164835538458,290.41901504601884
2987,3012,172.5649228698768,227.2136478703042
2987,3611,281.2872418238044,300.04441908470227
2987,5775,207.86640000000602,290.5311111111109
2988,3012,172.63837554304928,227.17845758183964
2988,3611,306.39048146053483,304.25397968464176
2988,5775,207.9336000000012,290.5311111111109
2989,3012,172.71182820042387,227.14326712829003
2989,3611,331.31561068774545,305.78115248715653
2989,5775,207.77360000000158,290.6422222222218
2990,3012,173.6017580535724,228.70865813743512
2990,3611,355.6596121754523,295.8108542079363
2990,5775,207.6817573049766,290.4996088246992
2991,3012,183.22998429017613,246.0493323205748
2991,3611,378.90203644537223,281.786053100342
2991,5775,207.69359999999892,290.4074074074077
2992,3012,206.08065455158737,273.93342079652075
2992,3611,401.7811040523907,266.4305486051837
2992,5775,207.7037978027704,290.5009564493335
2993,3012,235.20802914831393,285.2918308976775
2993,3611,425.09257603064043,253.14616325133122
2993,5775,207.79466666836583,290.52513580980485
2994,3012,263.19828365869455,292.4693194469803
2994,3611,446.95378688487153,235.52584764742645
2994,5775,207.68000000000484,290.5185185185184
2994,6762,10.294240001041999,288.0564174877596
2995,3012,292.0027360203318,297.93306627214713
2995,3611,465.78490693006984,206.82765515443214
2995,6762,26.844000009584764,288.5268148761908
2996,3012,321.5728713019701,302.742273207278
2996,3611,484.24043666125846,174.83291678831492
2996,6762,43.100320005920594,284.74646469656295
2997,3012,349.8929455697789,294.7933209856781
2997,6762,60.069840001031025,280.9524444654672
2998,3012,377.4636000078533,279.7678667477086
2998,6762,77.52099291308127,278.2838728819992
2999,3012,405.2694000840166,265.6005786245346
2999,6762,94.36597264897841,275.96939672369825
3000,3012,432.21617349333883,249.68753205176398
3000,6762,108.95905454566218,275.10074073866986
3001,3012,456.7575204248743,226.36289027918122
3001,6762,122.08335999999805,273.5857777777786
3002,3012,478.03072062289004,190.33026127779306
3002,5266,11.985173378159288,308.09219736452985
3002,6762,135.34940000086294,271.0387037210251
3003,3012,498.8745968030827,154.86641551720282
3003,5266,25.024966116277483,323.99714008734225
3003,6762,148.97656000057506,269.0508395177198
3004,5266,37.545178192935964,341.6580875013646
3004,6762,162.272479999998,268.5447407407404
3005,5266,50.003168035499364,358.74026653192084
3005,6762,175.28040000036754,269.17854814140196
3006,5266,62.40379200887559,375.8965481144616
3006,6762,188.50880000024517,269.9088592547616
3007,5266,74.8707200000058,393.46888888888844
3007,6762,201.74432000000022,271.31585185185213
3008,5266,87.27024004101736,410.96730849982663
3008,6762,214.2261672749953,274.9147339779809
3009,5266,99.28676001025565,428.706271569401
3009,6762,226.19637818332762,279.8701683309999
3010,5266,106.71328000000244,451.56355555555285
3010,6762,237.90688000316666,285.2517306061766
3011,5266,117.14863999999807,460.1444444444442
3011,6762,249.41248000571477,290.8262154277115
3012,5266,130.81444365432955,451.1922021369421
3012,6762,260.90058666907004,296.4555555301327
3013,5266,144.39741091358655,438.2315690527554
3013,6762,272.5320000045599,303.4327407047985
3014,5266,158.01491204099534,425.29644467425464
3014,6762,283.2103840034199,308.1063110949407
3015,5266,172.06512801024815,411.6891111685623
3015,6762,292.2362560002523,308.5298370422311
3016,5266,186.35488000000464,397.95229629629716
3016,6762,299.4482000000596,307.98466666691905
3017,5266,200.85967999999528,384.1567407407407
3017,6762,305.72793939404505,307.8123950618965
3018,4892,499.2692131784588,112.86354091841643
3018,5266,215.77053093275595,370.5799597382555
3018,6762,312.26314181822545,308.0482962962965
3019,4892,489.7224987220011,137.95370338655476
3019,5266,230.8946327331921,356.9412121567868
3019,6762,319.21663999999964,307.9154074074073
3020,4892,480.1702758169472,161.2875591167353
3020,5266,245.93362911263398,343.2174007932438
3020,6762,326.9221600003425,306.7149629696031
3020,6966,494.9609110150021,129.97849680663643
3021,4892,469.7704444133774,183.49267695514325
3021,5266,260.8418472781648,329.5013872353494
3021,6762,334.96161066714427,305.1127308733037
3021,6966,484.6717382425834,152.6725254910657
3022,4892,458.9206987140938,205.6029339341321
3022,5266,276.6623466768022,318.9102717103409
3022,6762,342.65644800066184,303.42930371453633
3022,6966,474.2819378076564,174.00916884275318
3023,4892,445.8959601369327,221.30992955061447
3023,5266,293.1727466691984,310.4610123720293
3023,6762,350.23740800032897,300.9073481532927
3023,6966,463.77528026891525,194.36444551070588
3024,4892,429.65932562859507,227.38510840019788
3024,5266,310.0954472737385,308.67252523277733
3024,6762,357.5959999999998,297.2589629629643
3024,6966,453.1631408319805,214.51810518834026
3025,4892,411.69537098022147,228.4654631215348
3025,5266,327.36234182044427,310.5204892925724
3025,6762,367.0061600003555,294.18880000624046
3025,6966,440.5979911250836,230.92533054666453
3026,4892,392.5304953552404,228.64578824860394
3026,5266,343.98888001317914,303.53225935804295
3026,6762,381.14408000295043,292.19416301317324
3026,6966,425.9275127352049,243.45456577551226
3027,4892,372.61421527409766,229.37818586950075
3027,5266,360.54888000316964,292.1746049654881
3027,6966,408.13336000000214,251.60496296296265
3028,4892,352.88707200035674,230.311733338179
3028,5266,377.20655999999855,281.38962962963035
3028,6966,389.4802400000009,255.61748148148132
3029,4892,333.7072320095763,231.97312605706188
3029,5266,393.7545745558157,272.3440674429494
3029,6966,370.94397600087575,250.85039258303877
3030,4892,314.6738720109295,237.30851866148205
3030,5266,410.103954739933,264.0981243085412
3030,6966,352.4400021897992,242.43331102513955
3031,4892,295.4819141880921,243.99566877721335
3031,5266,426.573897775246,256.1652213063941
3031,6966,334.5537454558968,238.48035691111446
3032,4892,276.3155214590006,249.44976438503352
3032,5266,443.3417600149983,246.80414820299455
3032,6966,317.64867637092044,245.75528627409992
3032,7705,494.1567121093715,137.30996324424717
3033,4892,257.6415040033521,254.22992598266504
3033,5266,457.48057340662393,226.65825948841746
3033,6966,300.5294836372497,255.17371718484384
3033,7705,481.5239462711696,163.68431404376472
3034,1635,100.72147434981845,494.4471324954627
3034,4892,239.12652266842315,258.6205284180085
3034,5266,471.45233335071566,202.79085190571644
3034,6966,283.1275127352313,263.6271583673071
3034,7705,468.7944071803907,188.37009804428993
3035,1635,108.77363824742758,475.60101052131773
3035,4892,220.36063127401235,260.3613010092645
3035,5266,486.408320000005,178.92859259259274
3035,6966,265.3733600000078,270.99977777777815
3035,7705,456.26891319634353,212.52479523706057
3036,1635,126.0651619434725,455.907382220442
3036,4892,201.5690181833645,260.19206733827605
3036,6966,247.1309280008859,274.4432073978813
3036,7705,442.4466841182357,232.31520976685061
3037,1635,145.2644667776866,439.4043464680448
3037,4892,183.10729600215836,261.3206074381453
3037,6966,229.10555200890713,273.9259258259485
3037,7705,425.5306360506785,244.75410577309486
3038,1635,164.06645161631275,420.31277334760154
3038,4892,164.60545066884492,263.7750716485687
3038,6966,211.08424000867788,268.7421998717725
3038,7705,405.7588480051197,253.2861556476702
3039,1635,181.0053136707046,396.4319555153397
3039,4892,146.06336808314492,266.4629061454833
3039,6966,193.00000000000296,263.16074074074123
3039,7705,385.2236102245996,257.4392517013457
3040,1635,192.05026595489585,364.14379042466646
3040,4892,127.97266909412997,268.9555879432062
3040,6966,175.00363636376903,264.024888888889
3040,7705,364.8789163810329,247.19044436302394
3041,1635,195.31162430469294,328.7659998498862
3041,4892,110.69395200243434,271.6830518997466
3041,6966,157.08341527400876,265.7281481481479
3041,7705,345.0800000000004,231.57999999999925
3042,1635,192.03797240534414,293.1269820816227
3042,4892,93.81510392598102,274.425111363318
3042,6966,139.61485600060254,265.1973333333335
3042,7705,326.71479999999576,228.57259259259277
3043,1635,186.72769704529287,262.3915832120791
3043,4892,77.02969061783733,276.9209137591528
3043,6966,122.88375781840102,267.07429629629576
3043,7705,308.46272000000226,240.50133333333434
3044,1635,179.86408005538863,241.14564006762197
3044,4892,60.05760000063675,279.4164444573093
3044,6966,107.86132909226923,273.18865397936355
3044,7705,289.5865600000013,256.8023703703699
3045,1635,170.3904879131346,231.55086483468068
3045,4892,43.14480000000003,278.95599999999996
3045,6966,92.90125341452834,275.40898869174237
3045,7705,269.77344000000016,269.93837037037105
3046,1635,160.31444458167982,232.37395614223422
3046,4892,30.40783999999462,273.00992592592354
3046,6966,77.96656975607846,277.3264703491582
3046,7705,249.26655999999863,278.2097777777785
3047,1635,150.8753679678705,234.7909508157251
3047,4892,20.720640005013138,265.04533330147063
3047,6966,62.77978000464941,279.53645562276085
3047,7705,228.1334399999986,279.03696296296346
3048,1635,143.7415759895424,236.85776036889283
3048,4892,11.843977154479717,257.58252549905956
3048,6966,46.740020000499385,281.6298518518521
3048,7705,210.58372000554073,277.0971555932744
3049,1635,142.49012400013726,237.7539204685828
3049,6966,30.280000000004748,277.8888888888926
3049,7705,201.74279200331625,281.0377407626641
3050,1635,142.43584347830503,237.8037103994135
3050,7705,200.0844367742053,283.0114542083937
3051,1635,142.4353701341346,237.8023080916125
3051,7705,200.10898750769115,283.2535120745741
3052,1635,142.4334624866242,237.7874054062976
3052,7705,200.13040410032488,283.6794164008678
3053,1635,142.4279200000018,237.79888888888846
3053,7705,200.16902514008163,283.8838071503489
3054,1635,142.42439587631964,237.78189461638343
3054,7705,200.16673672830848,283.92806055240436
3055,1635,142.4321237114134,237.80256891970987
3055,7705,200.14173458835728,283.94581612306257
3056,1635,142.44950873793243,237.81649370719694
3056,7705,200.20683624334765,283.9459873088208
3057,1635,142.44926808081686,237.80797059696602
3057,7705,200.21990696148634,283.9576400633512
3058,1635,142.44082461539165,237.7886837607297
3058,7705,200.21172380954454,283.9605811286665
3059,1635,142.43696338145352,237.80261763487243
3059,7705,200.20198825223076,283.96745719889174
3060,1635,142.16274384022313,238.1072969227316
3060,7705,200.21733710870706,283.99917519898213
3061,1635,141.54641943927743,238.75965524383847
3061,7705,200.16393828591333,284.14214290755746
3062,1635,141.54291800921615,238.75021149604737
3062,7705,200.22772363637387,284.2839865317277
3063,1635,141.54960447774783,238.75188172953398
3063,7705,200.2620292685356,284.310623305664
3064,1635,141.56407017568935,238.74809519084494
3064,7705,200.26452682937133,284.3164046971365
3065,1635,141.5632113304741,238.73663074234997
3065,7705,200.17993726626003,284.4614769611871
3066,1635,141.55282848907405,238.75663222599997
3066,7705,200.1320367179358,284.7502575533698
3067,1635,141.5497914530181,238.74709465025902
3067,7705,200.131526646548,284.9973101425731
3068,1635,141.54371259259563,238.72992592592612
3068,4218,495.60919424612274,126.14735769309115
3068,6033,491.0283709775416,149.8512055868546
3068,7705,200.10647898889601,285.08266143840723
3069,1635,141.55429068356736,238.7399132791821
3069,4218,488.6639709154781,142.6048619644884
3069,6033,476.9950618475207,174.2836701192334
3069,7705,200.1039825765588,285.1317243510898
3070,1635,141.55063414642143,238.7372050588332
3070,4218,481.51840003080395,158.20520007977845
3070,6033,463.24144000000445,197.8129629629628
3070,7705,200.10912452830837,285.1650188678627
3071,1635,141.54977196860162,238.75126859165084
3071,4218,473.45256000342255,172.57109630516078
3071,6033,449.76952538935393,220.9942651537704
3071,7705,200.12642264151336,285.18121872815703
3072,1635,141.54471063507003,238.74477312585051
3072,4218,465.9545529293706,188.29692765984296
3072,6033,434.48387317505075,239.51067458637553
3072,7653,498.28408010826877,119.65355579831049
3072,7705,199.9891767542141,285.0518600311409
3073,1635,141.54822218270397,238.747128142756
3073,4218,458.76945699215185,204.68327179759504
3073,6033,415.00895200351636,250.18059263651483
3073,7653,490.42436752449703,138.06068961963237
3073,7705,200.3013474162657,284.3968949282314
3074,1635,141.55302829373738,238.73268527615355
3074,4218,450.4885599999966,219.34807407407385
3074,6033,391.63520000274787,258.92217289167087
3074,7653,482.47508751862824,155.34720813316417
3074,7705,202.83691455884195,280.2390792607041
3075,1635,141.5430518067933,238.73648003257597
3075,4218,438.664114430635,222.36902139139247
3075,6033,370.3731200011765,263.6983915567479
3075,7653,474.3245600799696,172.25748169636955
3075,7705,195.51670412083638,262.99854781086606
3076,1635,141.53431941094425,238.75431443884443
3076,4218,426.45973729098677,224.11689790457757
3076,6033,354.0607199999983,262.9788888888918
3076,7653,465.8929632289954,189.29720955992502
3076,7705,182.43490415510905,243.0053181381393
3077,1635,141.53099151826325,238.7649363455797
3077,4218,414.2552937000835,225.86339621073014
3077,6033,348.5712000000035,260.5222962962972
3077,7653,457.38890098701,206.60904489049113
3078,1635,141.53049587828608,238.7600909831895
3078,4218,399.49362086821395,222.76046988370334
3078,6033,348.92007385087766,258.67992601040334
3078,7653,447.5310730625722,220.12639246568645
3079,1635,141.54932241994175,238.74669777248414
3079,4218,384.5399440000648,223.4529629619546
3079,6033,349.3731911083006,258.1715576629193
3079,7653,434.8281318572134,225.3087981953157
3080,1635,141.54594331981912,238.74853357775305
3080,4218,369.66116000077704,225.2465926060472
3080,6033,349.34494055238076,258.26544390729646
3080,7653,420.6535905049037,226.08055368298753
3081,1635,141.53952168553644,238.74437568901817
3081,4218,354.8356400000887,227.82661728544574
3081,6033,349.28762666765124,258.18200234307744
3081,7653,405.23088724566776,225.99510263634403
3082,1635,141.5378830771823,238.73320279756948
3082,4218,339.6995199999998,230.7592592592591
3082,6033,349.2344498574329,258.1679644726111
3082,7653,388.77064242527695,226.07864196771877
3083,1635,141.5360553847529,238.75352706592977
3083,4218,324.2742254582373,235.22385863769557
3083,6033,349.19870430037804,258.11918338452244
3083,7653,372.46266909291705,228.00681482877482
3084,1635,141.53018814429345,238.75608679646442
3084,4218,309.1194327320625,240.5091246473847
3084,6033,349.23563824535336,258.54335802699535
3084,7653,356.06664889083106,230.1893662940695
3085,1635,141.52213262977398,238.7740096070954
3085,4218,294.0863272732134,245.92582492277026
3085,6033,347.90152857461237,256.3244918886145
3085,7653,339.47120000558755,232.38065851466905
3086,1635,141.52802688273766,238.75692802611016
3086,4218,279.15743999999506,250.10814814814975
3086,6033,344.21248001940404,238.418296259979
3086,7653,322.9652711182865,235.93921821195752
3087,1635,141.54447857396008,238.7369616434849
3087,4218,264.09399273011786,253.77562294701937
3087,6033,327.67516002374407,237.81744461939059
3087,7653,306.99536000445846,239.99422230367574
3088,1635,141.54376057627076,238.731579821726
3088,4218,248.45953163737136,257.29648486776233
3088,6033,304.8781491379367,251.81168048844538
3088,7653,291.2835555597013,243.8329877284069
3089,1635,141.5343368285346,238.73096221345546
3089,4218,231.89059200007534,259.25607407558095
3089,6033,281.716106268687,267.68087203970856
3089,7653,275.46120000497183,247.8086832076576
3090,1635,141.54400000010241,238.72894379363441
3090,4218,215.8132000000029,260.37548148148136
3090,6033,260.30395219387174,288.3226527004632
3090,7653,259.2446444502059,251.83865853523236
3091,1635,141.5435200000053,238.72786126457913
3091,4218,201.70020000051352,261.3786666751081
3091,6033,240.24481613257765,314.03717087559403
3091,7653,242.5948222297052,256.29273262956656
3092,1635,141.54262822090462,238.72902370479366
3092,4218,187.32516000005944,262.20651851945667
3092,6033,220.72116809549243,341.1105040848161
3092,7653,226.3284404093383,259.39399183360524
3093,1635,141.53909251541336,238.72741558674758
3093,4218,172.1822399999985,263.38540740740757
3093,6033,201.2173849725724,367.54908513693493
3093,7653,211.66961818324808,260.1176296398382
3094,1635,141.5267308434244,238.7508257473112
3094,4218,159.02905454587255,264.2198316431734
3094,6033,181.32654675403788,391.87060284888145
3094,7653,197.6322000024595,260.81473405289125
3095,1635,141.52170242739146,238.73028107269255
3095,4218,146.04883636406157,265.23395959904315
3095,6033,160.9439019155332,415.8349041432199
3095,7653,182.63167273032366,262.6678788492032
3096,1635,141.53159329418486,238.73387203507957
3096,4218,132.97261818185575,266.7324511788756
3096,6033,139.9631200580353,440.168828619973
3096,7653,168.29631272892982,264.4749225768943
3097,1635,141.54456235295243,238.72808932460887
3097,4218,119.6097599999996,269.9167407407421
3097,6033,117.83087273930789,446.4644714658934
3097,7653,155.27864000091824,264.22653870849587
3098,1635,141.54127854959427,238.73115548975954
3098,4218,105.9989163643877,272.9073333479648
3098,6033,100.11632894183776,428.8019751304639
3098,7653,142.20150000097362,263.3978998362148
3099,1635,141.54236602742628,238.7359299845111
3099,4218,91.86135036407335,274.93750518095084
3099,6033,84.97010678299601,406.17597264898797
3099,7653,128.89070000400693,265.1091389408426
3100,1635,141.54881724141262,238.73136909330793
3100,4218,77.81404488309077,276.8326321955443
3100,6033,69.98760004012807,385.0397237605996
3100,7653,115.73271111672057,269.42544040460837
3101,1635,141.54834847892914,238.73524456141104
3101,4218,63.570562861940516,278.9219960524145
3101,6033,54.803839999998445,363.7688148148144
3101,7653,102.27440000280694,273.4179835867916
3102,1635,141.54744963886574,238.7359242606275
3102,4218,48.932509092562675,281.24585861764496
3102,6033,39.245679999998515,342.1971851851819
3102,7653,88.19075417316355,275.48199951794516
3103,1635,141.54025239444593,238.73873343787523
3103,4218,34.22050909801727,278.30624235087356
3103,6033,23.520071150394415,320.5471685614905
3103,7653,73.95533195143855,277.0670612537742
3104,1635,141.54272000000105,238.74592592592546
3104,4218,19.692334546223833,271.0820201934869
3104,6033,7.191973376698114,300.3492836936357
3104,7653,59.48754666857781,279.28108645553795
3105,1635,141.53960000000154,238.7568148148147
3105,4218,5.231272010235558,263.216651763968
3105,7653,44.61644000695628,280.17666660086206
3106,1635,141.54471933884565,238.74925925925928
3106,7653,29.597523647012736,277.34038369119384
3107,1635,141.54154512397326,238.75214814814828
3107,7653,14.819813644734836,271.35403188291104
3108,1635,141.551520000001,238.74296296296248
3109,1635,141.54368000000147,238.74659259259224
3110,1635,141.53472000000363,238.74718518518588
3111,1635,141.5484799999979,238.75103703703738
3112,1635,141.54447999999547,238.73992592592597
3113,1635,141.54422781163703,238.74459710683405
3114,1635,141.53903822715222,238.74050436038985
3115,1635,141.5382692520825,238.74412803934075
3116,1635,141.55062825486084,238.7366691288324
3117,1635,141.55456000000584,238.72066666666635
3118,1635,141.54752000000087,238.74081481481446
3119,1635,141.54959999999906,238.72437037037076
3120,1635,141.54567999999588,238.73037037037025
3121,1635,141.55080000000055,238.74407407407384
3122,1635,141.55623999999762,238.74029629629678
3123,1635,141.55855999999915,238.7193333333335
3124,1635,141.55104000000165,238.73399999999978
3125,1635,141.5500800000001,238.7455555555551
3126,1635,141.53759999999693,238.75755555555523
3127,1635,141.5372799999972,238.736222222222
3128,1635,141.54919317078114,238.73943541090802
3129,1635,141.55057073182206,238.72226287236685
3130,1635,141.55600000000845,238.72918518518514
3131,1635,141.55448340426173,238.7325925925927
3132,1635,141.5517412765962,238.74162962963007
3133,1635,141.55554983428146,238.7416775118587
3134,1635,141.5618072133941,238.7481206144406
3135,1635,141.56009637847262,238.74512188236685
3136,1635,141.5543646160728,238.74289031620765
3137,1635,141.56781621629705,238.74177377347115
3138,1635,141.5591178380305,238.74006473069252
3139,1635,141.56039999999564,238.73518518518532
3140,1635,141.54940400002488,238.73640740758907
3141,1635,141.53679600006058,238.750629630053
3142,1635,141.5512800000016,238.7328148148149
3143,1635,141.54714503817786,238.73135764758203
3144,1635,141.54339175574535,238.73785920238277
3145,1635,141.55280000000008,238.73533333333307
3146,1635,141.5641050000147,238.73793981496095
3147,1635,141.5649650000347,238.74677314848913
3148,1635,141.5637599999991,238.74903703703708
3149,1635,141.5538465823738,238.74403281721146
3150,1635,141.54908202554336,238.74106422781472
3151,1635,141.55240000000617,238.7455555555551
3152,1635,141.5423267945738,238.7444391677658
3153,1635,141.5523625206697,238.73571608281253
3154,1635,141.551266077351,238.7404745242494
3154,7865,494.5879280384321,140.6853408544917
3155,1635,141.54283872263534,238.7543103165226
3155,7865,480.86551999999926,166.0727407407383
3156,1635,141.5432861539091,238.7592022793661
3156,7865,465.2777673945627,194.91626968636288
3157,1635,141.55041565221154,238.75358695650917
3157,7865,447.40242272650386,224.8846395275399
3158,1635,141.55233481971038,238.74291527044167
3158,7865,423.3120305469953,247.14695397965892
3159,1635,141.55098936172692,238.74747084312276
3159,7865,392.7880000148974,258.62829638224594
3160,1635,141.54176000000461,238.75758024686732
3160,7865,362.1479200347608,273.1422224227713
3161,1635,141.55296503406188,238.74226610410477
3161,7865,333.67055999999815,296.7792592592595
3162,1635,141.55824285722247,238.7428650799257
3162,7865,302.5956000033756,307.8031852267906
3163,1313,496.6522053986472,110.28593694161736
3163,1635,141.45405714878223,239.3075343798854
3163,7865,273.06077334122506,322.31903713411623
3164,1313,489.6134751723662,135.51675766111626
3164,1635,144.49232989972927,239.26153204643708
3164,7865,248.2104800000036,352.9124444444447
3165,1313,481.8703709484055,156.41553835237775
3165,1635,158.27298973512086,234.55981452462237
3165,7865,225.4736123672552,388.0366688027408
3166,1313,473.41581457720906,175.86268561709707
3166,1635,178.19598004648125,237.22103015239827
3166,1880,493.807134581445,139.4964446261533
3166,7865,202.07204486331875,408.8182273053671
3167,1313,463.68404734680837,194.2960442176709
3167,1635,198.03141343442633,256.27180197729535
3167,1880,484.7429600028295,153.08774411735638
3167,7865,178.31318401489057,417.3680743050099
3168,1313,453.30522861911106,211.4181319301902
3168,1635,220.2236872986515,270.2221479613431
3168,1880,476.1103012414845,167.8440950079525
3168,7865,157.00352002499585,427.4893334900933
3169,1313,440.9972032824583,222.49054832344117
3169,1635,242.86140369685538,283.7456291937541
3169,1880,467.560144398073,183.83993933917165
3169,7865,140.42592008587917,441.6389264331997
3170,1313,426.0444000929379,225.76609216553956
3170,1635,265.3691200000003,292.46740740740785
3170,1880,459.5916850888193,200.9804273779614
3170,7865,126.96656006426849,454.8172966264647
3171,1313,410.38334739588214,227.00908406492815
3171,1635,288.9600000000013,297.1970370370369
3171,1880,451.10915384823784,216.92762729326188
3171,7865,115.33437335529868,467.95422231319606
3172,1313,392.8562000017945,224.66740743351332
3172,1635,312.65016000000287,301.95103703703666
3172,1880,439.41739310724813,223.05752900507736
3172,7865,105.27560718115978,480.7364397122973
3173,1313,374.7229200041971,225.81333339424825
3173,1635,336.5523200000018,300.27185185185215
3173,1880,426.06153896972216,223.55672175334362
3173,7865,99.5091040438706,490.1698814671374
3174,1313,356.4484000000021,228.56696296296298
3174,1635,360.3000000000009,288.0989629629629
3174,1880,412.4877545534008,223.96900758248717
3174,7865,99.04000000060535,495.5879393939391
3175,1313,338.3930545458838,230.08060605235192
3175,1635,383.7056000000041,275.0251111111113
3175,1880,396.8476000000021,223.64296296296305
3175,7865,98.80873079029072,497.47158563787997
3176,1313,320.2683272737323,229.7847474554886
3176,1635,407.1237440146223,263.06608534579357
3176,1880,380.2495520000884,223.67788889036677
3176,7865,98.87778517405081,497.8938569485445
3177,1313,302.54481454720235,231.23878790261676
3177,1880,363.6195680007893,223.8576666799683
3177,7865,98.67351999999697,497.9148148148149
3178,1313,285.4590472768126,237.8339125135125
3178,1880,347.5144800000811,225.5241555570979
3178,7865,98.590295392695,498.10129344322894
3179,82,400.5776000000048,255.95851851851847
3179,1313,267.6843200000036,242.9774074074067
3179,1880,331.3995555565816,227.38736709717554
3179,7865,98.99468924963004,498.00926494778076
3180,82,372.95266912809325,259.2374282230816
3180,1313,249.6300509093572,247.4400000038197
3180,1880,315.3422666696611,230.20037042151876
3180,7865,99.00407999999629,498.0125185185187
3181,82,352.8010472820256,264.58532001873357
3181,1313,231.84718545515807,250.70992593483953
3181,1880,299.43835555915257,234.36329223675756
3181,7865,98.74780640910274,497.90791733096484
3182,82,347.79443987051195,267.37697479234066
3182,1313,213.89463272792113,253.6225050634706
3182,1880,283.3587866745671,238.39888898559258
3182,6916,498.2081599999992,129.77688888888838
3182,7865,98.75066828790239,497.86168364879546
3183,82,347.0272606345202,266.44859925699313
3183,1313,195.18005636660007,257.739437763925
3183,1880,267.25140001592933,244.98437055792377
3183,6916,490.8182080228255,145.07380747946308
3183,7865,98.69991999999911,497.86296296296274
3184,82,346.95330844492787,266.2372279930465
3184,1313,177.25219333694042,261.59940746487996
3184,1880,251.3448800133773,252.31382237331258
3184,3699,498.4960000173726,127.9469630193164
3184,6916,483.2306720057045,159.26500742542405
3184,7865,98.75455999999473,497.859333333333
3185,82,347.1159404456057,266.13909218351984
3185,1313,161.54302400069184,263.38321729189727
3185,1880,236.24104800337193,256.07824450452733
3185,3699,489.8553066976171,143.5763457703376
3185,6916,475.66639999999893,173.14592592592692
3185,7865,98.76543999999683,497.7977037037036
3186,82,347.098888727611,266.1139366998746
3186,1313,145.84349600044732,263.66654814893155
3186,1880,221.0197520006545,258.83919259313126
3186,3699,481.89518223513346,159.0985843979773
3186,6916,467.67074496874216,188.1511057017966
3186,7865,98.83855999999753,497.8297037037036
3187,82,347.0045052955106,266.1054133921314
3187,1313,129.65311999999358,265.1683703703709
3187,1880,205.26907200026756,258.4814074126429
3187,3699,473.9086880292689,174.73087416244272
3187,6916,459.1589771892461,204.6419280487095
3187,7865,98.9655200000732,497.85172936064527
3188,82,346.99823126533147,266.0969879132158
3188,1313,113.7840727279439,269.942558935536
3188,1880,188.03827466934365,260.30969140927374
3188,3699,465.2180786720339,191.70684323816212
3188,6916,450.71727380139464,221.05941707048936
3188,7865,98.75592000015615,497.81988702669145
3189,82,346.9759548430489,266.09515882036504
3189,1313,97.81442247369624,273.91716392796314
3189,1880,171.6577054564641,262.7177205764073
3189,3699,456.30845776834803,209.95763866270954
3189,6916,438.5788914831676,224.35635898342855
3189,7865,98.73847999999441,497.8148148148147
3190,82,346.9416153070688,266.11055729385157
3190,1313,81.4506342531206,276.39676738864915
3190,1880,157.86446464724747,264.30171942158574
3190,3699,446.0751379813769,225.78036683495762
3190,6916,425.5056012752573,224.39639940928834
3190,7865,98.76971910112445,497.8741481481483
3191,82,346.93588029358693,266.1167981669983
3191,1313,64.65015999999991,278.8296296296298
3191,1880,143.96566545531584,265.0125117925026
3191,3699,433.6999586606896,237.91081252376145
3191,6916,412.2633083681523,224.23649604524942
3191,7865,98.88809123596218,498.01259259259314
3192,82,346.89251813969463,266.121255813482
3192,1313,46.92951999999991,279.00414814814866
3192,1880,129.450058186888,265.5637374508484
3192,3699,418.4015111202428,246.95244454404852
3192,6916,396.8044800000996,226.03120000059974
3192,7865,98.82544000000053,497.94214814814853
3193,82,346.8510532597827,266.12406875523175
3193,1313,28.71460000218463,273.17275922722484
3193,1880,115.33650183500356,269.393070861998
3193,3699,401.1553664686244,254.1334890012863
3193,6916,380.5230400009066,228.404148166391
3193,7865,98.71613229050126,497.83333333333314
3194,82,346.9276248535141,266.1264217489674
3194,1880,101.59741930281541,274.0448618362339
3194,3699,382.7835272852656,254.76669345239046
3194,6916,364.50874666743397,230.14871605932717
3194,7865,98.75460201117335,497.99629629629607
3195,82,346.8796553846448,266.13678632522533
3195,1880,87.29394473425828,275.4465597554021
3195,3699,364.37528535044294,248.2155603054921
3195,6916,348.7253466667971,231.23379012480294
3195,7865,98.58559999999557,498.07407407407453
3196,82,346.8643697787991,266.1286584450553
3196,1880,72.78427508002494,277.33807351285077
3196,3699,346.33819346161204,240.5803877994148
3196,6916,332.52709818352514,233.42700339914347
3196,7865,98.6174400000715,498.0058156471081
3197,82,346.9267286355,266.1233180522364
3197,1880,57.43880800261479,279.80348892593906
3197,3699,328.3610996392587,238.8511919504226
3197,6916,316.2625745458798,237.0029360349708
3197,7865,98.63840000015841,497.83702663337516
3198,82,346.92763904770567,266.12408465653914
3198,1880,41.27266327701762,277.96231306991757
3198,3699,310.36141674227224,242.49162306988526
3198,6916,299.70221091394137,238.61457245240138
3198,7865,98.65847999999744,497.81859259259244
3199,82,346.9515235362667,266.1511012898226
3199,1880,24.73527346308913,272.55618843450935
3199,3699,293.03802182719323,248.28083511298104
3199,6916,284.6106327284838,242.73393940939636
3199,7865,98.65371910118597,497.8183537248864
3200,82,346.98965161807564,266.16980061815696
3200,3699,275.9342400000003,254.11570370370384
3200,6916,269.59664000000197,246.88266666666746
3200,7865,98.70801123609965,497.81739325930306
3201,82,347.0142126835037,266.16671002762837
3201,3699,258.88112000000206,259.3814814814812
3201,6916,254.87856000000193,251.79111111111106
3201,7865,98.78807999999937,497.87555555555497
3202,82,347.0352177780751,266.14929712012935
3202,3699,242.58829091750727,264.60576440502905
3202,6916,240.54560000000495,256.0377777777769
3202,7865,98.8852853803877,497.97444633469956
3203,82,347.0712921465213,266.14458377024255
3203,3699,226.723127278342,268.2034478749573
3203,6916,226.00848000056317,258.7327901269056
3203,7865,98.9193725542367,498.0679550278804
3204,82,347.1617719255028,266.14739820588596
3204,3699,209.64408000637036,266.53207397420056
3204,6916,210.68464000014276,259.94360493913393
3204,7865,98.82640000000151,497.8739999999999
3205,82,347.23470577851117,266.1603884709378
3205,3699,191.24357333819265,264.63122463498956
3205,6916,194.20032000000106,261.30859259259245
3205,7865,98.78292420131004,497.8672567923288
3206,82,347.33765644556456,266.2158489596962
3206,3699,173.32780800088247,265.1685333379117
3206,6916,177.36000000000104,262.37585185185173
3206,7865,98.69711646972178,497.94547572531036
3207,82,347.5104250002346,266.33201203456446
3207,3699,156.39571200123214,265.4687380342926
3207,6916,162.86418909162194,263.63943435783165
3207,7865,98.76144000000238,497.9828888888891
3208,82,347.5842786561895,266.36422969907755
3208,3699,139.27016000261915,266.0434006992567
3208,6916,148.9419345461397,265.031542099792
3208,7865,98.82640000027777,497.9883432098762
3209,82,347.6878200458839,266.4730935206869
3209,3699,122.09224000372046,268.61887412992826
3209,6916,134.0313018189454,266.51468014772115
3209,7865,98.83048000064605,497.95791193415664
3210,82,347.77908759545886,266.60072198694286
3210,3699,105.84088727570816,272.1833751349125
3210,6916,118.8976000169862,268.82051883410793
3210,7865,98.84000000000128,497.92459259259215
3211,82,347.8548906090293,266.6936484511311
3211,3699,89.97467034636657,274.8590466959626
3211,6916,105.07968000421215,272.64185193006887
3211,7865,98.84792000006316,497.85538461538437
3212,82,347.896069749072,266.77262286578207
3212,3699,73.82999211069205,276.94088995729606
3212,6916,91.58254037934853,274.74474791873126
3212,7865,98.8424000001453,497.8544159544158
3213,82,347.9088567742042,266.74844157713903
3213,3699,56.69577600295156,279.36851857227805
3213,6916,77.91880394133271,276.45638201474054
3213,7865,98.74248000000023,497.81259259259224
3214,82,347.90656000116996,266.8021497942388
3214,1667,499.86902413728563,116.85208915017031
3214,3699,38.617973337302374,279.9720592408541
3214,6916,63.59044221162549,278.40568764765305
3214,7865,98.59200000006012,497.6517037037036
3215,82,347.86019716278014,266.79808702634733
3215,1667,491.85168009898405,139.01102244161567
3215,3699,20.16533689483026,276.177496213015
3215,6916,48.095200000000204,280.8574814814817
3215,7865,98.47592000014004,497.73950617283936
3216,82,347.7604892906197,266.6078040611137
3216,1667,483.6058241029775,158.27200767976834
3216,6916,32.13937454856364,278.88622217601846
3216,7865,98.60656000000004,497.76533333333316
3217,82,347.77810876516804,266.61774448314634
3217,1667,474.3110561097126,176.0910299309979
3217,6916,15.69924363714108,274.28829628474506
3217,7865,98.93744000005654,497.92948148148076
3218,82,347.89729885467864,266.8418567649036
3218,1667,464.43149923268714,195.0690922747673
3218,7865,98.9464000001351,497.8987654320981
3219,82,348.01884291584884,267.2117625684367
3219,1667,454.59241706318323,215.678741506103
3219,7865,98.94639999999981,497.86518518518517
3220,82,348.0852800234595,267.7489699979307
3220,1667,441.4021294186699,226.18309954353234
3220,7865,98.87906933361478,497.83138024851456
3221,82,348.1036207093996,268.3513221734544
3221,1667,425.3709936035216,227.4796865633968
3221,7865,98.76937511176891,497.8802082341882
3222,82,348.08638517588406,268.7749551036782
3222,1667,408.3287855916768,226.49053612662385
3222,7865,98.84808000000133,498.02214814814863
3223,82,348.00377600024154,268.9611423892693
3223,1667,390.2949810930801,225.76771380017635
3223,7865,98.78595397461652,498.0070249981432
3224,82,347.9773180561381,269.0624958140431
3224,1667,371.0582391125894,225.84986420345365
3224,7865,98.7983459407741,498.0296262302359
3225,82,347.9067935140256,269.1181081097367
3225,1667,352.02400969837754,226.66040405845345
3225,7865,98.77991999999949,497.9977777777782
3226,82,347.81837303711654,269.271294212893
3226,1667,333.7619636449392,228.44600014119544
3226,7865,98.82640000658228,498.05415619967806
3227,82,347.7577121712534,269.413461240763
3227,1667,315.3679578374965,233.70952482111696
3227,7865,98.83048001535656,498.1119694041869
3228,82,347.646679728,269.4287427552182
3228,1667,297.377566232837,240.1790322433841
3228,7865,98.81191999999886,498.12599999999986
3229,82,347.624599790139,269.62166355767516
3229,1667,279.5398448576566,245.10967018781636
3229,7865,98.74677455036192,497.8945412412739
3230,82,347.6932198819884,269.5302698208375
3230,1667,261.8735723765547,249.9343254394921
3230,7865,98.72735395085613,497.8075098098869
3231,82,347.8908374836078,269.2839264458173
3231,1667,244.64985601016792,255.51562236927404
3231,7865,98.69608000000198,497.69022222222236
3232,82,348.09267995687384,268.7110341973682
3232,1667,227.27020800358446,258.7121481891053
3232,7865,98.73185467794542,497.80440617794784
3233,82,348.1358731524597,267.73314613995524
3233,1667,208.89936000312616,258.53207402104704
3233,7865,98.71752758186688,497.8593181189155
3234,82,348.2020957908117,267.50305060135713
3234,1667,190.1844436435772,257.30940615117424
3235,82,348.24484978422447,267.7831637797583
3235,1667,171.40795927965257,261.4829011305646
3235,7866,98.85522373633705,497.67027431867007
3236,82,348.2102569416861,267.67616212858746
3236,1667,153.85411200734382,265.2890815986957
3236,7866,98.84005538478107,497.8199487188721
3237,82,348.2895911239109,267.65491686998575
3237,1667,135.83112145978131,267.67096709785255
3237,7866,98.81751999999892,497.8963703703705
3238,82,348.3275403340884,267.82632288677564
3238,1667,117.36133097786193,269.7146824898737
3238,7866,98.46914400171441,497.95376297064144
3239,82,348.35326014049315,267.94734929567966
3239,1667,100.05286842190174,273.17514592940273
3239,7866,98.6187493373211,497.7432247092741
3240,82,348.30854376424213,267.8796736249778
3240,1667,82.61948699772972,276.08534295334965
3240,7866,98.437440000003,497.9533333333335
3241,82,348.2860317330176,267.5957194308012
3241,1667,64.55817393135362,278.7660817278281
3241,7866,98.5984000000667,497.8918829547774
3242,82,348.2889253441044,267.4879917617063
3242,1667,45.567221337268506,281.57293823044506
3242,7866,98.61440000014909,497.8826404747283
3243,82,348.25197435271093,267.4765247352606
3243,1667,26.248312010230848,278.2801109427977
3243,7866,98.60248000000354,497.89111111111106
3244,82,348.27364331755575,267.17737425494727
3244,1667,6.987669103411919,273.29605030144256
3244,7866,98.65373229057582,497.83409973141437
3245,82,348.29388959112293,267.1607251284021
3245,7866,98.72412201134297,497.8198870276209
3246,82,348.3377996904324,267.2128268726479
3246,7866,98.83352000000059,497.7888148148148
3247,82,347.4499455119735,267.566729000202
3247,7866,98.69122726276599,497.7266583865765
3248,82,349.6748464706047,271.11468922215676
3248,7866,98.19953027978102,497.7135609267027
3249,82,372.1809600231529,277.14980729858183
3249,7866,98.32407999999589,497.76533333333316
3250,82,404.67127928102286,266.8066392315969
3250,7866,98.89744000006942,497.93695675563777
3251,82,438.43336649656067,249.3778697411402
3251,7866,98.85456000015893,497.90509662735303
3252,82,466.7151466690814,212.26661729812514
3252,7866,98.69351999999992,497.82081481481487
3253,82,493.60352000000603,166.9617777777781
3253,7866,98.59478933341734,497.76884938428753
3254,7866,98.57992177798224,497.77916708185654
3255,7866,98.61751999999342,497.84074074074056
3256,7866,98.72762000541286,497.83603701290536
3257,7866,98.75386001263394,497.91988883258176
3258,7866,98.77743999999893,497.9815555555549
3259,7866,98.7841723756901,497.9274074074067
3260,7866,98.79728220994366,497.91992592592527
3261,7866,98.84000000000128,497.9889629629628
3262,7866,98.78791999999977,498.0125185185187
3263,7866,98.72255999999766,497.9481481481476
3264,7866,98.80559999999947,498.0371111111106
3265,7866,98.70559999999786,498.1237037037038
3266,7866,98.74152000000151,498.0939259259258
3267,7866,98.77607999999896,498.0097777777777
3268,7866,98.82944000169061,497.7360493827163
3269,7866,98.64167273388433,495.46068761034644
3270,7866,99.11570038409081,489.5915084611278
3271,7866,105.82777609652226,480.8965257396305
3272,7866,123.21760022690056,463.60406380919386
3273,7866,147.6215202092044,438.7713120939314
3274,7866,173.74808005709497,410.37585214581964
3275,7866,202.45744000000116,381.9272592592571
3276,7866,233.8164800466592,356.12822245966004
3277,7866,264.7299601165861,325.5962599164652
3278,7866,298.75952573352436,310.9746615956337
3279,7866,332.87139430838806,304.29882550029544
3280,7866,363.35673605294005,287.7578967005672
3281,7866,391.74672803541966,270.21573365422125
3282,7866,418.6606360662631,256.94187105961186
3283,7866,443.1154867761023,241.58596982688584
3284,7866,460.7764001705322,217.58970425560076
3285,7866,481.4807467263779,182.49528415308092
3318,2952,493.1478733391669,127.8562654444153
3319,2952,486.58799800880723,144.19588754318303
3320,2952,480.10242425383353,159.3503044675699
3321,2952,472.89083333673545,173.0708271705319
3322,2952,465.60298000911706,187.6798574076699
3323,2952,458.27805430950434,202.80532824010498
3323,7874,496.02209097895695,121.03973748968232
3324,2952,450.8746235576035,218.06405175155885
3324,7874,489.06128034752214,140.64463456925137
3325,2952,439.2555166604865,222.93556975733298
3325,7874,481.3842803136083,157.36752339772676
3326,2952,426.7146153677339,225.42882221706927
3326,7874,473.37207275076594,173.42222228718816
3327,2952,414.1231477420684,227.78445581624362
3327,7874,465.06326615513274,189.88278215559086
3328,2952,399.4828000000001,224.4839999999999
3328,7874,456.5899934043699,206.92167097951585
3329,2952,384.4147054575973,221.57838378692563
3329,7874,446.35132959224677,219.28653167566182
3330,2952,369.4465752759447,218.00825247412558
3330,6373,498.09056015467945,125.49911137298531
3330,7874,433.4316333909243,224.18580950752775
3331,2952,354.5764720003217,216.3229259208801
3331,6373,490.0025600536253,144.49644459390788
3331,7874,419.54546380147235,226.33712964282117
3332,2952,339.63000000000136,217.49762962962916
3332,6373,481.21178190683054,161.8201349270798
3332,7874,404.4715600027928,226.08414810725108
3333,2952,324.8676800000027,222.51311111111093
3333,6373,472.21221825476505,178.88478137187548
3333,7874,387.8577600008356,226.3159629795375
3334,2952,309.71216000000254,229.15540740740735
3334,6373,462.92538233903997,196.68438833835467
3334,7874,370.89776000083816,229.76411112768602
3335,2952,294.1159999999957,235.9613333333326
3335,6373,453.5514182785448,215.12127972267248
3335,7874,353.9984000000004,233.57703703703737
3336,2952,278.29792000744646,243.176500084195
3336,6373,441.277736186197,223.93229308539242
3336,7874,336.9839999999982,237.19185185185142
3336,7994,495.75928494645893,125.0117660585599
3337,2952,262.1430133341591,250.46825309577426
3337,6373,426.71016411568985,224.7268443080592
3337,7874,319.36359999999695,241.07111111111013
3337,7927,491.25656892889134,146.93242808163066
3337,7994,488.8718510063313,140.1918738724586
3338,2952,245.7697599999949,257.3551111111112
3338,6373,412.1425413082022,225.52064775957993
3338,7874,300.9867999999983,245.97407407407434
3338,7927,482.23413334476163,164.01632102678488
3338,7994,482.6070954461983,154.7861125424046
3339,2952,229.2343200076806,259.47659259875655
3339,6373,395.2514909102888,221.9287542308781
3339,7874,282.0970000015137,250.4479629916896
3339,7927,472.5960939668113,179.7722607102179
3339,7994,476.452800068941,168.92769565395272
3340,2952,212.90272000085565,259.9716296303145
3340,6373,377.53760000206853,222.97481485440375
3340,7874,263.1560800027728,254.26159264485415
3340,7927,462.6562900469486,195.5012653389736
3340,7994,469.7443820194792,182.83216136033343
3341,2952,197.49479999999832,260.72288888888863
3341,6373,359.6640000016919,223.84049382945113
3341,7874,244.4250800012611,258.4380740976098
3341,7927,452.2636597611512,210.46159088490347
3341,7994,462.5655731604894,197.1114535712939
3342,2952,182.04784000000188,261.74822222222207
3342,6373,341.54120000105195,223.1929629464393
3342,7874,225.78170909137327,261.0078451184956
3342,7927,440.17686814465947,219.7537345565508
3342,7994,455.023480109233,211.9285928627559
3343,2952,166.85975999999926,263.45666666666625
3343,6373,323.2856000106267,228.2213334582013
3343,7874,207.62450909136587,261.4019191925694
3343,7927,426.32046615223027,222.87355787107964
3343,7994,445.40817703467326,221.90440093440046
3344,2952,152.42576000000042,265.25814814814777
3344,6373,304.5123200117189,236.59918532396617
3344,7874,189.95944000053555,261.6345926028449
3344,7927,411.81777828582653,225.57898294140654
3344,7994,433.62106076107807,225.58865352594015
3345,2952,137.5598800007583,266.87658519916215
3345,6373,285.56112003067256,245.3592595682641
3345,7874,172.39984000101174,262.54843099428405
3345,7927,395.433170911179,227.2228094665909
3345,7994,421.44402624645636,227.95039090633696
3346,2952,122.76596000008283,268.9136370385894
3346,6373,266.6436000167721,254.46948164618033
3346,7874,155.6060000004635,263.87087542847553
3346,7927,377.98773091057626,228.54343975030545
3346,7994,408.0711647003511,227.85436858635188
3347,2952,107.92008727449456,272.0999192252933
3347,6373,247.160509094158,258.0355556218983
3347,7874,140.27181818259464,265.1602693751185
3347,7927,360.11966545673715,229.31191246883697
3347,7994,393.3380000051898,224.932510195877
3348,2952,93.13681580965522,274.40957860218583
3348,6373,227.57136000091123,258.7898518565381
3348,7874,125.88145151770502,267.6636644624615
3348,7927,342.1632800021689,229.6469382491313
3348,7994,378.48337778377186,224.776748981244
3349,2952,78.15021150715154,276.4333882845813
3349,4227,499.0871806357143,133.08976438228905
3349,6373,208.34800000000087,257.52074074074096
3349,7874,111.61795333612473,271.3911358475276
3349,7927,323.94453495362995,232.77018112873725
3349,7994,363.43120000590255,227.88561739336188
3350,2952,62.598171455834404,278.58598873480565
3350,4227,492.9227484660146,146.0761185867989
3350,6373,188.69185455191086,259.574882281425
3350,7874,96.93135587223765,274.24570447508324
3350,7927,305.6139163788328,240.52144461829573
3350,7994,347.96840000569773,230.83703714524682
3351,2952,45.88060884842207,281.19625816628724
3351,4227,485.8878269256502,157.31462902696137
3351,6373,168.70048000209295,263.38148152153076
3351,7151,495.5148462001694,142.2700655749616
3351,7874,81.23345239630453,276.332548659034
3351,7927,286.9105466852068,249.0017162506981
3351,7994,332.1490000072629,233.80388901831006
3352,2952,28.711437147862853,278.13860756854456
3352,4227,477.7716654715732,167.61838615644132
3352,6373,151.58872727518542,265.7443098136645
3352,7151,486.5972801430769,162.64703746397302
3352,7874,64.33553652580883,278.5799923660344
3352,7927,268.5872000017247,258.5797778003314
3352,7994,315.85884001656837,237.45666695702593
3353,2952,11.22326953143954,273.72813831885503
3353,4227,470.20983698668437,179.59027831580744
3353,6373,133.3488000011414,266.8258518718774
3353,7151,475.3394240999353,181.1724373667818
3353,7874,46.49312000072143,280.12022223671454
3353,7927,250.6626666706904,265.18348153410653
3353,7994,298.9752400170403,241.61500029834326
3354,4227,463.1120009758422,193.22181589366605
3354,6373,115.31200000000013,270.1681481481464
3354,7151,464.0170205559332,200.88543573998186
3354,7874,28.239999999999558,277.19851851851996
3354,7927,232.07360000304618,264.7392221731533
3354,7994,281.9510000077429,246.02518531672723
3355,4227,456.10187844321445,207.3358562445491
3355,6373,97.72624000263477,274.26592597453106
3355,7151,452.5392078890343,220.60533478446231
3355,7874,9.728800000004867,270.6962962962973
3355,7927,213.4504693407456,261.25988877232766
3355,7994,265.3739555622451,250.537921926012
3356,4227,448.243495881062,219.41853700506942
3356,6373,80.04015113272658,276.2972648807678
3356,7151,439.13006270230085,236.21801558410493
3356,7927,194.72990400070162,260.31866666184465
3356,7994,249.15515556386083,254.88151454363606
3357,4227,437.5534598644248,224.06684451056068
3357,6373,61.960088892186604,278.7507819543229
3357,7151,421.9674230564283,246.9957982244717
3357,7927,175.58552000000077,261.74674074074034
3357,7994,232.93680000547567,258.7304445290002
3358,4227,425.9348960140534,226.01105222588868
3358,6373,42.77360000125441,281.410976410305
3358,7151,401.1661382261343,257.1533607178142
3358,7927,157.76127999999744,263.63451851851846
3358,7994,216.65220000215868,260.8625926257657
3359,4227,413.9944261650055,226.6898975627607
3359,6373,23.17440000000488,276.3755555555543
3359,7151,379.0583807014207,269.4231523551223
3359,7927,141.49168000202053,264.6670370694084
3359,7994,199.97860000275693,261.95222227217175
3360,4227,400.952400000009,224.52444444444563
3360,6373,3.0510222272596366,270.7663373697824
3360,7151,357.3671468046291,285.16311210178856
3360,7927,124.98984485546032,267.3825208737428
3360,7994,182.94414737275417,263.4196297098277
3361,4227,387.007963636595,223.0977441044286
3361,7151,335.9194880908683,299.0792598693355
3361,7927,108.75926909655675,271.54190985396775
3361,7994,167.32934737187293,264.75796302504875
3362,4227,372.79226181871996,223.0298720461352
3362,7151,313.9897120300054,306.8570642638111
3362,7927,92.92585375313138,274.44080694891284
3362,7994,152.91650909267673,265.8943939670326
3363,4227,358.30712000000057,223.36185185185232
3363,7151,291.38121606004455,312.0171966130831
3363,7927,77.06401148292572,276.5534657875119
3363,7994,137.92713766614497,266.6489530369835
3364,4227,343.5401600000005,223.67000000000004
3364,7151,269.0802560993336,321.38072665045246
3364,7927,60.783636364753306,279.16798655401044
3364,7994,122.87562857845558,268.00529988680745
3365,4227,328.60232800178716,225.89399261742903
3365,7151,248.07213544988826,334.55615314993236
3365,7927,43.71685818345383,280.60707068247194
3365,7994,108.46540000593166,271.5998149136594
3366,4227,313.41263202251014,231.59063927644263
3366,7151,229.0520030597293,353.432280944342
3366,7927,26.202589094727383,276.46827603687865
3366,7994,94.2532890243939,274.9760542412356
3367,4227,297.7468000428155,237.56095570734325
3367,7151,210.22641610610094,372.26368944506885
3367,7994,79.87034011971161,276.6698515390911
3368,4227,282.1117381840713,243.61589901569093
3368,7151,191.43253874474567,391.1088349944858
3368,7994,65.11725109759823,278.87169857717
3369,4227,266.89250909616817,249.01494955513127
3369,7151,172.4043201277857,410.3010871057766
3369,7994,49.602600002020836,281.3937531226083
3370,4227,251.31066182063023,254.46767006125782
3370,7151,153.28316818955045,429.35611952258546
3370,7994,33.814000011307144,279.6977036082007
3371,4227,235.71789091480298,259.39246471083743
3371,7151,134.2154721377142,447.2219312680308
3371,7994,17.87860001492732,274.585740540128
3372,4227,220.08960000021318,261.4763164984872
3372,7151,116.55149100895756,448.9356627634589
3373,4227,204.14867636431893,262.1408417527993
3373,7151,101.56525107637206,428.9716492231035
3374,4227,188.13794181884361,262.44637037688847
3374,7151,88.36301394892757,410.4861651736327
3375,4227,172.71301090976124,262.79080135352115
3375,7151,77.2256640789351,394.88002933779273
3376,4227,158.96777454573055,263.2548148148144
3376,7151,67.08459740591478,380.45106144410835
3377,4227,145.8183999999966,264.0370370370366
3377,7151,57.07898677790467,366.1630119153649
3378,4227,132.7772800006852,264.8821111237267
3378,7151,46.299651028175504,351.2407537378661
3379,4227,119.13440000198648,267.80870374078125
3379,7151,34.54856445916448,335.4038864925435
3380,4227,105.04603287037867,272.8554473292846
3380,7151,22.446192097386305,318.6026761633525
3381,4227,90.63860083047756,274.84915192959215
3381,7151,10.303377896382246,300.9817938055197
3382,4227,76.17245853767771,276.95817100012164
3383,4227,61.38020800144432,279.2508518796781
3384,4227,46.024701093271005,280.4641218850312
3385,4227,30.366654548649876,277.6035757098154
3386,4227,14.490370910480124,272.5087609222063
3387,537,491.54426673484295,147.04321011463995
3388,537,481.27250917364677,163.4665996096991
3389,537,469.9264000000028,183.00370370370024
3390,537,458.879426688668,203.4694355132922
3391,537,449.48239999999373,221.89851851851472
3392,537,435.2627265178228,224.4293938201243
3393,537,420.95895582193634,226.71707368573712
3394,537,405.2401600013013,227.38599997373842
3395,537,386.9916800016199,228.23525929150622
3396,537,368.059999999997,229.80370370370352
3397,537,349.5384000000115,231.83111111111066
3398,537,331.0200000095904,235.585703816505
3399,537,312.4063999999976,243.2851851851865
3400,537,293.4516000125541,251.44703717393259
3401,537,274.50640000000135,260.95037037037105
3402,537,256.871040004512,269.833925976521
3403,537,238.225120000709,273.74074075541046
3403,2273,16.27619636673103,287.2110773811747
3404,537,218.6065454657296,272.48195272756345
3404,2273,39.14416727710602,285.0527138407204
3405,537,200.22559999999885,264.7903703703709
3405,2273,62.89639709530434,280.44507348733515
3406,537,182.86944000106473,261.9770370558487
3406,2273,87.88327200312665,277.0734889496533
3407,537,165.33759999999802,263.71111111111145
3407,2273,113.6027527328173,273.89464320832536
3408,537,148.51599999999507,264.4466666666665
3408,2273,138.9573134580985,271.25161958684
3409,537,131.4743999999905,266.11851851851975
3409,2273,161.94747200064683,270.2010000073731
3410,537,114.58346666782973,271.3367901403707
3410,2273,181.5643999999952,271.0637037037027
3411,537,97.93541818589233,273.95286203070344
3411,2273,198.15327999999624,277.06837037037315
3412,537,81.49507865655892,276.0087324434968
3412,2273,202.98071999999593,290.09859259259383
3413,537,64.82639999999833,278.3422222222216
3413,2273,203.11290909112583,293.5672121203523
3413,8071,5.441585470089194,296.274558866936
3414,537,47.01424000322163,281.7540741316713
3414,2273,203.00869818191018,292.8161279457595
3414,8071,17.22437820513278,310.947690152257
3415,537,29.158240005568814,279.4411110248367
3415,2273,203.0196799999959,292.76688888888856
3415,7654,13.005792001239344,294.7932444194663
3415,8071,26.85556364792205,325.58084844392687
3416,537,10.926044450678774,274.08609044404943
3416,2273,203.03762181818456,292.78613468014305
3416,7654,28.71500800030617,294.64468147523723
3416,8071,36.326705492372184,339.71693185191685
3417,2273,202.99032363637252,292.7425952861868
3417,7654,42.0975999999996,285.2536296296293
3417,8071,45.97104003073582,353.2533035938545
3418,2273,202.96204000000046,292.71456296295753
3418,7654,57.951898184670654,281.12599332205315
3418,8071,56.152160016096104,366.85099254007736
3419,2273,202.9886800000014,292.7441111111277
3419,7654,75.71448827196946,278.54354838088824
3419,8071,66.64352002414375,381.23174806937567
3420,2273,202.98670181818352,292.7333164983168
3420,7654,94.33209843144596,276.47765140148283
3420,8071,77.06021334403088,395.74240325308097
3421,2273,202.96884363636195,292.72848484848146
3421,7654,113.24880000000121,275.1755555555557
3421,8071,86.87435639054911,409.9183523118308
3422,2273,203.00605333333863,292.7941481481091
3422,7654,131.48502400590246,272.7176297266296
3422,8071,96.31732657520843,423.4754692440652
3423,2273,203.0399517460387,292.8372874779519
3423,7654,149.3453650932804,270.1583333736699
3423,8071,109.1602080201824,441.21909621770186
3424,2273,203.01542666666705,292.81419259260997
3424,7654,167.64520727295235,268.9170370410583
3424,8071,128.61526405828158,448.09057799409646
3425,2273,203.07240444444233,292.8822683127643
3425,7654,186.30170181943188,270.00937371260704
3425,8071,149.76289608741922,425.9794966207722
3426,2273,202.98149333332788,293.269604938273
3426,7654,204.8506618201236,272.6268282439983
3426,8071,170.74746672455717,398.8982553984619
3427,2273,202.9105600000014,292.8840740740746
3427,7654,221.4403490913162,278.9318249076667
3427,8071,192.38176008683922,371.85353124584464
3428,2273,202.97800000000106,292.7002222222215
3428,7654,236.73757091519516,286.3320134019325
3428,8071,209.2295999999976,340.4942222222229
3429,2273,202.83842909091334,292.6367070706135
3429,7654,252.23607272879917,293.0444848319633
3429,8071,213.60536001723176,300.8200740224527
3430,2273,202.75749818181453,292.57178451174195
3430,7654,268.0139200000019,298.41540740740857
3430,8071,204.33548005903958,266.8674590126112
3431,2273,202.75831999999806,292.56444444444327
3431,7654,283.92003200207796,302.76933329475963
3431,8071,185.72816004978563,245.49250344988204
3432,2273,202.74712000000136,292.57045185185194
3432,7654,300.21936000417554,306.804592528243
3432,8071,171.07268127422574,232.21676205503417
3433,2273,202.7852799999988,292.57191851851604
3433,7654,316.7744480009196,309.649555541879
3433,8071,162.15866866758347,232.31703137748428
3434,2273,202.85719999999858,292.6019259259245
3434,7654,333.61990858125176,309.9299683352583
3434,8071,156.1460668483278,233.94348621984727
3435,2273,202.82140363636984,292.5564579124695
3435,7654,350.04797714531713,301.9282328245554
3435,8071,150.13342622630492,235.56931711116258
3436,2273,202.89128727272896,292.6224713804766
3436,7654,366.0987199999988,290.7961481481476
3436,8071,145.66429673304583,237.56468059342416
3437,2273,203.174479999999,292.9596296296295
3437,7654,381.68511999999964,281.0026666666663
3437,8071,144.44149448834878,238.23189940585277
3438,2273,203.22053333334736,292.97125925929345
3438,7654,397.1718400098655,272.1659260181932
3438,8071,144.58278502477583,236.96396093064487
3439,2273,203.16366400001698,292.945696296363
3439,7654,412.95212486487003,263.89723623447446
3439,8071,144.5838149390977,237.44892329074796
3440,2273,202.7904560000087,293.5120296296336
3440,7654,428.97644322726137,255.18119063866496
3440,8071,145.0877825567011,237.96718097489
3441,2273,206.14900000000262,293.71249629628807
3441,7654,445.1720480029144,243.97093335941622
3441,8071,145.91068272240477,237.92698709640447
3442,2273,225.60183999999768,292.79666666666617
3442,7654,459.275200000003,223.3426666666669
3442,8071,145.10081876696745,237.48514736571315
3443,2273,252.15745454824855,293.03781139268324
3443,7654,473.91280000000506,200.01170370370346
3443,8071,143.7699460153533,236.1973116695002
3444,2273,278.8402254588965,295.84501674956255
3444,7654,489.13744000000634,176.10414814815135
3444,8071,143.37351679764313,235.86190445525568
3445,2273,305.32094546361975,301.9457507012955
3445,8071,145.10022088391224,236.0816145961171
3446,2273,331.9023374852702,303.4124298383021
3446,8071,155.56085164200113,234.1542515470836
3447,2273,358.0955680117478,292.8072741844352
3447,8071,175.02718047419762,237.81985559047337
3448,2273,383.99240000000026,278.4510370370363
3448,8071,195.96367999999757,257.80681481481514
3449,2273,409.9175138111883,265.44020045787687
3449,8071,211.80095999999935,286.7605925925931
3450,2273,436.47670913526326,251.435884309382
3450,8071,213.73712024635776,324.73440102401077
3451,2273,459.93722922746997,222.89107793259166
3451,8071,204.65872036953442,357.27063857305285
3452,2273,482.47001153816655,186.447291376735
3452,8071,185.52668806076895,380.7487706318291
3453,8071,166.13235209115373,404.92115594774214
3454,8071,146.35600000000068,429.71777777777385
3455,8071,127.32144000000176,447.39362962962883
3456,8071,110.06256000000009,442.2100740740762
3524,8116,495.58711999999844,130.7803703703667
3525,8116,487.9370399999994,146.37725925925915
3526,8116,480.1142400000048,161.11866666666265
3527,8116,472.35135999999954,176.23170370370266
3528,8116,464.8455245598939,191.10490831624128
3529,8116,457.53696939554453,206.07089927793675
3530,8116,450.3366399999993,221.37688888888917
3531,8116,438.97109252917005,224.65537481547716
3532,8116,426.9336743349925,226.03382146606265
3533,8116,414.87310375601623,227.34916460319755
3534,8116,400.4580646196939,227.70806886607554
3535,8116,385.08000000000266,227.46133333333373
3536,8116,369.17400000000214,226.96444444444475
3537,8116,352.8936400006063,228.03125927086865
3538,8116,336.85516000006936,229.0022222235124
3539,8116,321.3418400000023,234.69762962962992
3540,6155,493.9978092843359,135.00668134938132
3540,8116,305.2052000000009,240.638666666668
3541,6155,485.53086436736464,154.16587693824303
3541,8116,288.3668,245.94629629629682
3542,6155,477.14374005338414,173.1876853007106
3542,8116,272.1881599999995,254.01503703703753
3543,6155,467.6364733377875,191.00072223628993
3543,8116,256.17408000008487,260.1003333318377
3544,3807,497.1119999999928,132.78888888888883
3544,6155,458.00394015250276,209.06062562200268
3544,8116,239.5752800017408,259.3423333447156
3545,3807,489.0792727656958,148.89158260438663
3545,6155,447.41520477351287,224.59655789715606
3545,8116,223.10128000034126,260.29400000426995
3546,3807,480.89039999998704,164.08888888888828
3546,6155,432.53523639012195,225.14953414906725
3546,8116,206.731712002661,262.45376301709
3547,3807,472.64778185152636,178.68000010273732
3547,6155,417.5275428110666,225.46410380986393
3547,8116,191.34468800112757,263.4503481707691
3548,3807,464.5018331471306,193.43529361179557
3548,6155,401.126959999998,223.9971111111112
3548,8116,175.90928000009512,264.4949259277749
3549,3807,456.54690912671185,208.8912458826484
3549,6155,382.89464000000237,227.5675555555554
3549,8116,160.5619600000614,266.45481481481426
3550,3807,448.2584412564222,223.3525260655198
3550,6155,368.095120000001,246.75281481481525
3550,8116,144.91892000008932,266.7177407394217
3551,3807,435.50051321159344,224.24910465604376
3551,6155,355.74568000000284,259.89977777777807
3551,8116,129.43873000076678,268.0016574163786
3552,3807,422.7425424844,225.14494392445906
3552,6155,351.8556210527015,265.12353996087046
3552,8116,114.35945000175707,271.20858334434473
3553,3807,409.54399999999396,225.09407407407343
3553,6155,352.4933094743341,265.8114892774652
3553,8116,99.6993478806155,273.8873984559336
3554,3807,393.3930909103367,220.4791245540376
3554,6155,352.6215999999994,265.6040740740777
3554,8116,84.87060199708196,275.9337904117205
3555,3807,376.7821600007153,220.1331111129008
3555,6155,352.58280000000354,265.6423703703703
3555,8116,70.02453880774283,278.22656331890005
3556,2036,183.64207999999675,259.5355555555556
3556,3807,360.03200000000675,219.56666666666712
3556,6155,352.5619600000118,265.3430000000154
3556,8116,54.62384000000099,280.8625925925927
3557,2036,190.16486803186012,311.94864940371247
3557,3807,342.9559999999981,218.73333333333233
3557,6155,352.59965200006206,265.2183777778907
3557,8116,38.89720000000125,282.2382962962957
3558,2036,180.2190721838565,361.8382713363215
3558,3807,326.0039999999947,224.15185185185237
3558,6155,352.5829429750547,265.2183218319701
3558,8116,24.308320000002368,273.9114814814809
3559,2036,159.0615681655754,404.85675756218865
3559,3807,308.75839999999926,230.50740740740693
3559,6155,352.55455477529324,265.0584816732113
3559,8116,9.334176041763273,263.4715256128237
3560,2036,134.3981279634238,444.07610353732196
3560,3807,291.42887273652605,237.42511795563016
3560,6155,352.5289211155399,264.8857081304241
3561,2036,111.38261413754833,474.0890155231405
3561,3807,274.02399999999716,244.59407407407463
3561,6155,352.5647500418171,265.0019744019856
3562,2036,100.95590331636174,488.8958094346552
3562,3807,257.0845600074108,250.66814824484206
3562,6155,352.49906917978024,264.9806566574051
3563,2036,99.51819647405843,494.8442657852075
3563,3807,240.70160000000556,257.7170370370363
3563,6155,352.5961900845629,265.4859790042907
3564,2036,99.6275169027598,496.19659258909167
3564,3807,224.90960000000086,262.4074074074072
3564,6155,352.6106832909477,265.642867741841
3565,2036,99.63896338028405,496.2259259259254
3565,3807,208.68960000000243,262.3281481481479
3565,6155,352.5121120005065,265.9483703751868
3566,2036,99.63844732394305,496.2259259259254
3566,3295,495.4372800000044,131.99777777777788
3566,3807,192.44239999999877,262.91111111111155
3566,6155,352.56180088947417,265.86629958761796
3567,2036,99.63962085377204,496.23314586670375
3567,3295,485.9936000255266,154.4612445106137
3567,3807,175.83040000000096,263.88296296296244
3567,6155,352.5392693385959,266.03810739973176
3568,2036,99.63981981107679,496.22196370727846
3568,3295,475.9022880605744,174.9935260932518
3568,3807,160.15786666744134,263.89493827273736
3568,6155,352.5197120000275,266.0978851856941
3569,2036,99.63990425201303,496.2229017206481
3569,3295,465.31146316658806,194.4896001664167
3569,3807,144.4944800034193,265.937407465737
3569,5128,496.8692606430988,120.1858900687085
3569,6155,352.5619266666763,265.9709827159067
3570,2036,99.6406817009489,496.2289537467699
3570,3295,454.2166386502083,214.26381109035896
3570,3807,128.02800000000047,268.19037037036986
3570,5128,492.18292205131775,134.33611079568243
3570,6155,352.52803511123943,266.1437975297711
3571,2036,99.64480949088625,496.23653961281366
3571,3295,441.19220032836216,231.61295024307682
3571,3807,112.12560000000167,271.2518518518523
3571,5128,486.7558400213534,146.9481646655948
3571,6155,352.51033600056644,266.1662074091069
3571,6485,492.1360619050506,130.39392627193845
3572,2036,99.64753600000279,496.2387333333338
3572,3295,424.5700102819501,243.6451223565441
3572,3807,96.85090909280234,274.3065320234088
3572,5128,481.1078400142651,159.3643951016541
3572,6155,352.4184120002548,266.3141123475667
3572,6485,483.9799086014943,148.31879780836067
3573,2036,99.6519569230776,496.2286666666671
3573,3295,405.71172446287164,252.48033766194976
3573,3807,81.7070247026436,276.1985749282718
3573,5128,475.3877382013547,171.9252795008597
3573,6155,352.42792192638035,266.28170194137545
3573,6485,476.0804291014483,166.25527181621447
3574,2036,99.64857582417608,496.22392592592604
3574,3295,385.45559467756107,255.73135796422463
3574,3807,66.54123636577651,278.34094280090005
3574,5128,469.38477828813575,184.76764398543733
3574,6155,352.51552531672303,266.1667358379403
3574,6485,467.5907863963039,183.53146251481968
3575,2036,99.64640000000031,496.2237037037036
3575,3295,364.7576000237507,249.92142196670142
3575,3807,51.0695999999939,280.88740740740724
3575,5128,463.013211047371,197.84399119642336
3575,6155,352.54465200037544,266.1542790130629
3575,6485,459.0216757698022,200.8842332378562
3576,2036,99.64321158021902,496.22481079396977
3576,3295,344.5792320193027,241.92865174444768
3576,3807,35.23941818915546,280.3905723039706
3576,5128,456.4776000473307,211.26810786735527
3576,6155,352.549852003562,266.08204198309136
3576,6485,450.0988363570684,217.3221946712349
3577,2036,99.63943353437799,496.2257337265159
3577,3295,324.6340480158051,242.25856314287063
3577,3807,19.156000000003814,273.3688888888892
3577,3816,0.10800000000585896,291.88740740740803
3577,5128,448.6398268270068,222.01428621562846
3577,6155,352.4225640020654,266.3001666784493
3577,6485,437.1561778163573,222.08530379695014
3578,2036,99.63839999999777,496.2259259259254
3578,3295,304.548992016488,251.72388165320035
3578,3807,2.612000012078397,266.50033656868845
3578,3816,18.022160000742815,293.99059259438377
3578,5128,438.23797904660074,226.13845704770074
3578,6155,352.49826819143664,266.1660837738993
3578,6485,423.231780691126,223.98921977865592
3579,2036,99.63879472432325,496.2259259259254
3579,3295,284.2568000000017,262.28222222222206
3579,3816,34.73759999999402,287.8940740740736
3579,5128,426.8175393068168,227.1278473154761
3579,6155,352.5109393061063,266.1769969659757
3579,6485,408.6230755966528,224.13247572345773
3580,2036,99.63968916756698,496.2259259259254
3580,3295,263.6546909137178,272.4992862717082
3580,3816,52.60240000000067,282.47259259259306
3580,5128,415.1129170342756,228.06236074276165
3580,6155,352.56742232107405,266.0759832197175
3580,6485,392.22910400064393,222.93136295204198
3581,2036,99.63999999999942,496.2259259259254
3581,3295,242.523188371498,278.06489976558726
3581,3816,71.46640000000275,278.74592592592575
3581,5128,402.36880000000156,228.80874074074063
3581,6155,352.6192204446704,265.89202057586346
3581,6485,375.1057018188669,222.296080806075
3582,2036,99.64112000000057,496.2255802469131
3582,3295,222.02492803296082,273.65128869640665
3582,3816,90.83886439480011,276.2652450447789
3582,5128,388.59824000000003,229.2688888888883
3582,6155,352.5814040024057,265.94434073922923
3582,6485,357.8430254560408,221.80695845680586
3583,2036,99.64160000000106,496.22474074074097
3583,3295,203.43803561349205,261.3454976111349
3583,3816,109.72960000131593,274.0788889156327
3583,5128,374.6737066671983,229.2965432008589
3583,6155,352.62458000665896,265.7076259340476
3583,6485,340.20946666826154,221.64422221114256
3584,2036,99.64160000000106,496.224444444445
3584,3295,190.12425698709535,248.0646912451301
3584,3816,128.11839999999393,271.69037037037015
3584,5128,360.7200000008004,228.64259257906627
3584,6155,352.59766252039014,265.90824525021037
3584,6485,322.4366666734875,225.53212847459235
3585,2036,99.64160000000106,496.224444444445
3585,3295,186.3331374568338,242.7469629517658
3585,3816,145.9359999999947,270.2133333333334
3585,5128,346.68736000000075,227.66814814814816
3585,6155,352.6476024034236,265.5795504659379
3585,6485,304.45560000162004,232.1709333536548
3586,2036,99.64458839186818,496.224444444445
3586,3295,186.6649280000092,243.16074074067794
3586,3816,164.09760000137794,269.0160269621642
3586,5128,332.6004160015623,228.62124446698195
3586,6155,352.64216003753637,265.4159741115632
3586,6485,286.56339200543704,238.9658074802641
3587,2036,99.64624073937216,496.224444444445
3587,3295,186.6599999999994,243.14533333333287
3587,3816,182.79660000017657,268.26981481689137
3587,5128,318.29861511515105,232.81394079705575
3587,6155,352.67090534150213,265.734191355905
3587,6485,268.9740480013643,246.5201926108067
3588,2036,99.64584000014499,496.23032098765486
3588,3295,186.672674862117,243.128955923948
3588,3816,200.54376000409775,272.1885184499393
3588,5128,303.7711111151043,238.11555560949117
3588,6155,352.6281757947777,265.42924424148515
3588,6485,251.80803200456918,252.78251858286472
3589,2036,99.64168000006168,496.22955555555603
3589,3295,186.67941229331973,243.13706351531405
3589,3816,218.54240000000686,277.58888888888754
3589,5128,289.5019022270185,243.21965437820614
3589,6155,352.6491255005272,265.70634650414803
3589,6485,234.81900800114207,258.1508148309002
3590,2036,103.07665933146893,485.9997663482867
3590,3295,186.68476000021428,243.13466666630967
3590,3816,234.86632728046288,283.7705049658783
3590,5128,275.6509333372628,248.28370374414476
3590,6155,352.5948347481551,265.4632951630527
3590,6485,217.83584000071414,260.2802633814969
3591,2036,121.967150789568,464.172178860677
3591,3295,186.68108835166208,243.13666096870068
3591,3816,250.88945455154888,289.89037029585063
3591,5128,261.9290240005796,253.0849481595694
3591,6155,352.6798746718208,265.58892595752815
3591,6485,200.42464000132668,261.7947029058112
3592,2036,146.17058615841472,436.5609812358064
3592,3295,186.67636586122623,243.12179392191723
3592,3816,267.0034400028271,296.13407403142713
3592,5128,248.03405236547064,256.1978330334003
3592,6155,352.6264280239735,265.3846741105108
3592,6485,182.32998545562282,262.8321845268702
3593,2036,171.10688511371677,411.03995692063756
3593,3295,186.6822600005969,243.10116666626257
3593,3816,283.6400000000083,301.64814814814787
3593,5128,234.19246254842847,258.5949199198292
3593,6155,352.6016800000019,265.55155555555586
3593,6485,164.39776969847344,263.82814368366735
3594,2036,196.91512433433957,386.6974144615365
3594,3295,186.67829746029042,243.10559361640304
3594,3816,300.69199999999796,307.6059259259274
3594,5128,220.40147200230194,260.00595559313797
3594,6155,352.60959999999557,264.9297777777775
3594,6485,147.4600533336616,265.28634568464923
3595,2036,222.2224736245454,360.53952965731463
3595,3295,186.67003913195228,243.10929964867057
3595,3816,317.5517600041985,314.765703648868
3595,5128,206.49299200038854,260.77970371158864
3595,6155,352.67096000000095,265.4838518518523
3595,6485,130.1884800017433,267.3760000337841
3596,2036,247.4051831831372,334.1514298737318
3596,3295,186.6763294122734,243.08528976202547
3596,3816,333.65360000000237,312.18740740740645
3596,5128,192.3972320009193,262.2058370555815
3596,6155,352.6393746667759,265.5207753084563
3596,6485,113.51400000043782,271.74948148992706
3597,2036,275.0591251817667,317.16826820684616
3597,3295,186.70278831552423,243.03667748287782
3597,3816,349.9245600217989,302.23244461611955
3597,5128,177.65853963764243,263.3220687126492
3597,6155,352.6327040011904,265.3408716038004
3597,6485,97.28784636400405,274.2580437461784
3598,2036,304.44704846677104,310.0649889766751
3598,3295,186.69261803011182,243.0563742468459
3598,3816,366.4064000000053,292.4570370370363
3598,5128,163.46334545617083,264.3906801495488
3598,6155,352.61962800203946,265.15971111590073
3598,6485,80.97288143230683,276.34364478663787
3599,2036,333.8998072667527,308.1983288929
3599,3295,186.69285333523706,243.02533333009092
3599,3816,382.5080000000071,284.0162962962967
3599,5128,150.2380160010216,264.91798787197405
3599,6155,352.5852186667578,265.15382716000204
3599,6485,64.3972735980492,278.5729484734272
3600,2036,362.4363570967017,296.308722427626
3600,3295,186.03441779170112,242.2497447896834
3600,3816,398.36799999999926,274.27259259259284
3600,5128,136.63720000064814,265.12377778766916
3600,6485,47.33083636637503,281.4410101513696
3601,2036,387.79037523420186,282.1054346432454
3601,3816,415.0790661284759,263.60774678696106
3602,3816,432.3225904973185,254.53746053939642
3603,3816,448.67999999999597,241.65703703703701
3604,3816,463.12639999999874,218.8237037037075
3605,3816,478.3303999999987,194.2148148148144
3606,3816,492.84240000001205,167.1762962962955
3608,4361,495.14108806152643,125.6949779016645
3609,4361,487.5182066718111,144.93432215237178
3610,4361,479.75746917855133,162.69490930660325
3611,4361,471.73679666532905,179.2352046366419
3612,4361,463.50757674116204,194.6956655984582
3613,4361,455.42689692287973,210.25307072812603
3614,4361,446.21379097563306,223.04529854252797
3615,4361,432.73400485386674,224.69774269953203
3616,4361,419.1642325486259,226.25358719862132
3617,4361,404.5830545477816,226.72236359351427
3618,4361,388.15927709235666,225.19462221772747
3619,4361,371.4904101838931,224.39633396829484
3620,4361,354.53858763749344,224.75863570855248
3621,4361,337.6011360015496,225.8998222346029
3622,4361,321.0394400058254,229.37207417012263
3623,4361,304.4731999999925,235.36162962963058
3624,4361,288.33917600041616,241.48880000652406
3624,7863,496.35760000000005,125.26881481481533
3625,4361,271.6092240037335,246.81816302167525
3625,7863,488.47027638142777,143.46880138819972
3626,4361,254.91380800083053,251.67201482704016
3626,7863,480.7496662357409,160.86008228206782
3627,4361,238.65398400759602,256.99176307567393
3627,7863,472.58035425084535,177.89810787645388
3628,4361,222.21812800146836,259.4560000241051
3628,7863,463.3873300463489,194.1066610109805
3629,4361,205.28783999999916,260.76533333333373
3629,7863,454.47547137887904,210.69202625429972
3630,4361,188.08229333340023,261.47295473346287
3630,7863,444.2649553792262,223.37205445097675
3631,4361,171.47424000060312,263.72548149005934
3631,7863,429.5907533334247,225.43387998479724
3632,4361,155.96336888895223,264.57446913597835
3632,7863,414.3688000497803,226.33189516407427
3633,4361,139.87370400093482,264.6209629701013
3633,7863,397.1144880059199,223.9820073272045
3634,4361,123.83165600320808,266.75725930926774
3634,7863,378.0856880006928,223.03321480899174
3635,4361,108.52935400013452,271.964439784468
3635,7863,359.137832727626,228.0528619582909
3636,4361,93.56373583008974,274.46735910919307
3636,7863,340.65675636628725,232.99545323752602
3637,4361,78.29970845980542,276.3284612926784
3637,7863,322.42201600745545,239.26745195081313
3638,4361,61.6046400000016,279.1328888888889
3638,7863,303.58452224541395,247.0091898856297
3639,4361,42.47820444475394,280.92492180532
3639,7863,284.89330196000367,256.5589711229597
3640,4361,25.407600002805566,269.498814766397
3640,7863,266.8298843931109,265.792687797358
3641,7863,248.21327200988435,271.905622318318
3642,7863,229.23475200176597,272.01191849482245
3643,7863,210.4563243681099,266.345973675606
3644,7863,191.7302661830746,263.1876424171087
3645,7863,172.51515200101608,263.60289631491486
3646,7863,154.55505454595993,265.7136363738144
3647,7863,136.22662060775608,267.82379352460794
3648,7863,117.95110384045358,269.88827912764026
3649,7863,100.91035828780662,273.1605122956089
3650,7863,84.18618563517555,275.40212353738866
3651,7863,66.98104005764662,277.7979287762391
3652,7863,48.93469090980375,280.0044107776878
3653,7863,30.360080000767198,276.96528393598953
3656,4894,495.07509820706616,147.08754890289356
3657,4894,485.9785382243143,160.69457252472353
3658,4894,476.9473236499374,176.0545791671313
3659,4894,467.22010697633146,192.28069101909662
3660,4894,457.03956068852557,209.23529674502728
3661,4894,444.80313693407766,221.4460509365388
3662,4894,430.0448008873343,226.74036738180536
3663,4894,413.9606414286493,229.0438208847927
3664,4894,395.5660800000021,230.6399259259262
3665,4894,376.93113454675023,232.76090911761483
3666,4894,358.3507090925792,234.91289229015112
3667,4894,339.43503636581795,237.2288990349296
3668,1869,497.2596000253077,120.56985191658498
3668,4894,320.7928407306122,241.12471655529188
3669,1869,488.46211714984804,139.3379220547095
3669,4894,302.45219200111706,245.2607852031281
3670,1869,479.9733171245351,157.6688108788651
3670,4894,284.0323360020954,248.87048152079117
3671,1869,471.36290544358985,175.86939622622123
3671,4894,265.71583200295777,252.37622227742995
3672,1869,462.2872634447276,193.95746174300865
3672,4894,247.15523563860415,255.47842091986683
3673,1869,452.80518814955144,211.4595611541925
3673,4894,228.58055272932802,258.25072731500495
3674,1869,440.5138944422646,221.8375743896488
3674,4894,210.01901090972407,260.43977105674657
3675,1869,425.63424955756375,225.75374578082253
3675,4894,191.6199709100482,261.90262628089766
3676,1869,409.56398526371345,228.2991485100605
3676,4894,173.77578181859633,263.31814142197186
3677,1869,391.8719999999979,228.87518518518513
3677,4894,156.07272000000307,265.3075555555557
3678,1869,373.69418181863807,228.44333333333333
3678,4894,137.7985600000022,267.43370370370377
3679,1869,355.3652363647217,227.94939393278148
3679,4894,119.42183999999997,269.8374074074072
3680,1869,337.011816475092,228.59036437107315
3680,4894,101.59944000137614,273.19183706440555
3681,1869,318.6601801122606,231.21046541575006
3681,4894,83.91508473059842,275.76304370245583
3681,8329,497.99593342293406,122.6931295996192
3682,1869,300.31381818324974,235.3717171996801
3682,4894,66.012339170004,278.3011181954962
3682,8329,482.116945939639,154.39874871785463
3683,1869,282.450399999999,239.578888888889
3683,4894,47.466224001745445,281.45547410655246
3683,8329,465.72561111863365,188.91425107200655
3684,1869,265.1812000000007,246.3322222222226
3684,4894,28.94297600074708,281.01060001391943
3684,8329,447.8276627347987,219.8919009888829
3685,1869,247.63319999999854,254.99333333333274
3685,4894,10.102584003810193,276.74742956651596
3685,8329,425.0937711222082,242.41256348256667
3686,1869,229.8931999999951,260.46296296296265
3686,8329,397.6662755636846,253.89283958722663
3687,1869,212.47079999999696,262.215925925926
3687,8329,368.2841920117062,249.28616610094977
3688,1869,194.98960000000238,262.64740740740723
3688,8329,339.07186135980174,242.7221136589115
3689,1869,177.33978181887832,263.098552200407
3689,8329,310.49249425110247,251.22201179749527
3690,1869,159.4757818188782,263.7900336818886
3690,8329,281.7549440460448,266.88148191684013
3691,1869,141.1766181824305,264.9451178553521
3691,8329,252.25098404151254,276.3421036025948
3692,1869,122.7894848529843,268.1847166696523
3692,8329,222.18112008134767,272.62902138957435
3693,1869,104.94013939819807,272.54831935765657
3693,8329,197.84074679206927,255.5175698744383
3694,1869,87.46322794451658,275.4309679582638
3694,8329,188.81852449866642,244.17187707762668
3695,1869,69.91537339931995,277.62854372206135
3695,8329,188.30556434644905,242.4717327639314
3696,1869,51.9521515167753,280.2820679321698
3696,8329,188.3468206747671,242.49776945398892
3697,1869,33.724733334329926,278.7439197731634
3697,8329,188.37222921499915,242.49520100367272
3697,8362,1.571206666724265,291.94747530812947
3698,1869,15.309200002880628,272.79074069568
3698,8329,188.3596728100133,242.45586909347216
3698,8362,15.606060000500861,293.4586111064943
3699,8329,188.3534867417609,242.443382279806
3699,8362,29.542000000000144,291.42874074074143
3700,8329,188.37834305847537,242.44922860185403
3700,8362,42.48799999999903,283.9694074074073
3701,8329,188.38087637606125,242.40335256787705
3701,8362,56.64023999999529,281.7153333333331
3702,8329,188.37705600005165,242.35318518562175
3702,8362,71.51217176389311,278.8820116836743
3703,8329,188.3746779900332,242.31562342656665
3703,8362,87.02426587506068,276.85217922714213
3704,8329,188.3837568723743,242.33519387854008
3704,8362,102.67703999999925,275.0487407407407
3705,8329,188.39898547490293,242.3437616389068
3705,8362,118.38336000000652,273.76570370370376
3706,8329,188.39664262333258,242.33072495163
3706,8362,133.64360000008784,271.1194444461713
3707,8329,188.36810229731668,242.27909411696257
3707,8362,148.81892000077926,269.4540000154917
3708,8329,188.36908986756725,242.23208281790275
3708,8362,164.30156000002683,268.61959259217195
3709,8329,188.3871185425744,242.2138935041278
3709,8362,179.66935999999862,271.7610370370356
3710,8329,188.38583026338824,242.21452914488205
3710,8362,194.7604000002559,275.33140066920294
3711,8329,188.38220800087242,242.1889185188697
3711,8362,208.90082182074994,279.06543430126885
3712,8329,188.3794593524556,242.2019975408698
3712,8362,222.46908436627905,282.67675079853814
3713,8329,188.36212088000596,242.15383199669648
3713,8362,236.05279200193536,285.98137033682013
3714,8329,188.34138754113724,242.01302489321353
3714,8362,249.76305600034948,289.47868147656243
3715,8329,188.33092000124566,242.00170370802775
3715,8362,263.3907040031619,293.1033184742453
3716,8329,188.36979096877826,242.07142413886174
3716,8362,277.01296000000633,296.83718518518475
3717,8329,188.40274064530377,242.10248028818347
3717,8362,290.8522036366361,300.9228282782259
3718,8329,188.40153370166604,242.11594761591448
3718,8362,304.96968727555213,305.26193934702593
3719,8329,188.39250298428396,242.14422917846102
3719,8362,319.1799709122882,308.71465988325883
3720,8329,188.40409812211647,242.1539373843291
3720,8362,333.33258181941517,306.57281482578844
3721,8329,188.38289066733296,242.12793086590833
3721,8362,347.69323637472155,298.69444454320336
3722,8329,188.38671692467187,242.14559297130077
3722,8362,361.1479200000048,291.0111111111124
3723,8329,188.39811333602714,242.19690458353682
3723,8362,374.73125600115,283.1461259367831
3724,8329,188.38749309139644,242.1980387601581
3724,8362,389.15018401035303,274.7983926903104
3725,8329,188.38228488867915,242.16469928972484
3725,8362,403.9626814328472,267.40479737262325
3726,8329,188.3870417582682,242.1780691901192
3726,8362,418.91613289568176,260.27058376102843
3727,8329,188.384473636969,242.2222735646127
3727,8362,434.1501599999975,252.26637037037048
3728,8329,188.36193363681673,242.16541498098286
3728,8362,449.27453091736936,240.0565656851945
3729,8329,188.35729103364315,242.14930651167043
3729,8362,463.0486182650805,219.22709793167462
3730,8329,188.3719431150348,242.204762137447
3730,8362,477.19705463281514,196.4105255612476
3731,8329,187.10630303513426,242.80482599472288
3731,8362,492.3553510041154,173.8469969651386
3732,8329,176.41486691267232,235.68110705359868
3742,7918,493.6168001313831,133.33925958631033
3743,7918,485.80800008192,149.61659280912488
3744,1304,495.6897280830566,129.17022243877295
3744,7918,478.0162667444017,165.68049403005136
3745,1304,487.99616002055984,145.62167907339662
3745,7918,469.68365717838196,181.76846572051585
3746,1304,480.1982667399511,160.99959692490185
3746,7918,461.0457265220248,198.30573370140604
3747,1304,472.568982296641,175.86633134602582
3747,7918,452.7345601011518,215.46888914236462
3748,1304,464.72940962886474,190.59854724441848
3748,7918,440.09234405840516,222.77848064932692
3749,1304,457.0152553726541,205.60219897867626
3749,7918,425.3197846978253,224.23087120506358
3750,1304,448.16821503359387,217.95074018864847
3750,7918,410.3559999999959,225.21999999999863
3751,1304,435.8953518927598,222.39398603759741
3751,7918,392.50660000020616,222.06888889213005
3752,1304,422.5259335107512,224.09920754755098
3752,7918,374.2975999999999,223.75037037037004
3753,1304,409.0508741652184,224.40368369607322
3753,7918,355.9943999999973,225.40740740740773
3754,1304,395.38426666885186,222.54720991706822
3754,7918,337.8663999999958,227.75185185185177
3755,1304,381.81013818339636,223.38893604637767
3755,7918,319.94040000138284,233.915370388057
3756,1304,368.1262957593873,224.40556680311775
3756,7918,301.8602000014994,240.9801852041431
3757,1304,354.49309689063114,225.14566258565117
3757,7918,283.6880000000008,247.95185185185264
3758,1304,341.170218669256,225.96893831364096
3758,7918,265.2168000011329,255.26814816411348
3759,1304,327.92095556789377,227.8169734247275
3759,7918,246.72160000000076,261.2911111111107
3760,1304,314.59521335521856,231.4871299271337
3760,7918,228.23940000280913,264.85111107536795
3761,1304,301.25959596579435,235.78060616160235
3761,7918,210.1144000005661,259.795185174835
3762,1304,287.8596691015224,240.09193280842968
3762,7918,191.5370000012615,256.2538888660371
3763,1304,274.31412001568276,245.06303720733857
3763,7918,175.13759999999934,237.54296296296283
3764,1304,260.7929066795799,250.23479025610484
3764,7918,160.7953634577541,232.81296581470357
3765,1304,247.61942756097426,254.59513259687606
3765,7918,149.25249684342248,235.69753780508938
3766,1304,234.7821760049129,258.455644525575
3766,7918,142.37599999999588,237.88666666666592
3767,1304,221.872864002396,260.9662222669029
3767,7918,142.32106666690925,237.8955555565325
3768,1304,208.6731040012853,261.53491852722334
3768,7918,142.3343999999929,237.89037037037076
3769,1304,195.7619440013309,262.035814819209
3769,7918,142.3216000000025,237.9093827160492
3770,1304,183.05835272899742,263.13409767362606
3770,7918,142.33780000000138,237.86870370370482
3771,1304,170.37638636528698,264.52126181227607
3771,7918,142.33199999999897,237.9059259259253
3772,1304,157.51751000115806,265.3656018726076
3772,7918,142.34217900553858,237.91648045829228
3773,1304,144.17709333545872,266.20063708024566
3773,7918,142.31400000006715,237.8601851845381
3774,1304,130.4359200025732,267.42506671847786
3774,7918,142.33104088429513,237.8826683027413
3775,1304,117.10784000162334,269.2507111429947
3775,7918,142.31197765365664,237.898696461325
3776,1304,105.0666240024168,272.6895852326692
3776,7918,142.3107454548756,237.85979797878488
3777,1304,92.80942044571306,274.95163608577644
3777,7918,142.33600000049478,237.89442582247
3778,1304,79.14242370237503,276.5331014022683
3778,7918,142.33040000002575,237.89037883597962
3779,1304,65.01365333638661,278.5397037584536
3779,7918,142.33636571430566,237.8908359787477
3780,1304,49.92588000537125,280.7589332342457
3780,7918,142.3360000000116,237.88216049410238
3781,1304,34.67542910590908,280.36571285985355
3781,7918,142.3164763006696,237.897739243081
3782,1304,20.849881219766644,276.3815329884709
3782,7918,142.3435767442072,237.875857019906
3783,7918,142.32802234641326,237.8947651558314
3784,7918,142.33376470592134,237.8904575164229
3785,7918,142.32195294129042,237.8881699343589
3786,7918,142.3287463692077,237.90257396981485
3787,7918,142.33759520978424,237.89240186419568
3788,7918,142.33764819277326,237.90596162427136
3789,7918,142.34260000000063,237.90888888888873
3790,7918,142.3277528090921,237.91841448221084
3791,7918,142.34177528294367,237.91660424036087
3791,8388,7.18341333375861,295.5291851904758
3792,7918,142.34400000000278,237.89851851851807
3792,8388,23.489920000630494,293.17674074867625
3793,7918,142.36672000001818,237.8805761312155
3793,8388,39.21199999999999,285.59407407407457
3794,7918,142.3280662983757,237.90150194338077
3794,8388,57.88892190796786,280.8634921231157
3795,7918,142.32639999999606,237.8777777777772
3795,8388,78.92142110632449,278.0519646334334
3796,7918,142.33840000203486,237.89898789879004
3796,8388,99.72406100423882,275.5258169725168
3797,7918,142.3426726257162,237.86852058749042
3797,8388,120.44830545651395,272.8652390972131
3798,1212,496.6038547518963,135.10888946259226
3798,7918,142.35199999999963,237.8800000000003
3798,8388,140.74954181943895,269.49946130508516
3799,1212,488.30650005036205,151.1032408853481
3799,7918,142.31917318462592,237.89839851082516
3799,8388,162.8637672765819,267.94390572210915
3800,1212,480.7400000747748,165.55299686391513
3800,7918,142.3186666669949,237.85786008150066
3800,8388,187.42176582558272,270.30547058041554
3801,1212,474.29294552378565,178.05939412902538
3801,7918,142.32959999999935,237.8777777777772
3801,8388,211.4667360066744,277.8950073079487
3802,1212,468.3479000663681,189.8093520362665
3802,7918,142.3320000010051,237.891181856013
3802,8388,234.71888000000035,288.3570370370367
3803,1212,459.35093356560515,208.59185241978273
3803,7918,142.31994636887748,237.85932960766652
3803,8388,258.37086545703073,297.3136969212207
3804,1212,447.83795569277913,233.78930083182058
3804,7918,142.32400000000212,237.87259259259196
3804,8388,283.02805818555044,302.3736564929427
3805,1212,426.8524000334196,246.05718553374945
3805,7918,142.33530607738203,237.86792715325822
3805,8388,308.229599999994,306.775703703704
3806,1212,407.9417777888523,253.52279854855553
3806,7918,142.3407513812208,237.88699406597914
3806,8388,331.59270400284413,310.35330373726765
3807,1212,386.0640000032788,257.0035390840315
3807,7918,142.31599999999958,237.89777777777797
3807,8388,349.5090560042695,307.059066717013
3808,1212,366.550618185488,256.35764302715415
3808,7918,142.31877988837596,237.8939292367721
3808,8388,362.4800000000016,303.40014814814833
3809,1212,355.5328000260488,261.73802471311933
3809,7918,142.3484826815752,237.83722325658863
3809,8388,371.2240000002953,301.3354074091088
3810,1212,354.86417777793804,266.2524279832712
3810,7918,142.33199999999897,237.881481481482
3810,8388,374.1245966519432,300.24839436707526
3811,1212,354.046400000351,265.25070706961264
3811,7918,142.34445524870694,237.91499079348478
3811,8388,374.2636549772567,299.83033228752487
3812,1212,354.0672497236699,265.1558861887866
3812,7918,142.27287111125406,237.9044115242539
3812,8388,374.25708622223624,299.82322304517226
3813,1212,353.8921016580389,265.2595989377389
3813,7918,142.3056000000031,237.90888888888873
3813,8388,374.2442492254043,299.7849960676593
3814,1212,353.88399999999933,265.39999999999964
3814,7918,142.34649438281508,237.8885518193261
3814,8388,374.16596983807153,299.623390397999
3815,1212,353.769541900391,265.48382784426326
3815,7918,142.32981333333896,237.89071604941037
3815,8388,374.0889920001735,299.53158518587134
3816,1212,353.8708444454585,265.38905349912187
3816,7918,142.32639999999606,237.8792592592589
3816,8388,374.0601807490077,299.49579291039277
3817,1212,353.8663999999926,265.45777777777755
3817,7918,142.32180000046242,237.87648147736817
3817,8388,374.059279123112,299.49121528997114
3818,1212,353.82851235955854,265.4782272158145
3818,7918,142.32273777779483,237.90255144020733
3818,8388,374.0821995713827,299.520529074184
3819,1212,353.829560226103,265.6300102371345
3819,7919,142.3176000000069,237.905185185185
3819,8388,374.0965404744293,299.54824612517393
3820,1212,353.8119999999992,265.9592592592588
3820,7919,142.33751061560724,237.89653631770614
3820,8388,374.1362216760331,299.58447506714236
3821,1212,353.7555325949768,266.51191011544205
3821,7919,142.3196666668673,237.87728395227313
3821,8388,374.15540853954667,299.6393091937832
3822,1212,353.79048135597486,266.69887005709626
3822,7919,142.31619217902107,237.88897993277592
3822,8388,374.14994630446927,299.61979581100496
3823,1212,353.74957766323405,266.6047837714658
3823,7919,142.31461452519625,237.88926960433577
3823,8388,374.115010242723,299.5695813638277
3824,1212,353.7712355555641,266.4817942387716
3824,7919,142.31570621485048,237.8666541119092
3824,8388,374.1007874860918,299.5487109452102
3825,1212,353.8176488890713,266.47837860190003
3825,7919,142.3179911114346,237.88625514283356
3825,8388,374.1422852291634,299.6137627142068
3826,1212,353.8384000000008,266.537037037037
3826,6384,493.567040117689,135.60370400563414
3826,7919,142.31019885812088,237.89115343929578
3826,8388,374.16569600004436,299.64604444458655
3827,1212,353.7587932247959,266.528675447431
3827,6384,473.7320105456371,175.13843112489334
3827,7919,142.33856551733197,237.88574712652678
3827,8388,374.16464000000013,299.61422222222177
3828,1212,353.8585117330001,266.6549596476051
3828,6384,453.82347727265596,212.81794030703915
3828,7919,142.35440000006747,237.86055555506013
3828,8388,374.19066285886515,299.659269836599
3829,1212,353.8696000000016,266.7570370370369
3829,6384,428.2241159112988,240.89203444325457
3829,7919,142.3346867052487,237.89191179659562
3829,8388,374.21031428829565,299.69097882897324
3830,1212,353.84366742371185,266.9201248377404
3830,6384,395.81416003472606,251.7272445342653
3830,7919,142.321111628047,237.90644272143635
3830,8388,374.1110052751367,299.9130499910341
3830,8476,493.6936000000003,126.48000000000037
3831,1212,353.91364495477546,267.1448994378136
3831,3090,490.2310658645962,149.8618282576638
3831,6384,362.1415200399167,243.3866812007337
3831,7919,142.29409060850458,237.91289135280812
3831,8388,373.8459479127084,300.4180935050695
3831,8476,482.0264000000009,156.96888888888515
3832,1212,353.9096000000029,267.2762962962956
3832,3090,478.7411848678516,170.024061706453
3832,6384,329.94226880402323,237.90324452480638
3832,7919,142.32640000003016,237.88529411764637
3832,8388,376.24564365411175,298.8697509434488
3832,8476,468.83570653424727,183.42948348320775
3833,1212,354.01861452535854,267.3495758304387
3833,3090,467.14856741331573,191.42387246428962
3833,6384,300.3749294342151,264.0042660411386
3833,7919,142.31481904762404,237.88160493820598
3833,8388,385.3301614854331,293.4257672025229
3833,8476,457.37440000000333,210.5088888888891
3834,1212,353.95985187469137,267.58463640217144
3834,3090,454.80430113326236,213.5052807361608
3834,6384,270.3393333950663,290.77527198244235
3834,7919,142.31226666670977,237.89561728459452
3834,8476,443.6123271034148,233.43714670548633
3835,1212,354.0680000000009,267.7481481481483
3835,3090,439.3655540577413,227.0788719694985
3835,6384,241.0221494674454,321.4854327095913
3835,7919,142.3390554216894,237.8855778671114
3835,8476,423.45504001937115,244.78303723785834
3836,1212,354.1113458584732,267.8432289802277
3836,3090,419.12659249571675,225.34607796761463
3836,6384,212.73378982243344,354.04921742120735
3836,7919,142.32240000000047,237.8792592592589
3836,8476,400.3624000029447,254.13770376481514
3837,1212,353.9829726791197,267.6924671051029
3837,3090,397.7496598077232,223.55593403971685
3837,6384,184.83816012041643,386.65995608605573
3837,7919,142.31898666677125,237.87899588493033
3837,8476,375.94727274170054,250.82377085773877
3838,1212,353.97439999999847,267.51259259259274
3838,3090,374.5047354572893,224.51956485557645
3838,6384,157.0440401306456,420.9063042368193
3838,7919,142.33410731708886,237.88449864528215
3838,8476,350.2624000000026,242.0555555555559
3839,1212,353.943937083568,267.29280066309457
3839,3090,350.9050460063912,226.64112788244339
3839,6384,130.21233347055215,453.28221050016214
3839,7919,142.3216000000025,237.8829629629624
3839,8476,326.55599999999936,242.39629629629556
3840,1212,353.97123080315396,267.01709402270654
3840,3090,327.66632691625205,231.0415226372433
3840,6384,108.86953709164914,476.4418928400349
3840,7919,142.32368000014048,237.86852675005133
3840,8476,303.29359999999497,255.47777777777924
3841,1212,354.02559999999994,266.6333333333335
3841,3090,304.4871734471718,237.70600178902424
3841,6384,99.23391520775397,490.9777734412728
3841,7919,142.2991656443287,237.90508521001817
3841,8476,279.9304667014667,269.02104969398863
3842,1212,354.1056000000083,266.19037037037054
3842,3090,281.05094779444244,245.00664840354514
3842,6384,98.73126711322072,497.0056386822221
3842,7919,142.32639999999606,237.9059259259253
3842,8476,255.67453335689265,281.4145064391147
3843,1212,354.3424666685155,265.5736913716626
3843,3090,258.0075900128202,252.17601872427142
3843,6384,98.73181087722912,497.1303838320276
3843,7919,142.31292817742087,237.88796807882994
3843,8476,231.90159999999764,271.9014814814826
3844,1212,354.49199999999905,265.3940740740741
3844,3090,234.78990728836663,257.7118015558797
3844,6384,98.73310641718433,497.1307630983737
3844,7919,142.3264000010704,237.8803703703698
3844,8476,211.95993336026504,256.8393207795017
3845,1212,354.6122666667145,265.36841975251525
3845,3090,211.27471273239678,259.3640537926984
3845,6384,98.72351999999864,497.1269629630191
3845,7919,142.3527240238684,237.891508382718
3845,8476,199.3663999999967,248.14444444444473
3846,1212,354.8331254309687,265.2571374935888
3846,3090,187.24012121710928,259.6456475734017
3846,6384,98.73305384635955,497.1214173784566
3846,7919,143.54040000258692,239.80185182976666
3846,8476,193.65440000000262,245.56518518518544
3847,1212,354.950400000007,264.40370370370414
3847,3090,163.11520356027245,262.3398107956274
3847,6384,98.74027230815614,497.1176282037466
3847,7919,161.4615670282035,233.2193544442156
3847,8476,189.2784000016036,246.33703703438047
3848,1212,355.1576442056785,264.487918952427
3848,3090,143.6741047815343,260.3510507561797
3848,6384,98.7324057462763,497.1261866162238
3848,7919,180.5240000000083,244.05037037036868
3848,8476,191.25359999999318,246.73851851851825
3849,1212,355.2528618822521,264.48151421015507
3849,3090,138.15747647998478,247.76222932767467
3849,6384,98.73324827977342,497.1142815916254
3849,7919,199.10551114973032,261.89267467247436
3849,8476,190.50045338562995,247.7057331737198
3850,1212,355.3416000000027,264.6014814814812
3850,3090,141.72295515221546,239.67157800416607
3850,6384,98.72427692310566,497.1251225069462
3850,7919,217.6548800471778,278.97540715880285
3850,8476,189.83061968433503,246.62320985330987
3851,1212,355.26898324073954,264.54516036438247
3851,3090,141.5783709092699,238.74198653335066
3851,6384,98.73351027633362,497.12649723716515
3851,7919,237.05120000444708,288.5792592034566
3851,8476,187.91040000000407,244.85333333333335
3852,1212,355.11861695060816,264.4200878865692
3852,3090,141.44440000000202,238.87253349979187
3852,6384,98.73252243976026,497.1281317298799
3852,7919,257.826399999999,294.1496296296293
3852,8476,188.97095555608985,244.7252962957238
3853,1212,355.0895999999966,264.4792592592597
3853,3090,141.44160000000966,238.8745534748229
3853,6384,98.73102307718057,497.12053846120074
3853,7919,279.13199999999847,298.6985185185178
3853,8476,188.94632911414533,244.58251758459414
3854,1212,354.97746666746934,264.4321234523708
3854,3090,141.44399999999905,238.87733333333315
3854,6384,98.72582718231627,497.12232903619037
3854,7919,301.02450909687946,303.97946118451614
3854,8476,188.90240000000063,244.87999999999977
3855,1212,354.87002430987786,264.4622385884241
3855,3090,141.44850695651826,238.88123510466608
3855,6384,98.73786957926313,497.1215027938505
3855,7919,323.0029333341349,309.14148149714737
3855,8476,188.89324444491535,244.86034978999683
3856,1212,354.87600000000725,264.4370370370375
3856,3090,141.44704956521878,238.88157326891334
3856,6384,98.74566769231137,497.105270655281
3856,7919,344.6483200327975,299.47733366858876
3856,8476,188.9118936722241,244.86569151336667
3857,1212,354.79243111131495,264.48623456402356
3857,3090,141.4486399999953,238.88348148148174
3857,6384,98.74785333348825,497.1090802472655
3857,7919,365.890399999995,288.02740740740586
3857,8476,188.8879999999972,244.87259259259275
3858,1212,354.8087731844646,264.478584728743
3858,3090,141.44825261084006,238.88059843093234
3858,6384,98.74042752187336,497.1242119344919
3858,7919,386.18696002173465,277.9900002083342
3858,8476,188.91277333332823,244.87505349789075
3859,1212,354.7496000000024,264.5259259259256
3859,3090,141.45192275862428,238.8752234993361
3859,6384,98.75597384649723,497.12092592479087
3859,7919,407.6768703476432,266.2370247406445
3859,8476,188.9275949376497,244.86894045882556
3860,1212,354.52854545469563,264.63656565790393
3860,3090,141.44848662983236,238.87578023327148
3860,6384,98.7606080000114,497.1340148150514
3860,7919,429.53288001993997,255.43318539847704
3860,8476,188.9319999999998,244.8170370370366
3861,1212,354.42959999999175,264.70740740740695
3861,3090,141.44387226519655,238.87661387353697
3861,6384,98.73189046158927,497.1452862305645
3861,7919,449.42123645082006,239.53064007262336
3861,8476,188.94864000001803,244.80222222222235
3862,1212,354.4376,264.66518518518467
3862,3090,141.4441458563573,238.8779128299472
3862,6384,98.7666030769765,497.128706553156
3862,7919,467.23706672261756,210.75580264457062
3862,8476,188.91851645586826,244.80266760518177
3863,1212,354.4879999999978,264.6392592592597
3863,3090,141.44636243093996,238.87992592592576
3863,6384,98.75188960954347,497.119904820531
3863,7919,485.4240000000061,178.91259259258896
3863,8476,188.8936000000001,244.87407407407446
3864,1212,354.37268826852915,264.7286612888258
3864,3090,141.44857900553063,238.88071301469037
3864,6384,98.73440806331132,497.1326758251966
3864,8476,188.92854222268056,244.88039094671456
3865,1212,354.494399999993,264.6444444444449
3865,3090,141.44959999999685,238.87857728119167
3865,6384,98.72617538465477,497.12142022767216
3865,8476,188.91440000019202,244.9237224566332
3866,1212,354.4936000000007,264.6200000000005
3866,3090,141.4491199999958,238.8777777777775
3866,6384,98.72864000003857,497.12108148148127
3866,8476,188.92159999999762,244.89407407407393
3867,1212,354.3775558011191,264.72189482316844
3867,3090,141.44847999999968,238.8782222222221
3867,6384,98.72368754741785,497.1249599818277
3867,8476,188.92953333379978,244.86923868472
3868,1212,354.3264000000022,264.83925925925877
3868,3090,141.4486399999953,238.87925925925924
3868,6384,98.72343094379175,497.12403913455285
3868,8476,188.8949974688387,244.9227144868582
3869,1212,354.34401797792816,264.7636288020696
3869,3090,141.44583911602126,238.87930836913918
3869,6384,98.73476800067976,497.13469999970306
3869,8476,188.9095999999995,244.95777777777738
3870,1212,354.3427555597134,264.7991769730817
3870,3090,141.4448512707139,238.8793932782445
3870,6384,98.72829200163096,497.133355554622
3870,8476,188.90834222245303,244.94723045577936
3871,1212,354.38239999999155,264.7666666666666
3871,3090,141.44583999999838,238.87930459421148
3871,6384,98.72794000009605,497.12549999944076
3871,8476,188.90249620280883,244.98525550842086
3872,1212,354.2999050854746,264.9027369777634
3872,3090,141.44736000000364,238.87973685287454
3872,6384,98.72775999999931,497.1300246913759
3872,8476,188.8680000000022,245.03333333333276
3873,1212,354.2265438371942,264.9405909300273
3873,3090,141.44960521739847,238.8803639825281
3873,6384,98.73053333344842,497.1328577081764
3873,8476,188.87033333332965,245.05925925925908
3874,1212,354.23359999999775,264.8481481481475
3874,3090,141.44985217391252,238.87879227053577
3874,6384,98.73632000024429,497.1441467236468
3874,8476,188.8490126582667,245.0672292543079
3875,1212,354.2932988799407,264.83214731989534
3875,3090,141.45087999999703,238.87749629629607
3875,6384,98.74820666699748,497.13424321013423
3875,8476,188.84400000000596,245.14222222222193
3876,1212,354.20369162032443,264.8995820408955
3876,3090,141.45314216867465,238.8771745351792
3876,6384,98.74016735127668,497.12441459376436
3876,8476,188.84339111123154,245.12696707912806
3877,1212,354.2120000000011,264.88148148148105
3877,3090,141.4541850602427,238.8785693886697
3877,6384,98.73952307711136,497.1014786323351
3877,8476,188.8273924054431,245.16798874882628
3878,1212,354.23126779828635,264.8428708957282
3878,3090,141.45039999999653,238.87990370370304
3878,6384,98.73564779242713,497.12924001890536
3878,8476,188.86000000000536,245.18518518518562
3879,1212,354.300411173665,264.88405958914154
3879,3090,141.44926612245175,238.8778365331059
3879,6384,98.74108279780613,497.1298686862993
3879,8476,188.81968888899792,245.1636543204776
3880,1212,354.27760000000035,264.9407407407407
3880,3090,141.44583428572673,238.87303174597264
3880,6384,98.74231076945478,497.13633333382813
3880,8476,188.82602531655834,245.17695733610955
3881,1212,354.25497206742307,264.8968259857556
3881,3090,141.44423208791522,238.87340008139458
3881,6384,98.74232000002849,497.12518024691343
3881,8476,188.7455999999986,245.13333333333298
3882,1212,354.28039111143903,264.8643621389981
3882,3090,141.44526153846698,238.87790883189552
3882,6384,98.7390153846934,497.1388640709431
3882,8476,188.73864444447008,245.17532921820774
3883,1212,354.35892134991605,264.7766375503382
3883,3090,141.44640000000095,238.87888888888818
3883,6384,98.72391589753761,497.109996960861
3883,8476,188.70658227850754,245.19397562088207
3884,1212,354.45431111116363,264.7108888882357
3884,3090,141.44596000000035,238.87607407407364
3884,6384,98.72075332137115,497.097038986122
3884,8476,188.71839999999338,245.18518518518562
3885,1212,354.4897856354453,264.6420585242362
3885,3090,141.444653333333,238.8757777777777
3885,6384,98.73019683777386,497.09701492188674
3885,8476,188.68987111119964,245.19575720169095
3886,1212,354.5776000000046,264.63111111111107
3886,3090,141.44400000000132,238.87562962962926
3886,6384,98.72664923078048,497.1057991452843
3886,8476,188.68661265837545,245.24946085263542
3887,1212,354.7218666670062,264.52657613419086
3887,3090,141.44400000000132,238.87459467332462
3887,6384,98.7284293336154,497.09421728427736
3887,8476,188.7016000000017,245.2111111111106
3888,1212,354.86578022146773,264.5134513666874
3888,3090,141.4449600000023,238.8768443612148
3888,6384,98.72775785685518,497.10769218183117
3888,8476,188.71305777795442,245.24994238697118
3889,1212,354.7505348327036,264.5569080142016
3890,1212,354.5823999999982,264.55555555555543
3891,1212,354.5620177784997,264.62897531316145
3892,1212,354.48639999999614,264.6903703703707
3893,1212,354.4032359570963,264.7853849427979
3894,1212,354.52692290882055,264.62417135333595
3895,1212,354.90800000000036,264.5014814814812
3896,1212,354.7754254176368,264.5417065829727
3897,1212,354.75974078213426,264.5411380092797
3898,1212,354.8336000000006,264.5718518518514
3935,8455,492.9093006289713,152.7550943501388
3936,8455,480.0518171612964,172.914306946941
3937,8455,467.50017500082095,192.55432436235554
3938,8455,455.0711504389392,213.38706263728557
3939,1865,492.0815999999945,154.54296296295888
3939,8455,441.3862217131611,231.97540214494362
3940,1865,481.00923641041504,171.55171736380282
3940,8455,424.6407447801687,245.6800285280072
3941,1865,468.7943273392648,190.10013489767408
3941,8455,404.4728203898205,255.33124339948944
3942,1865,456.89840000000004,209.71851851851818
3942,8455,383.17914910687364,264.0497442818106
3943,1865,443.7692716383367,223.87454678491835
3943,8455,361.6734200328108,275.96003362485845
3944,1865,427.67453806147273,226.26152131382105
3944,8455,342.03088018816857,294.7509286404697
3945,1865,411.5674181861664,227.86498309081415
3945,8455,322.8691200558239,305.9329023289885
3946,1865,394.92763636725385,224.45872060158578
3946,8455,301.1731200202177,305.9433334934758
3947,1865,377.7804800015133,227.7281481794453
3947,8455,279.12744668817936,313.54858050243337
3948,1865,360.55600000000254,230.29111111111055
3948,8455,257.55962672176224,326.4655806250343
3949,1865,344.3896000000052,232.37259259259213
3949,8455,242.3040962208745,352.7283264914631
3950,1865,328.30000000000155,233.95185185185107
3950,8455,228.47574436130003,383.3676748533135
3951,1865,311.873309094517,236.44188557890988
3951,8455,210.15068009808033,403.5350003862497
3952,1865,295.36064000258193,240.7372593036159
3952,8455,188.10672001348848,412.63792604423077
3953,1865,278.9760000000058,244.8385185185178
3953,8455,166.70348008886094,425.37925983795463
3954,1865,263.13541818762474,249.11077448880104
3954,8455,146.06955280087618,441.60542811500835
3955,1865,247.70536000311267,255.64407412002254
3955,8455,129.46459154665035,455.41172336375865
3956,1865,232.394400000004,259.1681481481485
3956,8455,114.21360001648736,469.72694658845217
3957,1865,217.0289777785399,260.308806594614
3957,8455,102.95105069056945,483.3662124397553
3957,8456,497.19292803836987,144.3637037978427
3958,1865,201.44829091043448,261.21595961907417
3958,8455,98.877536005391,490.1882074263086
3958,8456,487.9042400054618,160.7137037232016
3959,1865,185.88705454685055,262.76080810883417
3959,8455,99.19184000200858,494.1604444414569
3959,8456,477.75760002979496,175.9771556602432
3960,1865,169.89839999999958,264.07555555555564
3960,8455,99.5989600004907,495.69475925857586
3960,8456,467.7083911531315,191.83815322116237
3961,1865,153.83149091020982,265.37656567795585
3961,8455,99.65049599999475,495.8942222222225
3961,8456,457.775324485375,208.42167912421306
3962,1865,137.84239999999954,266.54592592592576
3962,8455,99.64982399999712,495.89170370370385
3962,8456,447.41914516498355,222.53965881252435
3963,1865,121.97985454737932,267.31717175472824
3963,8455,99.64959999999792,495.8875555555551
3963,8456,433.47183464934574,224.09524611455288
3964,1865,106.57199999999989,273.3911111111105
3964,8455,99.64832000000115,495.88666666666614
3964,8456,419.11637596105606,223.83552491562898
3965,1865,90.6428529533855,274.866902641286
3965,8455,99.64927999999873,495.8902222222221
3965,8456,404.1615289030608,220.89706656083186
3966,1865,74.56721163908355,276.83245855829017
3966,8455,99.65117090909189,495.8909494949437
3966,8456,387.3717635583205,215.43365921601642
3967,1865,58.3280000000002,279.2496296296301
3967,8455,99.65191272727111,495.89047811447705
3967,8456,369.98492089007755,214.4903407572678
3968,1865,42.05424000362541,277.33851846063095
3968,8455,99.65391999999724,495.8933333333337
3968,8456,352.53517956596744,218.2618149913258
3969,1865,25.749600000000328,272.90888888888867
3969,8455,99.65439999999717,495.89288888888916
3969,8456,335.3399538097176,222.5697289357942
3970,1865,9.390399999995225,268.875555555554
3970,8455,99.65990400000692,495.8937777777781
3970,8456,318.11562667072053,227.4698766066987
3971,8455,99.66025600000648,495.8938370370378
3971,8456,300.6066222260995,232.23995562155554
3972,8455,99.65871999999536,495.8928296296299
3972,8456,282.64720000443623,237.09389636153122
3973,8455,99.66096000000448,495.8925925925928
3973,8456,264.8037440136636,241.9385927885531
3974,8455,99.65840000000641,495.8925925925928
3974,8456,247.1984604994077,247.3463382384069
3975,8455,99.65503999999898,495.8937777777781
3975,8456,230.24881777896098,252.43038685529083
3976,8455,99.65247999999748,495.89407407407447
3976,8456,213.21644800088507,256.5923111251926
3977,8455,99.65327999999886,495.89288888888916
3977,8456,195.80387200354266,260.97694820447816
3978,8455,99.65551999999889,495.8914074074074
3978,8456,178.0425018184485,263.79842424730504
3979,8455,99.65408000000366,495.88613464293087
3979,8456,159.73615838514317,265.3487916439627
3980,8455,99.65415111112065,495.88079703522794
3980,8456,141.34885333453326,266.5489218341139
3981,8455,99.6543777777913,495.87848306216745
3981,8456,123.08019555722807,268.6146442531343
3982,8455,99.65248000000543,495.8792883132297
3982,8456,104.80282987455894,272.88101814558564
3983,8455,99.6565719337127,495.88194393288876
3983,8456,86.31122349202543,275.51806371533627
3984,8455,99.65483533243626,495.8839317790291
3984,8456,67.89054401611224,278.03761514008187
3985,8455,99.65643727685803,495.883942270807
3985,8456,49.385560890395936,280.14227162198034
3986,8455,99.65829421408102,495.88407689819604
3986,8456,31.134915556851865,279.4587160231705
3987,8455,99.65524266667217,495.88636131689424
3988,8455,99.65697777778018,495.8905030864429
3989,8455,99.6582444444391,495.89235390947107
3990,8455,99.66160000000286,495.8969340688202
3991,8455,99.66264888889668,495.8956861920969
3992,8455,99.66152913811698,495.8930946502047
3993,8455,99.65431636927521,495.89006448169795
3994,8455,99.65315563230433,495.88529719040065
3995,8455,99.6522919606241,495.88557841333136
3996,8455,99.65261254571374,495.8865147679403
3997,8455,99.65060238183128,495.88452547573894
3998,8455,99.65289281767923,495.8837609985647
3999,8455,99.65269533834771,495.88488888888935
4000,8455,99.65029827904006,495.8859094650325
4001,8455,99.65027111111453,495.8869056716586
4002,8455,99.65167999999835,495.8855700393137
4003,8455,99.64917333333347,495.88719341562347
4004,8455,99.65338400000292,495.8877810699447
4005,8455,99.64994266666963,495.88733364196116
4006,8455,99.64687500000082,495.88736921296015
4007,8455,99.65215999999943,495.8885925925929
4008,8455,99.65283058171963,495.88639868675034
4009,8455,99.6536636454232,495.8899255976057
4010,8455,99.65430399999605,495.88828312757016
4011,8455,99.6571839999956,495.89278189300455
4012,8455,99.65829599999323,495.8915891139759
4013,8455,99.65355580109986,495.8910824636791
4014,8455,99.65334895027468,495.89229629629637
4015,8455,99.65385849583299,495.89497451767375
4016,8455,99.65430462395602,495.89496585164073
4017,8455,99.65674666667155,495.89402469134944
4018,8455,99.65523555556614,495.8934485596962
4019,8455,99.65446222222226,495.8929151035696
4020,8455,99.65475229368849,495.89227090046364
4021,8455,99.65576807342586,495.88753033566934
4022,8455,99.6580977777785,495.88660905349747
4023,8455,99.65780444444931,495.8854814814819
4024,8455,99.65607687150737,495.88222222222277
4025,8455,99.65401921788043,495.8804609053502
4026,8455,99.65219809523546,495.8800411522639
4027,8455,99.65299633699033,495.88118518518564
4028,8455,99.65335892552048,495.8783539094596
4029,8455,99.65212786324628,495.8765514403283
4030,8455,99.65068307692377,495.8762962962968
4031,8455,99.64958837988547,495.8785077591481
4032,8455,99.64832881214306,495.8781061765951
4050,1483,487.50938936020987,154.81045212633916
4051,1483,470.1886428921114,185.5689368097999
4052,1483,452.53130106695204,215.87054001425753
4053,1483,432.9458220663298,238.77086339159638
4054,1483,409.41078792531016,252.80315429598056
4055,1483,386.09493369915236,266.2282724497582
4056,1483,374.5318320211026,282.2072324730431
4057,1483,374.77456852478207,294.157075996567
4058,1483,376.29485684507245,296.95106630791156
4059,1483,376.3593200001566,296.33455555603706
4059,7122,3.799839999996948,299.98251851851745
4060,1483,376.35320000004526,296.8647037037035
4060,7122,22.352159999996957,319.6691851851863
4061,1483,376.34680000005295,296.8461851851851
4061,7122,40.42112000000202,344.8322962962991
4062,1483,376.32680000010623,296.7995737637077
4062,7122,58.4234618400319,369.897683422735
4063,1483,376.3068000001027,296.78105524518907
4063,7122,76.71784736010864,395.3858448020502
4064,1483,376.31764706556794,296.81202613387336
4064,7122,94.63738670858675,423.6485061199844
4065,1483,376.31764706556794,296.78758168942875
4065,7122,104.81626683435138,458.17595040586536
4066,1483,376.26000000000204,296.7037037037037
4066,7122,101.4159466666706,486.7925925925924
4067,1483,376.34568888893796,296.7955967075622
4067,7122,98.81498666666744,499.57777777777744
4068,1483,376.42446000991185,296.87275095690467
4068,7122,98.61360000000445,499.51851851851825
4069,1483,376.42809114850877,296.8709689774176
4069,7122,98.61360000000445,499.51851851851825
4070,1483,376.42370802441576,296.882399967243
4070,7122,98.61360000000445,499.51851851851825
4071,1483,376.45776453449,296.9717902840654
4071,7122,98.61542857143263,499.51851851851825
4072,1483,376.5327776436635,297.0651632940451
4072,7122,98.62347428576072,499.5194691705789
4073,1483,376.53580110645635,297.06207574595453
4073,7122,98.62640000018473,499.52474715731074
4074,1483,376.53216000697114,297.05863599379524
4074,7122,98.62640000006651,499.5300205632884
4075,1483,376.56374883440833,297.0950568753605
4075,7122,98.62544542392925,499.5272896184713
4076,1483,376.5520499848151,297.0686237574256
4076,7122,98.620108230308,499.5248361572331
4077,1483,376.5078398333287,296.9893703898645
4077,7122,98.6165061408451,499.51851851851825
4078,1483,376.4916009057486,296.950914620957
4078,7122,98.62384000000134,499.51851851851825
4079,1483,376.485003518934,296.96562437975916
4079,7122,98.61360000000445,499.51851851851825
4080,1483,376.42616676652096,296.9331948335294
4080,7122,98.68041989093854,499.3328034986497
4081,1483,376.41898547698247,296.93897784169354
4081,7122,99.05996324067928,496.6218807894136
4082,1483,376.5251396784805,297.03824324115936
4082,7122,103.96193472576215,483.57995121796904
4083,1483,376.65153967848255,297.1186136115298
4083,7122,126.9725120863154,457.3783214127145
4084,1483,376.6999999999996,297.1359259259261
4084,7122,152.82401176643134,429.9828423963943
4085,1483,376.6711555596316,297.1151440093962
4085,7122,178.19265487951952,403.5488797690565
4086,1483,376.6243555596361,297.10884771309986
4086,7122,204.20288017017924,377.68500834775233
4087,1483,376.63320000000346,297.12962962962996
4087,7122,231.43762911430144,353.1818048912332
4088,1483,376.6976222222439,297.1544444444447
4088,1961,494.549236514689,137.40828320101883
4088,7122,259.1959031345175,330.90499742170954
4089,1483,376.7244222222473,297.16074074074083
4089,1961,478.428000114468,168.65222256777957
4089,7122,287.81831470977295,312.98302254382236
4090,1483,376.74000000000376,297.1544444444447
4090,1961,461.7389992714493,198.98169922989317
4090,7122,317.4733120081953,305.7595951492464
4091,1483,376.718303910755,297.1392696072803
4091,1961,444.39934018122926,226.61766575597974
4091,7122,347.9849600247985,298.4026175443821
4092,1483,376.70430391140144,297.13593626689726
4092,1961,423.6515555645269,244.20551452502704
4092,7122,377.2845714373864,281.45830696613916
4093,1483,376.69920000064684,297.1077777707285
4093,1961,400.10720002607627,254.708222462668
4093,7122,407.18346380589537,264.5463514913224
4094,1483,376.65144000899886,297.08592590270564
4094,1961,378.86617259662785,265.498912042891
4094,7122,436.3897585290272,247.21152641155842
4095,1483,376.6142590583087,297.0882950876974
4095,1961,361.85840000000553,272.0274074074076
4095,7122,461.2086119125206,218.17385612596095
4096,1483,376.6692190493103,297.107183999807
4096,1961,353.98000000000707,265.15555555555517
4096,7122,484.5598934826114,184.31516105385825
4097,1483,376.70936795759644,297.1373173752996
4097,1961,360.11199999999803,263.6725925925929
4098,1483,376.70518615302905,297.1435462738832
4098,1961,357.14065455179593,265.8935353282883
4099,1483,376.7222181954338,297.13585852821336
4099,1961,356.71258181911867,267.44323232556224
4100,1483,376.6487733336646,297.0961605004474
4100,1961,356.63578181925004,268.3313131342935
4101,1483,376.6177621089241,297.0743294361797
4101,1961,356.64324444517206,268.071061722944
4102,1483,376.62218877526357,297.0522430098064
4102,1961,356.70553376617136,268.05528535861845
4103,1483,376.5612906082254,297.0053345546435
4103,1961,356.94197339850575,268.1082715683296
4104,1483,376.58647192347985,297.0309662511166
4104,1961,356.9066232559294,268.3897157642059
4105,1483,376.6583813152579,297.0811872520285
4105,1961,357.16729837150183,268.57569612346646
4106,1483,376.66278882691984,297.0900103461429
4106,1961,356.9847821238568,268.3788040507913
4107,1483,376.6182454972835,297.05883748880257
4107,1961,356.9883759062236,268.56177598834853
4108,1483,376.62185667036283,297.0554938093266
4108,1961,357.03567734850594,268.3420421515388
4109,1483,376.67743016779133,297.10244155168607
4109,1961,357.0338740634213,268.3905955039623
4110,1483,376.679538695015,297.1065299817579
4110,1961,357.05496586286927,268.2089250418309
4111,1483,376.67530852722274,297.0844588004424
4111,1961,356.91802222880824,268.4018189287842
4112,1483,376.66504530564566,297.0726560157724
4112,1961,356.9637288891613,268.3613168687489
4113,1483,376.672541809549,297.06988211861375
4113,1961,357.17753924109275,268.41111110218077
4114,1483,376.6542965039008,297.04648536210067
4114,1961,357.0173854755808,268.40944341530394
4115,1483,376.59122222324015,297.0040946443233
4115,1961,356.9763843583587,268.41934202384476
4116,1483,376.58097508949305,296.9733539035826
4116,1961,357.03359999999975,268.4629629629625
4117,1483,376.61659484155905,296.9999611339893
4117,1961,356.83797544744493,268.25940812809733
4118,1483,376.6619712580962,297.0513771297534
4118,1961,356.94169834541185,268.15746730017406
4119,1483,376.7167692828763,297.06515673599876
4119,1961,356.9999999999993,268.3466666666663
4120,1483,376.7773852521202,297.07165300636285
4120,1961,357.03940444452655,268.47909053323946
4121,1483,376.89875077733177,297.1080657358331
4121,1961,357.0736000000011,268.6185185185186
4122,1483,376.96242431115644,297.1236893736642
4122,1961,357.18800000000215,268.33925925925905
4123,1483,376.9029654529277,297.1271367307926
4123,1961,357.1029657458837,268.4622263144851
4124,1961,357.1845411094671,268.2626033548874
4125,1961,357.52959999999234,266.94074074074115
4126,1961,361.26740000140103,263.6287036851801
4127,1961,376.8256000000008,274.013333333333
4128,1961,394.08120000679787,274.769777681253
4141,83,489.9092852394881,155.93519744999097
4142,83,471.3880341027925,189.17255083170747
4143,83,450.0879915661835,221.24552874968484
4144,83,424.02085832465673,244.09159703804372
4145,83,394.51422225613095,257.60183579984994
4146,83,366.1573280072628,267.08090383594055
4147,83,351.13139200108435,268.04835557719485
4148,83,348.3969599999955,267.17940740740744
4149,83,348.59239553260863,267.56650696521865
4150,83,348.8270052161283,267.53523580075347
4151,83,348.9455628162614,267.54066605734914
4152,83,349.05211012010454,267.564137408898
4153,83,349.1174342752538,267.4953520823993
4154,83,349.12504407020606,267.41708223742245
4155,83,349.1116072745854,267.4494629656123
4156,83,349.09063052696524,267.4496459310618
4157,83,349.1268882292684,267.3933688911352
4158,83,349.1936594287722,267.3491047588883
4159,83,349.26467029747187,267.3007042455924
4160,83,349.28034934108155,267.3011142955806
4161,83,349.2239495954527,267.3262521960278
4162,83,349.22634089096624,267.2688667980758
4163,83,349.2995918848874,267.18171680706735
4164,83,349.35698266080635,267.13167588049623
4165,83,349.3986758824758,267.0987590861327
4166,83,349.40403162795974,267.10542377308633
4167,83,349.37053466290536,267.1203119378009
4168,83,349.3778069231678,267.0796606923267
4169,83,349.44462920970864,266.99270511470985
4170,83,349.495504946608,266.8756548928526
4171,83,349.5072877965515,266.83390668708216
4172,83,349.5332563325371,266.752683764935
4173,83,349.5954915328707,266.55144566959655
4174,83,349.6425946760678,266.36646621787776
4175,83,349.6638224361061,266.2492814608224
4176,83,349.67894228340015,266.1700771699742
4177,83,349.6760919841597,266.04737724150107
4178,83,349.6785580857056,265.84374806076585
4179,83,349.6844540850816,265.6059539580682
4180,83,349.6496252977238,265.35772749241147
4181,83,349.5730417162247,265.09501574608805
4182,83,349.5634503934594,264.9857289935942
4183,83,349.5745033833589,264.9991300718531
4184,83,349.54495319180864,264.9733018120659
4185,83,349.5457349697517,264.90107203141446
4186,83,349.64891183173904,264.832006771851
4187,83,349.5896856790421,264.7816844347619
4188,83,349.4984148148751,264.71786008224376
4189,83,349.5065432131605,264.6779560973156
4190,83,349.5322133354955,264.71015637400285
4191,83,349.52141565968077,264.698053818365
4192,83,349.50161988083664,264.62978973192344
4193,83,349.5269396273682,264.63593466744095
4194,83,349.5601443546627,264.69997289215485
4195,83,349.5511251691232,264.7101836463892
4196,83,349.46760151067565,264.6053361249478
4197,83,349.38625114539144,264.3915002303956
4198,83,349.3461484753879,264.3195024614382
4199,83,348.74222914146685,263.84815051456644
4200,83,354.95039418957276,268.05225307848326
4201,83,369.7859534606812,273.5337144098997
4202,83,388.5470186694647,273.9304494348536
4209,831,106.8316799999991,483.0589629629625
4210,831,126.1275048306709,465.48397933805074
4211,831,142.70420421342692,472.3471577756184
4212,831,147.14203200143854,474.70524443897943
4213,831,149.25119999999882,478.15629629629353
4214,831,152.68848000000048,481.67466666666604
4215,831,151.90671999999608,485.1574814814821
4216,831,148.09359999999288,489.13881481481593
4217,831,144.34959999999933,490.8579259259269
4218,831,147.07876363902642,487.4059259407697
4219,831,149.01382691050117,484.28245926632485
4220,831,148.1015040001921,484.92228148231754
4221,831,149.52736000000073,482.992444444444
4222,831,150.52143999999888,480.98192592592557
4223,831,151.8257454548916,479.28599326749446
4224,831,153.20326303041497,478.0922020208382
4225,831,154.51466666694273,477.5967407426809
4226,831,155.28183809673462,476.40621516990643
4227,831,156.7086095241666,474.41455379235896
4228,831,157.82952727333392,472.55129966428797
4229,831,158.75492848938734,470.26782492426
4230,831,160.11377066818338,468.21048889202063
4231,831,162.21560873174894,465.7689724052285
4232,831,165.17755152149675,460.98426040116067
4233,831,168.016693334647,456.1550617323871
4233,8389,386.0238400000003,285.3797037037031
4234,831,170.52671999999347,451.4974814814818
4234,8389,368.75266671529863,269.3115800538037
4235,831,172.29792001739156,448.5389136221465
4235,8389,351.51660007295163,247.31974045107586
4236,831,173.17456000434845,445.68158025738836
4236,8389,333.9184000000046,228.10088888888802
4237,831,174.223039999996,443.11481481481474
4237,8389,315.9536000000015,224.68296296296253
4238,831,175.28090667009909,440.53506173176004
4238,8389,298.5643199999982,238.6241481481477
4239,831,176.3469866675223,438.22202469219974
4239,8389,281.656799999995,251.90607407407327
4240,831,177.46784000028697,436.02096969748084
4240,8389,264.63440000000105,264.29496296296315
4241,831,178.63050667045172,433.59871156771356
4241,8389,246.84303999999995,271.36814814814755
4242,831,180.10762666760115,431.00454321175863
4242,8389,227.74683636455052,270.4176969508596
4243,831,172.4503999999979,433.934814814817
4243,8389,208.69745454683198,266.69098987073414
4244,831,156.1153599999966,445.3075555555574
4244,8389,190.39911272812333,262.5351380643277
4245,607,96.34232000000338,493.7344444444445
4245,831,137.37882184271598,456.39396650741793
4245,8389,172.98905309288557,262.2761885919853
4246,607,98.33992000000023,494.64933333333374
4246,831,119.32814548605393,469.3593941600453
4246,8389,155.9386341834056,264.5801751159613
4247,607,98.79762666667318,497.2746172839473
4247,831,103.1524800063437,484.85411452218676
4247,8389,137.87416728643393,267.26430712731377
4248,607,98.76847560464455,497.75322914344946
4248,8389,136.34752001935567,268.8872889495724
4249,607,98.78358713348007,497.74567980233786
4249,8389,163.59200000000328,268.5577777777779
4250,607,98.79309495014297,497.7327474716875
4250,8389,191.61152000650875,270.8965678123676
4251,607,98.80186666685177,497.7387407394831
4251,8389,218.40792000975625,277.5310739407728
4252,607,98.79014112361064,497.7285493129786
4252,8389,244.21775999999682,287.1511111111098
4253,607,98.7857050809248,497.7238859540809
4253,8389,269.5799680003893,299.90112591788653
4254,607,98.77475707320457,497.7255085811871
4254,8389,295.1419520005902,309.4282073953487
4255,607,98.78333107359481,497.72812010828835
4255,8389,321.4869091031915,306.54498328532753
4256,607,98.79527544906863,497.71815517969543
4256,8389,347.03716366578874,296.65348985406206
4256,8685,496.557888018732,144.14125932136957
4257,607,98.81224172996042,497.71856296339666
4257,8389,372.7054182090899,283.2803491046576
4257,8685,483.1885920949605,168.09325956731635
4258,607,98.81298666717669,497.72419753203945
4258,8389,398.7176342885277,270.0725056173641
4258,8685,468.55216008023035,193.27881505327161
4259,607,98.803340000282,497.7231414154619
4259,8389,423.72253384894174,256.9039524625374
4259,8685,453.8857182770448,218.06964404779671
4260,607,98.80118000002824,497.73928282863244
4260,8389,447.33116811135005,238.0320523292494
4260,8685,435.95567310818524,237.23768730230012
4261,607,98.8004800000084,497.7304115713341
4261,8389,468.5803521307492,207.50480041429142
4261,8685,413.45199999999295,248.16859259259317
4262,607,98.81121317660359,497.7135607634917
4262,8389,488.7224291796509,171.04146829325063
4262,8685,387.6264436412396,253.80653192747093
4263,607,98.82720564711349,497.72509368183336
4263,8685,359.7494545649647,246.14390548766107
4264,607,98.81298142089065,497.7179963560321
4264,8685,333.1424436449231,241.31443778122642
4265,607,98.80278325421045,497.72738028490824
4265,8685,308.6825309521624,256.1931451353414
4266,607,98.81194218084941,497.7340922696889
4266,8685,284.15178185447076,270.6072326245166
4267,607,98.80427486183237,497.7286419999796
4267,8685,261.5331054586454,278.62514484961423
4268,607,98.79257705685689,497.741751638884
4268,8685,244.56080000000156,281.51155555555476
4269,607,98.79804860876332,497.74044069755183
4269,8685,233.446399999998,281.8256296296291
4270,607,98.80339447532322,497.74230243591535
4270,8685,222.0032000000003,282.63111111111107
4271,607,98.79773311263307,497.75281450023056
4271,8685,212.22591999999963,283.092592592592
4272,607,98.78449316504826,497.7609798410458
4272,8685,210.38559999999848,281.7711111111114
4273,607,98.79952043745901,497.74497348549596
4273,8685,209.73213155558253,280.8656156372742
4274,607,98.79521349694016,497.75143321352334
4274,8685,209.66532622233672,280.7061662527992
4275,607,98.78125468364487,497.74732583151325
4275,8685,209.7285277349181,280.72702680408133
4276,607,98.79276089957955,497.7564823097633
4276,8685,209.78282554661973,280.78163780288355
4277,607,98.7969775295403,497.74414791523736
4277,8685,209.73974492034017,280.9436318675296
4278,607,98.788720000494,497.7461728395061
4278,8685,209.00617708176696,282.1537747110969
4279,607,98.7829555555976,497.7284082303224
4279,8685,204.38417778294252,282.3440987358907
4280,607,98.78222666682689,497.72648664416397
4280,8685,191.13747735451966,272.7180903963371
4281,607,98.7881527278546,497.7492121222802
4281,8685,176.77979200424377,266.491570313119
4282,607,98.76806548238505,495.3671582496164
4282,8685,157.35686400118425,264.61354074005806
4283,607,99.79697606082027,489.3282897265017
4283,8685,134.98053333423968,265.7948642127996
4284,607,114.39608006630976,470.5156299123781
4284,8685,116.29647515596275,270.3133693254731
4285,607,142.3078241219514,445.2678525104861
4285,8685,97.34693032404037,274.96594131090177
4286,607,175.13268578699126,422.02863550494385
4286,4267,493.65002182799344,151.79777779709246
4286,8685,77.87713219268085,277.21574344434583
4287,607,211.59144002840492,403.3669367272705
4287,4267,482.92405604024054,169.092889042348
4287,8685,59.59376000281623,279.698251907742
4288,607,238.3043068529156,361.28791402112404
4288,4267,471.84158040412,184.90800015168983
4288,8685,42.606967284459635,281.3838033706797
4289,607,269.22900009017667,323.4172892321077
4289,4267,461.84413576642504,201.18970828324768
4289,8685,27.40405822630123,276.13667319486956
4290,607,308.4084000092753,309.614340746625
4290,4267,452.3918811428132,218.37517016751184
4291,607,348.14914290850595,296.65485760197384
4291,4267,439.90034754970566,224.45757189566874
4292,607,386.8797295695646,276.9798205516723
4292,4267,425.91830866566056,225.61310781218458
4293,607,424.330346706264,255.84862998566305
4293,4267,411.64506993837455,226.04113765350274
4294,607,457.9055201676931,221.75342034792146
4294,4267,394.2152167289078,226.194373749103
4295,607,489.28065618550085,173.91277097426538
4295,4267,376.0863760001206,227.60737037270061
4296,4267,358.90408000692395,227.73296286431878
4297,4267,342.64200000161054,226.8262962695764
4298,4267,326.9144674284513,228.73445298740512
4299,4267,310.8990767095179,234.14719099302684
4300,4267,294.64672450774174,239.4715931561393
4301,4267,278.3520872732146,244.70457913183253
4302,4267,262.31317091577756,250.94849839800747
4303,4267,246.11336000645053,256.3715085241296
4304,4267,229.63052727723266,260.0978990732754
4305,4267,216.65589333424919,261.27306172683194
4306,391,496.50511255140486,146.5018702327925
4306,4267,204.9059042431361,261.02017732417295
4307,391,489.15725733152044,157.4857150540252
4307,4267,189.7813745455306,261.7181952857952
4308,391,480.6840000866748,166.3035559096757
4308,4267,174.43628000094748,262.84733335264644
4309,391,472.8600001027007,175.45051895011255
4309,4267,159.39244000097005,264.61870372300564
4310,391,466.08145322147493,186.63480867020854
4310,4267,143.96568001106175,266.18676741227245
4311,391,459.4976076810394,198.63452559656602
4311,4267,128.27184000121804,267.8853897945679
4312,391,452.8987281791592,212.05479773805402
4312,4267,113.44840000448528,270.91479468782586
4313,391,444.84559785547845,219.54815627669743
4313,4267,98.59624000050246,273.8498989982361
4314,391,435.6406115033348,221.53369200675453
4314,3838,499.62045734586695,137.23661429135458
4314,4267,84.09524088302419,276.0601937243587
4315,391,426.30028002454424,222.86835160573526
4315,3838,494.72836380392096,147.64760985551328
4315,4267,69.63642409914144,278.09614664845503
4316,391,416.95990971545143,224.2022057195563
4316,3838,487.95600000000263,159.35925925925875
4316,4267,54.38650400149413,280.76153336320607
4317,391,408.94847358147103,223.6315384087375
4317,3838,479.2863999999952,172.25703703703664
4317,4267,38.43263200016054,281.9281851882489
4318,391,402.1633142868666,222.87308289428532
4318,3838,470.27600005450836,186.43123474547463
4318,4267,22.059240049620712,277.48577335796364
4319,391,396.13608000105387,222.7321481444784
4319,3838,461.4743314586633,201.75662143864216
4319,4267,5.240112009845461,272.2393146722668
4320,391,390.50656000135973,222.62970367765033
4320,3838,452.67200000000685,216.331851851856
4321,391,384.77056000143534,222.96918518476906
4321,3838,440.1444840668091,222.06104184842502
4322,391,378.796080000618,223.37792593405914
4322,3838,425.8463745819938,222.72366894093554
4323,391,372.6787200011904,223.16051849488196
4323,3838,411.5482182152732,223.3856839741979
4324,391,366.60659000161104,222.96128703830576
4324,3838,394.75440000000503,219.64074074074102
4325,391,360.65906000132145,223.3869074309278
4325,3838,377.5504000000012,223.81703703703693
4326,391,354.7211428587844,224.09405294172836
4326,3838,360.19040000000473,227.31333333333504
4327,391,348.67425524068494,224.6679365594175
4327,3838,342.8556903809806,231.30394376952458
4328,391,342.45144000196996,225.10282225810795
4328,3838,325.1039999999932,234.49851851851798
4329,391,336.0480000018481,225.57314077638168
4329,3838,307.48159999999416,239.4985185185181
4330,391,329.65751200173827,226.0632666979252
4330,3838,290.195760010198,245.02981497071508
4331,391,323.5480480034357,226.70806143505274
4331,3838,272.91973339269475,249.0637048043005
4332,391,317.60364267259547,228.04692743320376
4332,3838,255.76157249122954,252.67261945336816
4333,391,311.65590401191025,230.3912297662558
4333,3838,238.65000000271834,257.12570375262425
4334,7,497.9622951925637,137.62196315408892
4334,391,305.8323031712348,233.15544653472787
4334,3838,221.74800000000232,258.7296296296291
4335,7,491.1599520406668,152.4321927522112
4335,391,300.1925810612295,235.68783636035474
4335,3838,206.99600000000373,260.0111111111107
4336,7,481.84179914813285,163.05688576975962
4336,391,294.65681263952774,237.83279542233515
4336,3838,192.57984000068404,260.86496297464737
4337,7,473.2105158835241,176.21468171472566
4337,391,290.2173600036099,239.20740745174652
4337,3838,177.60559999999828,262.2614814814812
4338,7,464.83190074099355,190.75391907032423
4338,391,286.08395428697804,241.13862435022537
4338,3838,162.77760000000399,263.1111111111104
4339,7,456.6266382195692,206.34899758661018
4339,391,281.2739508719062,244.2122360889165
4339,3838,147.7992000006509,263.2897777712464
4340,7,447.9300948371218,221.23229040503523
4340,391,276.1230148685411,247.6942455830471
4340,3838,132.07662222538374,262.8705350322813
4341,7,434.8675409117879,222.66164755900354
4341,391,270.8587965767026,250.6745143452811
4341,3838,116.57840000725628,268.3795960642914
4342,7,421.7813551904959,224.05418022031864
4342,391,265.56840914602617,253.37545400891815
4342,3838,101.27599999999575,273.4962962962959
4342,5254,16.966559999999618,293.03111111111104
4343,7,408.1777920042242,224.9351891500997
4343,391,260.2159314291623,256.33682540481817
4343,3838,85.91624896081953,275.4645007546199
4343,5254,36.435271142140664,286.28772032613136
4344,7,391.78788800293034,224.52918120390407
4344,391,254.71800000031635,258.7893015930478
4344,3838,70.5096727281159,277.399461294916
4344,5254,56.91745778553809,281.5805597111625
4345,7,375.01920000678297,227.9471785763063
4345,391,249.2373600002941,260.672888894107
4345,3838,54.327999999998156,279.7985185185188
4345,5254,79.2755167871144,277.9756002105755
4346,7,358.0783360038754,231.57925933256652
4346,391,243.7112914289071,262.52273016523
4346,3838,37.64800000000719,280.58740740740683
4346,5254,102.70203919821824,275.494489304164
4347,7,341.30520400653893,234.97324086037796
4347,391,238.2535542858625,264.0745608495363
4347,3838,21.40864001207774,272.43903692443826
4347,5254,124.83459206087103,266.420916090949
4348,7,325.11910445566343,238.49543848126896
4348,391,234.7246857144546,264.0008677224983
4348,3838,4.915800104959089,264.89322111771884
4348,5254,139.72396803463312,249.94662236325027
4349,7,308.75284800313466,241.93117042765545
4349,391,230.60941714297087,264.53564021006116
4349,5254,145.62134089298866,239.5913764390385
4350,7,292.4268053404905,246.0175293285345
4350,391,225.19200000917294,266.54585194039936
4350,5254,143.66695522203028,237.48346262352004
4351,7,276.14280000485905,250.0929630450184
4351,391,219.26841143530737,268.74954502338056
4351,5254,142.30987102044764,237.9846621314814
4352,7,260.4430400041138,253.8323165710026
4352,391,213.89732571800323,267.1289735312108
4352,5254,142.14416108845057,238.1350173846426
4353,7,245.05178666876532,256.75668391675185
4353,391,211.57003429010956,262.46583068578985
4353,5254,142.14292637686867,238.14080699339613
4354,7,229.44996000420818,259.59885932852035
4354,391,212.0560000014632,259.13822222425375
4354,5254,142.14505240792164,238.14622008699948
4355,7,214.44492000154014,261.4107555799532
4355,391,213.28116571429746,257.8517037037034
4355,5254,142.14685115269617,238.12968701026648
4356,7,200.29200727399143,261.60976566824945
4356,391,214.41285714408423,256.70977778019676
4356,5254,142.15422940398412,238.13350625454933
4357,7,186.49063273183344,263.0732324074878
4357,391,215.0868000009359,255.55185185423858
4357,5254,142.1564491528989,238.1386746718963
4358,7,172.42686545812774,265.6655690932328
4358,391,213.60688000132313,253.84088888229363
4358,5254,142.15707378266757,238.14301237851043
4359,7,158.0102254556925,267.5001952980005
4359,391,204.9732800012191,252.8050370322963
4359,5254,142.15216721384422,238.14338755838227
4360,7,143.0507490925794,269.04946127817533
4360,391,191.27225144535487,248.57564011744503
4360,5254,142.1438662412436,238.13927932847355
4361,7,127.51856800352584,268.88500746529706
4361,391,179.77405716468297,237.41197874565324
4361,5254,142.14356782485766,238.13760748861944
4362,7,112.60642756911977,271.40391455261346
4362,5254,142.14539552596193,238.13676133072147
4363,7,98.82689188960624,274.1416799811636
4363,5254,142.1472232270503,238.13591517272536
4364,7,85.02350645602066,275.7190439613615
4364,5254,142.15034245145148,238.13631150495286
4365,7,71.17473732956853,277.7146018110821
4365,5254,142.15372617449813,238.13365808300912
4366,7,56.60311273089917,279.5425118190258
4366,5254,142.1543999999983,238.13233395224563
4367,7,41.524782555198954,278.6525688792221
4367,5254,142.1471608521449,238.11889418224985
4368,7,25.985347562928496,274.27185584917123
4368,5254,142.1329410915348,238.09324851507395
4369,5254,142.12841755291947,238.08733612348698
4370,5254,142.12980858764354,238.09302215021512
4371,5254,142.1371268828102,238.11442984000507
4372,5254,142.1414571846401,238.12525418352547
4373,5254,142.14359227799605,238.12900042899
4374,5254,142.14487211214757,238.1305578530415
4375,5254,142.14695103872143,238.13278244790737
4376,5254,142.14926557881768,238.1352552469407
4377,5254,142.1515801188343,238.13772804634104
4378,5254,142.15389465877593,238.14020084610488
4379,5254,142.15206459978273,238.14137803879441
4380,5254,142.14912098766263,238.1422071331718
4381,5254,142.15697629354509,238.13952752462143
4382,5254,142.1595077429322,238.13685638230675
4383,5254,142.1591557407305,238.13382818858165
4384,5254,142.158584652027,238.1306554739955
4384,6363,8.964800000002244,289.8598518518514
4385,5254,142.15532075354872,238.11939677875736
4385,6363,23.51943273447091,291.2467475295406
4386,5254,142.15368194879034,238.11886757885037
4386,6363,37.32273039613573,286.8095354169833
4387,5254,142.15270659277962,238.12194098824824
4387,6363,51.51260571680381,281.77977782049715
4388,5254,142.151753455355,238.12511811291537
4388,6363,67.12953396355147,279.31451776714766
4389,5254,142.15080031780303,238.12829523739043
4389,6363,84.06124512924862,277.31745275065566
4390,5254,142.1495601325148,238.12540740222988
4390,6363,101.79849014369552,275.29415403449997
4391,5254,142.14872291191568,238.11943410561875
4391,6363,119.40529454580542,273.331851856915
4392,5254,142.1544944801326,238.11450958040803
4392,6363,136.26816000000645,271.229925925925
4393,5254,142.1541514064461,238.11366099041442
4393,6363,152.7726400000006,269.6007407407404
4394,5254,142.1506814021393,238.11487052041434
4394,6363,169.49073600282986,271.412962918653
4395,5254,142.15342397572383,238.11894565276194
4395,6363,186.0841440054753,276.1648295481112
4396,5254,142.14874977572777,238.1310664858449
4396,6363,201.99806400449575,280.9825777110888
4397,4185,499.4103999999993,135.3392592592586
4397,5254,142.13201065630983,238.132640674388
4397,6363,216.56089600139808,285.0851851638265
4398,4185,491.1956000451994,152.94762974852637
4398,5254,142.12077379864354,238.11794903939943
4398,6363,230.39850666742382,288.3700740593318
4399,4185,481.4984000000038,168.8903703703737
4399,5254,142.11305735103565,238.1023924505077
4399,6363,244.46209777828014,290.9569382617778
4400,4185,471.2256000000025,184.78148148148165
4400,5254,142.12287987331365,238.11456916664065
4400,6363,258.6394327306016,293.7981952416677
4401,4185,461.0009448021515,202.12494465665375
4401,5254,142.12676834804597,238.1167155125601
4401,6363,273.18674909584615,297.85582485047433
4402,4185,450.727999999998,220.49037037037021
4402,5254,142.12810106439747,238.11465885162298
4402,6363,288.2361600034221,302.8201346278665
4402,8776,493.99769649848395,145.050756829318
4403,4185,435.2316805965472,224.55044249223798
4403,5254,142.12943378070574,238.11260219051067
4403,6363,303.54109091336795,307.59426256012443
4403,8776,473.6772162337206,184.07945252689228
4404,4185,419.2073605367739,226.87362328688977
4404,5254,142.1078600647877,238.09947520869358
4404,6363,318.95611636928834,310.9054814983079
4404,8776,450.9154206533617,224.007483037459
4405,4185,401.4184,226.8911111111116
4405,5254,142.12973849575405,238.1151050827204
4405,6363,334.10708363871095,307.1112458234153
4405,8776,419.21247919114876,247.55433038503938
4406,4185,382.5903999999923,225.91703703703757
4406,5254,142.13823033313247,238.12353381692608
4406,6363,349.32287999999744,298.1828148148151
4406,8776,382.61256012725994,267.361990361787
4407,4185,363.7719999999945,224.91851851851897
4407,5254,142.14030184972103,238.12819198941892
4407,6363,364.617599999998,289.2518518518521
4407,8776,346.78976010459905,291.33568331309954
4408,4185,344.7960000000023,226.0503703703698
4408,5254,142.14124815309106,238.13030834157024
4408,6363,379.38356363892126,282.2872727639765
4408,8776,313.307280030615,302.35348181244893
4409,4185,325.733200005385,228.93281490026718
4409,5254,142.14107578533117,238.12989765102643
4409,6363,393.04352000576614,275.96814821614714
4409,8776,279.2171200076814,310.292592682508
4410,4185,306.9000000000017,236.50148148148187
4410,5254,142.14069407561624,238.12901406360876
4410,6363,406.17299385302766,268.1275829176426
4410,8776,252.8499841530686,343.7598967445758
4411,4185,288.10000001086564,244.7070988973188
4411,5254,142.1403123658888,238.12813047621663
4411,6363,420.1797243880412,260.2397138859447
4411,8776,228.48905606089258,386.87025204144044
4412,4185,269.26239999999666,253.34962962962913
4412,5254,142.13993065614432,238.127246888844
4412,6363,435.3593600019906,252.8531259532618
4412,8776,197.8100320181352,410.0014964659324
4413,4185,249.84160000000202,259.5481481481483
4413,5254,142.13954894640096,238.12636330149184
4413,6363,449.21160004617496,239.37591126751246
4413,8776,170.88476801582144,422.4165038082945
4414,4185,230.7520000000011,264.4814814814815
4414,5254,142.13916723664056,238.1254797141641
4414,6363,462.029968081672,218.94462247755575
4414,8776,152.94492453171188,440.78989335695917
4415,4185,211.51980000191202,263.5465431731665
4415,5254,142.13878552687106,238.12459612685922
4415,6363,475.5607360680744,196.87931875061503
4415,8776,136.08987480212593,456.71136585692085
4416,4185,191.081800000552,261.67407408536627
4416,5254,142.15113221694764,238.13727394288463
4416,6363,490.17298333730196,175.96866018626378
4416,8776,124.17147314551927,465.7567797519615
4417,4185,171.46159999999782,263.49407407407364
4417,5254,141.53113561585542,241.64338647478735
4417,8776,117.7583715622859,470.21364614419394
4418,4185,152.9839999999922,265.2962962962959
4418,5254,134.3070720052117,253.15982223988453
4418,8776,105.90380807308065,480.1760003156741
4419,4185,134.09854545620306,266.00794616037615
4419,5254,142.48585600370006,266.992503759496
4419,8776,99.56846403869577,492.0997926719679
4420,4185,115.48559999999952,269.6170370370372
4420,5254,164.3658560124959,270.04068128153926
4420,8568,499.5450800042954,137.20753334558157
4420,8776,98.72371200519183,497.37327407488175
4421,4185,98.20800000092618,274.2844444570032
4421,5254,188.5947200136127,274.55066642833594
4421,8568,492.4971600386476,153.6618741843323
4421,8776,98.75869298704515,498.0737914386677
4422,4185,80.77365127035137,276.16322877019496
4422,5254,212.11459201893604,281.5960885975497
4422,8568,484.00880000000143,168.37570370370346
4422,8776,98.75051905739724,498.0724590925545
4423,4185,63.015999999993255,278.6459259259257
4423,5254,234.79294401399557,288.2719701519083
4423,8568,475.6873236392289,182.848026945436
4423,8776,98.75022210839914,498.06634620536204
4424,4185,44.48192000103859,282.350592601528
4424,5254,256.7551360140112,294.60675532660497
4424,8568,466.95965675659295,196.7532202967912
4424,8776,98.75307016400144,498.05998187848724
4425,4185,25.583520006000526,276.82503695086
4425,5254,279.225732376093,299.1388684515979
4425,8568,458.5523360319331,211.85042972045954
4425,8776,98.7572800000737,498.0770968661883
4426,4185,5.824000000001206,271.35925925925955
4426,5254,301.9619490966204,303.7945615232047
4426,8568,449.45210506553053,226.11872744351746
4426,8776,98.76453117327969,498.06707117618873
4427,5254,322.3768000365442,318.4654516280991
4427,8568,436.55110789204286,229.73573387716374
4427,8776,98.75170432223626,498.0623565542259
4428,5254,342.5864534028483,310.27219786636607
4428,8568,422.5916207202408,229.71231159944304
4428,8776,98.76232346872143,498.0569640525492
4429,5254,363.53258673916343,293.37837089482565
4429,8568,408.634239999999,230.07162962963102
4429,8776,98.76885577162511,498.07143195702696
4430,5254,385.23760005524423,278.7160004664717
4430,8568,394.2975440000788,231.77042222349974
4430,8776,98.76984150956787,498.0605916836185
4431,5254,406.7096814679189,266.17122058338106
4431,8568,379.19887200075544,232.93045927136657
4431,8776,98.77473771084283,498.06056464096525
4432,5254,428.7853670556558,255.08474365792867
4432,8568,363.60061672807484,233.76128687838894
4432,8776,98.7557668048828,498.07161685855795
4433,5254,449.8880535272656,236.14869212105538
4433,8568,347.61813454989635,235.63203375934472
4433,8776,98.76018436845585,498.07397088232653
4434,5254,469.37429368902826,206.96802586948348
4434,8568,332.1527600223737,238.5171856468129
4434,8776,98.77654657178482,498.06701799123607
4435,5254,489.2876465154234,174.79631580709264
4435,8568,316.9348457147066,240.63906526409795
4435,8776,98.7654509820311,498.0699334676979
4436,8568,300.6191314323451,243.96203182131737
4436,8776,98.77595245980615,498.08104474244396
4437,8568,283.9048080002874,247.1996666717704
4437,8776,98.75941800013493,498.0736355461277
4438,8568,266.85775200255705,250.9934444903803
4438,8776,98.74938485921916,498.0329575237552
4439,8568,249.82151999999928,255.22688888889044
4439,8776,98.75075334862572,498.06205333479147
4440,8568,232.91720000000282,259.7445925925941
4440,8776,98.73548542029653,498.0560770098483
4441,8568,216.9942763637442,261.4045791265358
4441,8776,98.74140846477077,498.066943789262
4442,8568,201.40688727365102,262.22565658326766
4442,8776,98.7445272074217,498.0554995932949
4443,8568,185.48319999999535,263.33681481481455
4443,8776,98.75245757963398,498.06545411643043
4444,8568,169.30644363644663,264.27650505176547
4444,8776,98.74145777778608,498.06510288071195
4445,8568,153.145432727963,265.3852862066264
4445,8776,98.74597963438192,498.0701777353924
4446,8568,136.52320000000486,266.7970370370374
4446,8776,98.75524302411577,498.06106630565637
4447,8568,119.81261333366376,269.1167037094653
4447,8776,98.75802571582199,498.05686760792247
4448,8568,103.61687074085296,273.2246291494498
4448,8776,98.76089650138965,498.06307547477127
4449,8568,87.38978311476103,275.3166845257566
4449,8776,98.76097263883139,498.0710423026609
4450,8568,71.01383826925598,277.36361123384825
4450,8776,98.75983823285196,498.0554698619275
4451,8568,54.430639999999926,280.2657777777791
4451,8776,98.73821385505494,498.06502357702584
4452,8568,37.47771636441769,281.39574746155006
4452,8776,98.7552139136426,498.06080791153875
4453,8568,20.414597756534363,277.25073948942725
4453,8776,98.74580977789606,498.0452559668764
4454,8776,98.74885319918121,498.06265326526454
4455,8776,98.7369412270391,498.05541185204106
4456,8776,98.75533337756906,498.0637935639729
4457,8776,98.75247640449516,498.05066666666664
4458,8776,98.75366044490988,498.04202469198344
4459,8776,98.74331343525114,498.04950534539813
4460,8776,98.74970458100734,498.05596275606365
4461,8776,98.75239033059414,498.05401220790355
4462,8776,98.74466647156964,498.07405202323764
4463,8776,98.84934222223137,497.61407242800095
4464,8776,98.42038073741719,492.6053528430112
4465,344,370.43840000000046,299.0725925925908
4466,344,370.5376000000001,299.5555555555556
4467,344,370.4864716976431,299.3217196419906
4467,1272,200.26639999999816,290.75311111111057
4468,344,370.45280001769925,299.3338461343198
4468,1272,200.31128009283577,290.68451829421616
4469,344,370.4720000000066,299.4185185185185
4469,1272,200.27138667698011,290.62316046890334
4469,1391,0.06240000000161672,290.6570370370387
4470,344,370.43969831104846,299.17125068299777
4470,1272,200.21959999999868,290.35303703703664
4470,1391,12.046960000304807,291.74911110656245
4470,1810,195.07891230044837,282.6082934121119
4471,344,370.39908573494245,298.75216930790384
4471,1272,200.26120045150776,290.6260609781057
4471,1391,24.366400000002386,292.65333333333297
4471,1810,192.18432807511135,283.0539992789542
4472,344,370.3799999999944,298.70740740740786
4472,1272,200.213066716845,290.61471459412
4472,1391,35.168800008727885,285.38510292969323
4472,1810,191.93900132124782,283.1010890975501
4473,344,370.4169782376823,298.99318470697466
4473,1272,200.2604740740736,290.94963877456
4473,1391,46.98559999999361,282.2962962962956
4473,1810,193.31197433253237,280.23832413889727
4474,344,370.5112003586862,299.34311080635445
4474,1272,200.25524046316946,291.0656293407934
4474,1391,58.00960000000259,281.10148148148164
4474,1810,195.93918933392956,278.5002238723757
4475,344,370.58399999999665,299.735555555555
4475,1272,200.26516005146675,291.10743206667246
4475,1391,67.87039999999251,280.0800000000001
4475,1810,198.97845333344432,278.1883818911912
4476,344,370.54572023842525,299.595703380376
4476,1272,200.2138399999984,290.874444444444
4476,1391,76.71864175455312,278.6941458470662
4476,1520,4.922240000003625,276.7305925925929
4476,1810,202.4146240001232,278.8382814789601
4477,344,370.484628886544,299.3624863258213
4477,1272,200.19912185620967,290.92460456143687
4477,1391,85.1618473695737,277.6145659025235
4477,1520,20.660545454964563,278.67855891429707
4477,1810,206.79980800050544,279.49685925084
4478,344,370.38400000000706,298.95407407407413
4478,1272,200.14005353958225,290.8713099718496
4478,1391,93.60502449746946,276.53440605138525
4478,1520,36.157381819386956,280.94775082656054
4478,1810,210.77102254569238,280.4488215442091
4479,344,370.41095113972915,298.9716213468554
4479,1272,200.13360029117564,290.7916378146096
4479,1391,101.71400000028257,275.74207406872796
4479,1520,51.00833454596682,281.42460607014306
4479,1810,215.04455563724602,281.3703164872101
4480,344,370.5081852122589,299.28432992869824
4480,1272,200.13984027219465,290.903465900116
4480,1391,109.71715555575656,276.05925925925925
4480,1520,64.97294966158847,279.7089385571487
4480,1810,219.00467911216538,282.5673580089747
4481,344,370.5816000000027,299.84666666666726
4481,1272,200.12186136081425,290.93503900837294
4481,1391,119.10880000096427,274.54074075886047
4481,1520,77.48873343533944,277.975885251843
4481,1776,6.106360001115263,293.6535184965998
4481,1810,223.68732444530792,283.8834403164909
4482,344,370.49824493458345,299.3517486040065
4482,1272,200.1178186667579,291.0237066665946
4482,1391,129.50567272898752,272.78242427586497
4482,1520,89.69076319156727,276.3154371468557
4482,1776,18.17836000111868,294.962037015118
4482,1810,228.4707306682219,285.3123686947507
4483,344,370.39725724945356,298.80740725159785
4483,1272,200.121965376145,290.80196854078724
4483,1391,139.33155555594112,271.2846913658622
4483,1520,101.7343199999982,275.4554814814818
4483,1776,29.591236382776746,291.3828620789032
4483,1810,233.5505920048479,286.8687999441355
4484,344,370.4903999999999,299.1940740740735
4484,1272,200.07344504179287,290.7042928008281
4484,1391,147.95662222284136,269.9019753189809
4484,1520,113.58244363662607,275.6482289616209
4484,1776,40.428356384083486,284.61389914119064
4484,1810,238.3497884462361,289.01234565751935
4485,344,370.5361067644162,299.5740739527193
4485,1272,200.05892986031316,290.7927317969583
4485,1391,156.51825454606865,268.50498317607287
4485,1520,126.33306181879789,273.98648486106623
4485,1776,51.4908290930606,281.1961212542915
4485,1810,242.48871111166068,290.24961974350606
4486,344,370.42547725286,298.9045010306841
4486,1272,200.05411288849587,290.81129406793815
4486,1391,165.5896000004816,268.2954882244335
4486,1520,140.10960000000523,271.3485925925929
4486,1776,62.132109092914334,279.8322895999148
4486,1810,247.30752000024836,290.91768888587376
4487,344,370.3903999999966,298.50000000000045
4487,1272,200.01112896464974,290.52788326474047
4487,1391,174.63200000029246,268.51229629779596
4487,1520,154.51159999999788,269.3040000000002
4487,1776,71.64560348010127,278.64582556938797
4487,1810,252.70838222276782,291.23105348757304
4488,344,370.47465245125295,299.0675012032469
4488,1272,200.0344800000022,290.65962962963
4488,1391,184.47760000000244,271.8874074074085
4488,1520,169.11559999999494,268.79859259259285
4488,1776,80.46956410763926,277.5463127698674
4488,1810,257.9408675562582,291.98183373219047
4489,344,370.49556974828874,299.3468942941266
4489,1272,200.00376007198102,290.8828532842236
4489,1391,194.88000000000056,275.71481481481476
4489,1520,184.7807920009393,269.56366664853726
4489,1776,89.15586405517217,276.4915737159388
4489,1810,263.099936000516,292.8925036940142
4490,344,370.4386538818824,298.87302855962326
4490,1272,200.00000000798764,290.64589727849375
4490,1391,204.88050909265212,279.5161615920805
4490,1520,200.60544800219645,272.46403699473376
4490,1776,97.91874342740243,275.8169181288264
4490,1810,267.8813120003088,293.6475555496991
4491,344,370.3984400691695,298.5240081940586
4491,1272,199.97119999999993,290.36970370370386
4491,1391,214.90688000103546,282.49851849731346
4491,1520,215.95999999999947,277.98933333333275
4491,1776,106.77304000121808,275.69707405560973
4491,1810,272.5692872736341,294.74444443011083
4492,344,370.48096046406727,299.23427147521585
4492,1272,199.98624004503142,290.5957777997048
4492,1391,225.15985454841143,285.8936699971246
4492,1520,231.50512000000106,284.4303703703708
4492,1776,116.31852727345233,275.3772693622447
4492,1810,277.04534626292116,295.73338271189687
4493,344,370.4584000000011,299.3096296296294
4493,1272,199.9649866716686,290.52039506416526
4493,1391,235.8936000023789,289.55912454480483
4493,1520,247.38728000000378,290.6878518518532
4493,1776,126.8945939406706,274.00273851779275
4493,1810,281.04567111147617,296.5604938199651
4494,344,370.4268269831118,298.6434894864094
4494,1272,199.99623999999983,290.4955555555555
4494,1391,245.7104000024458,292.1128888502735
4494,1520,263.6530036374677,295.65403365369036
4494,1776,138.07882666866362,272.1402839902267
4494,1810,285.32769333365985,297.43730863546625
4495,344,370.4345148073173,298.98137522945035
4495,1272,199.98152038602143,290.76696273828827
4495,1391,255.8456727275768,294.1325252463276
4495,1520,279.4230538221848,300.40053529253544
4495,1776,149.8537600022729,270.53411115523505
4495,1810,290.25643151604186,298.4416116558686
4496,344,370.47600000000216,299.41629629629654
4496,1272,199.99782737727628,290.6370580217135
4496,1391,266.1224000000061,297.3407407407416
4496,1520,294.81552800332224,305.2962592059094
4496,1776,162.09160000111356,269.06962965118475
4496,1810,296.63352565845116,300.0100695585515
4497,344,370.4633025955502,298.89629190454883
4497,1272,199.95894674085378,290.5305921835126
4497,1391,275.72640000000206,301.008888888888
4497,1520,310.75871999999896,311.78644444444427
4497,1776,174.56520000337434,270.2511110645423
4497,1810,302.8121777795741,302.2800197262692
4498,344,370.4684006840239,298.9354491767087
4498,1272,199.97515289237697,290.71206285282767
4498,1391,284.57199999999716,302.8977777777777
4498,1520,326.5411200000017,316.93844444444477
4498,1776,187.28836000784665,274.3417035997828
4498,1810,308.6958690922495,304.37378045081243
4499,344,370.53999999999974,299.67777777777707
4499,1272,199.99774587693085,290.6286654198613
4499,1391,294.34400000000096,304.1281481481484
4499,1520,342.88708001001396,311.56050005874556
4499,1776,200.37022667670783,278.3397282582731
4499,1810,314.19281454704446,306.24987203267096
4500,344,370.46729388106314,298.96895072792404
4500,1272,199.94456000000181,290.56503703703675
4500,1391,305.7421818198975,307.230639700677
4500,1520,360.47393335668744,296.6560556926259
4500,1776,213.55546667485328,281.8887653080939
4500,1810,319.3193018186628,307.71439191265017
4501,344,370.4738528571397,298.96744962150603
4501,1272,199.96729261961661,290.6327600223206
4501,1391,317.7255200048478,310.0571851247278
4501,1520,378.52552727816544,282.9794276566238
4501,1776,226.65300000622608,285.593888792264
4501,1810,325.40880000003426,308.4468740735249
4502,344,370.4816000000051,299.3222222222218
4502,1272,199.87681029106514,290.39742601071316
4502,1391,327.61440000179505,311.3329629835502
4502,1520,395.1780436490503,272.1894546555805
4502,1776,239.82468000687334,289.3290739651424
4502,1810,336.0302080267377,304.1708446585174
4503,344,370.4531559767304,299.0145266751767
4503,1272,199.93407999999422,290.5437037037037
4503,1391,337.25016000578876,306.2490370836952
4503,1520,409.66633955938846,264.9198483538979
4503,1776,253.59008000326355,292.4803703134942
4503,1810,350.96881750772695,294.37803139262564
4504,344,370.41840015521075,298.67943008505216
4504,1272,199.9941604502044,290.7948921994614
4504,1391,348.8896000221416,297.3828284598623
4504,1493,12.600224001556624,292.4273703418898
4504,1520,423.2942880647681,258.992714643014
4504,1776,267.8726000033549,295.64888883588105
4504,1810,369.29332368853807,283.4571453027681
4505,344,370.51285833168777,299.2387978517477
4505,1272,199.96783570308142,290.60091469321645
4505,1391,361.9704000000013,288.46296296296447
4505,1493,26.56078691017683,294.62786193108604
4505,1520,436.9087345500145,252.4107071209105
4505,1776,281.79440000469356,298.9788888094114
4505,1810,387.99480406746056,273.8118027654042
4506,344,370.5288539965636,299.40528786328224
4506,1272,199.99642634639997,290.8352053868617
4506,1391,374.281040005053,282.43133338639217
4506,1493,38.85297456631122,285.13416172749515
4506,1520,449.17239999999765,241.70977777777748
4506,1776,295.9003091012363,302.3880133152881
4506,1810,404.95363558030135,265.9585681800805
4507,344,370.4217714417723,298.70724863587174
4507,1272,200.000000036232,290.7901728395057
4507,1391,384.9331636434897,276.4669360854719
4507,1493,52.732364446756606,281.55018108255933
4507,1520,459.77103999999883,224.78651851851893
4507,1776,311.3931757682934,306.18826022279876
4507,1810,420.5764800264308,258.34223979641456
4508,344,370.49200000000155,299.13185185185176
4508,1272,199.96563094319356,290.9755824311411
4508,1391,394.06568000315474,272.08370373829547
4508,1493,66.95698181951514,280.02942763545667
4508,1520,470.81666001627696,207.58179634663222
4508,1776,326.3759111184527,306.9959671014066
4508,1810,436.49360002130265,250.9617780244344
4509,344,370.5236801084368,299.45244432305105
4509,1272,199.87594121568804,290.6550427666974
4509,1391,405.3004000045007,267.10000004649027
4509,1493,80.64463830113539,277.8898024017584
4509,1520,481.43178974514626,189.78442720256393
4509,1776,340.22057779989433,301.7323870148021
4509,1810,450.89974417521717,238.31392652954065
4510,344,370.40125725365556,298.52253960844587
4510,1272,199.92247607631046,290.3866629356049
4510,1391,415.54473710508546,261.5880007602984
4510,1493,94.19739455927811,275.6829223121913
4510,1520,491.1129891201915,173.6957711455551
4510,1776,355.437624270192,293.1868016029262
4510,1810,464.09502952913044,219.1114772300493
4511,344,370.45199999999454,298.7829629629635
4511,1272,199.91884568282217,290.46907879047046
4511,1391,425.6213090964593,255.51865324439626
4511,1493,107.48396945548734,276.00810907423124
4511,1520,499.52997747235884,159.24980072964323
4511,1776,372.18093093684956,285.08946832162343
4511,1810,477.2770535232644,197.9951735372274
4512,344,370.4880000000003,299.41703703703683
4512,1272,199.99177500085295,290.714774689905
4512,1391,436.00000000000136,249.7481481481494
4512,1493,121.24499782146017,275.50790442318805
4512,1776,388.5859400216958,277.1547039392992
4512,1810,491.82298922376276,178.11917903828123
4513,344,370.3964571566644,298.4963491813506
4513,1272,199.9802100718398,290.92788035693707
4513,1391,445.6272727639714,241.332188674946
4513,1493,135.65934545650578,272.41740744231913
4513,1776,403.6411623074685,269.45459231164114
4514,344,370.4624000000081,298.83703703703657
4514,1272,199.87756111909505,290.6502006980958
4514,1391,454.42472729635597,228.24525260734885
4514,1493,150.55970181835278,269.94476094604636
4514,1776,417.92509867734685,262.59915465200123
4515,344,370.43197796028835,299.1289752975221
4515,1272,199.92904000000237,290.74703703703665
4515,1391,463.05600002301617,215.65209885649406
4515,1493,165.39887999999848,270.43207407407397
4515,1776,432.0101163837023,255.66889582550579
4516,344,370.4336000000069,298.5162962962964
4516,1272,199.91971916073112,290.5978597254306
4516,1391,472.39759999999933,201.93111111111105
4516,1493,180.11520000191808,272.84804710203446
4516,1776,444.6621528040737,245.48286901574713
4517,344,370.5600000000004,299.5459259259252
4517,1272,199.87155101786075,290.2799679530308
4517,1391,484.7256000000016,182.6051851851851
4517,1493,195.08776000021044,276.008754204752
4517,1776,455.2199128561,230.57586911305216
4517,1815,3.6082880001515605,291.7841925917357
4518,344,370.4468359801581,298.9072835665636
4518,1272,199.94199999999523,290.7259999999996
4518,1391,495.4215999999974,164.18666666666647
4518,1493,210.2386960044879,280.9749110531254
4518,1776,465.22877347811976,213.77739553151477
4518,1815,20.989827559581045,291.26921483829335
4519,344,370.45503127855,298.7429299098692
4519,1272,199.9869252702166,290.9810567156441
4519,1493,225.10330400050066,287.8457555491134
4519,1776,475.4153334301549,196.54617315951884
4519,1815,37.94166223624757,285.55151122724334
4520,344,370.50159999999437,299.3925925925922
4520,1272,199.9396509610773,290.80755616999807
4520,1493,239.39829600639086,295.4731851166801
4520,1776,484.978000066198,179.65548166080137
4520,1815,55.609614547740875,280.96592327730383
4521,344,370.41989727678697,298.5717068569189
4521,1272,199.92355473308237,290.6505787004976
4521,1493,253.64122400071554,302.51422221461024
4521,1776,493.7067201049331,163.5337039800948
4521,1815,73.13017461462209,278.88513593463824
4522,344,370.47999999999774,299.49629629629595
4522,1272,199.95681523574035,290.8936411497296
4522,1493,268.2181600065104,308.3425184411961
4522,1815,89.89895299522345,276.82824726831547
4523,344,370.42559999999867,299.0237037037031
4523,1272,199.99606391508223,290.7588983993534
4523,1493,283.66955555627334,311.22926748112036
4523,1815,106.2358690935389,275.27540294405804
4524,344,370.38297474216506,298.6717413214892
4524,1272,200.0,290.85207407407455
4524,1493,298.43607200304234,309.1938333949162
4524,1815,122.40201600628097,274.2710124462358
4525,344,370.4585341194843,299.2710324861938
4525,1272,200.0012067214709,291.011759152692
4525,1493,314.3699207282913,308.6599680150963
4525,1815,139.20408178150524,270.55832104846075
4526,344,370.4024000000004,298.4629629629636
4526,1272,199.93317408016878,290.82081274536085
4526,1493,329.69212363643976,308.7482289556507
4526,1815,156.7025438393648,269.5236543213224
4527,344,370.4974225024898,299.346831178684
4527,1272,199.95512000000815,291.00311111111154
4527,1493,344.2876000000058,301.96081481481474
4527,1503,2.5651040973991712,53.021659221827775
4527,1815,174.6220509108673,270.27620737116376
4528,344,370.45360000000187,298.524444444445
4528,1272,199.9939092878526,291.1354417590706
4528,1493,359.67164001660024,292.4423186426568
4528,1503,4.458408873592248,83.3499367222741
4528,1815,192.70432000153616,273.1303110798049
4529,344,370.4143999999985,298.82592592592584
4529,1272,199.999785476428,291.0034276851656
4529,1493,375.5441636497068,282.24638194223985
4529,1503,3.350826797372406,113.96500722061154
4529,1815,210.40440000160515,278.45103701507367
4530,344,370.50755557272623,299.32658026066485
4530,1272,200.0,290.8767407407413
4530,1493,391.82561456220014,272.8605321257578
4530,1503,1.472520556290533,144.49307427564318
4530,1815,228.33660445226315,284.4295966009014
4531,344,370.4663999999923,298.540740740741
4531,1272,200.0,290.9751111111114
4531,1493,405.5094138261745,265.00648492396283
4531,1503,0.3073600215930128,174.76302871631822
4531,1815,246.38532445191004,290.4214237639211
4532,344,370.4095999999936,298.26148148148144
4532,1272,199.9644628639885,291.04388357925126
4532,1493,418.6270320062669,258.1750371052953
4532,1503,0.042027117215184255,204.807555482043
4532,1815,263.9167175842965,295.8517574472634
4533,344,370.46125407548516,299.0927156465708
4533,1272,199.92405142933478,290.8336825376128
4533,1493,432.4769360006144,250.76014815497638
4533,1503,2.0538650766650335,233.85405219586187
4533,1815,281.62500364041193,299.9263298893473
4534,344,370.4999999999984,299.0355555555553
4534,1272,199.91117201836516,290.78412211743057
4534,1493,445.82239999999786,241.13244444444405
4534,1503,8.955456030521987,258.97056292242905
4534,1815,300.0560000043879,303.87694673111355
4535,344,370.47999999999774,298.6874074074071
4535,1272,200.0819325982553,291.2188273720524
4535,1493,456.48087999999973,224.07325925925915
4535,1503,19.889120000003118,278.90592592592543
4535,1815,319.1172800049946,309.3518814138316
4536,344,370.4081956425739,298.5220987716402
4536,1272,200.01154149834122,291.3100776196793
4536,1493,466.06552003248004,207.42888898602297
4536,1503,33.74955200678755,284.2175704366721
4536,1815,337.26150862543017,309.91858241225725
4537,344,370.4720000000066,299.3829629629632
4537,1272,199.90248002436257,290.8410369682852
4537,1493,474.64072889249906,192.66312758280924
4537,1503,49.5791680029032,281.94613336174814
4537,1815,354.9608505072672,298.2140778382203
4538,344,370.44400000000337,299.4570370370371
4538,1272,199.8689066693754,290.7455061652011
4538,1493,483.2181360299841,178.52839269061184
4538,1503,66.06584000000055,279.3978518518516
4538,1815,373.38492221112915,285.2639355773119
4539,344,370.4089612053906,298.92827388371535
4539,1272,200.0154399999991,291.16874074074104
4539,1493,491.16954400333725,164.4106444553315
4539,1503,82.75940017698987,277.45684650208415
4539,1815,391.71591275835,273.2126272692761
4540,344,370.4119999999989,298.91259259259215
4540,1272,200.01480012602826,291.2113405734018
4540,1503,99.50015093353443,275.79067495804077
4540,1815,408.9425010833645,262.1840479520443
4541,344,370.4240000000027,298.97925925925904
4541,1272,200.00128890289204,291.23241232708887
4541,1503,114.04830472919684,275.327720566205
4541,1815,425.7400042957852,254.37390346115006
4542,344,370.4687915982845,299.24636011038075
4542,1272,200.0,290.9014814814821
4542,1503,126.9603374571534,273.06946333731406
4542,1815,442.194944031952,244.51297799418325
4543,344,370.4296000000056,299.06296296296307
4543,1272,200.51984007363558,290.9011106908856
4543,1503,139.5657280008038,270.3140518631062
4543,1815,455.4392960764244,225.6237632077238
4544,344,370.43600000000083,299.0614814814816
4544,1272,201.3048000081795,290.08851847182694
4544,1503,152.18991999999847,268.3378518518518
4544,1815,467.45522910551927,205.17045122942125
4545,344,370.4470024745376,298.9791634671399
4545,1272,215.3787999999986,293.2217777777772
4545,1503,164.43376000262958,268.2495629298063
4545,1815,478.93848444062996,185.68764201073074
4546,344,370.4935999999975,299.4014814814809
4546,1272,221.49336000000233,294.3579999999999
4546,1503,176.2042400011279,271.60695554134537
4546,1815,489.44323209709296,167.2803114065329
4547,344,370.4503999999986,299.3911111111105
4547,1272,225.13055999999779,294.0111111111121
4547,1503,186.03912000000204,275.82214814814796
4547,1815,499.66608011411154,149.16189932994462
4548,344,370.4621068348956,299.17689691799933
4548,1272,232.5480799999923,294.84096296296315
4548,1503,194.4192000036378,279.888703674694
4549,344,370.37839999999846,298.55925925925874
4549,1272,255.4707920211115,306.83425146435206
4549,1503,200.86976000155346,283.7543333209005
4550,344,370.3704000000016,298.35703703703655
4550,1272,288.6651920027299,309.3709332902772
4550,1503,208.09359999999913,287.58622222222255
4551,344,370.42496043154074,298.97757588359065
4551,1272,323.5120961051115,304.88770465114067
4551,1503,216.74944805630443,299.55369614820194
4552,344,370.44159999999806,298.90370370370346
4552,1272,356.74840552652995,288.23745826854895
4552,1503,227.70327213769633,321.2261699872889
4553,344,370.4400000000021,298.57999999999987
4553,1272,387.4132801045943,270.28884551560475
4553,1503,237.8969600982288,342.90208122705803
4554,344,370.40987861948906,298.6097481728585
4554,1272,416.65004801736075,255.4680446197013
4554,1503,245.18001456671357,356.89267806385214
4555,344,370.42640000000233,299.27777777777777
4555,1272,446.99616016327184,236.17962995793906
4555,1503,246.1711410911238,359.56291178450203
4556,344,370.44799999999327,299.03925925925876
4556,1272,472.2701654646209,200.86812881135762
4556,1503,245.80472800008863,359.2948592593084
4557,344,370.3920177877819,298.49978604162584
4557,1272,496.8338881759076,163.71671179333026
4557,1503,245.79311999999845,359.405481481484
4558,344,370.44799999999327,299.3222222222218
4558,1503,245.81164363636958,359.533797979815
4559,344,370.48639999999295,299.05777777777786
4559,1503,245.82776727273142,359.60515151515835
4560,344,370.4319335633386,298.55925918655714
4560,1503,245.7917440000051,359.62264444442746
4561,344,370.46200000006024,299.1733333325313
4561,1503,245.81617600000015,359.63305925925516
4562,344,371.2353777777878,298.6075720165551
4562,1503,245.8666400001249,359.76692592562995
4563,344,374.61840013103256,294.9240744379518
4563,1503,245.92336000005218,360.02351851839086
4564,344,386.48640008302095,279.6594243290165
4564,1503,245.90799999999888,360.08111111111066
4565,344,403.8540000423154,268.26185222406764
4565,1503,245.85506181819824,360.03047138032997
4566,344,422.40640003393537,258.2272595810915
4566,1503,245.841741415569,360.0426127274259
4567,344,440.54880004765664,248.69296343807213
4567,1503,245.86787866747446,360.15035185503797
4568,344,456.07320016156336,229.99814871778867
4568,1503,245.8974680000836,360.28812222217476
4569,344,469.9677821011164,207.52747559810692
4569,1503,245.9634270539084,360.4452128912734
4570,344,482.8049601503096,186.864593151717
4570,1503,245.91526302310456,360.2246467946726
4571,344,495.5138183937322,167.90168423825259
4571,1503,245.9136799999976,360.27533333333304
4572,1503,245.90082044446888,360.32164526751177
4573,1503,245.89420711137222,360.35091687255516
4574,1503,245.89602133343988,360.38367654326044
4575,1503,245.91918212371127,360.29198799351605
4576,1503,245.94347386270388,360.2315916797962
4577,1503,245.9473680000707,360.23461481482985
4578,1503,245.93772000101126,360.2511851816954
4579,1503,245.93988000043396,360.2531851836892
4580,1503,245.95583999999917,360.21814814814815
4581,1503,245.8990355654538,360.2260575623661
4582,1503,245.94874311609715,360.22620080144895
4583,1503,245.9804613336462,360.25953580254486
4584,1503,245.98408117252916,360.2836141008341
4585,1503,245.9722290739444,360.28678699559526
4586,1503,245.9859999999975,360.3115555555552
4587,1503,245.95291022253264,360.33289794692627
4588,1503,245.95372711131688,360.3774107014459
4589,1503,245.96778933336338,360.4165061728015
4590,1503,245.99043555570404,360.43135884823084
4591,1503,245.98556977789997,360.28438271641306
4592,1503,245.9575413333573,360.265748148213
4593,1503,245.96230488919957,360.30071193495263
4594,1503,245.92774844488076,360.1592139922718
4595,1503,245.9086933334612,360.2413086420446
4596,1503,245.9247564470337,360.26025184411867
4597,1503,245.97881600118058,360.41855390659003
4598,1503,245.9705520000307,360.34172098784234
4599,1503,245.90750223449277,360.2391761134556
4600,1503,245.90447272296217,360.2732216075155
4601,1503,245.90207687901625,360.23201878752207
4602,1503,245.89669777822905,360.17701234611053
4603,1503,245.89777333352572,360.1827407409255
4604,1503,245.89280000000088,360.1566666666667
4605,1503,245.9010897986707,360.21219342873144
4606,1503,245.9017137880977,360.25382469703726
4607,1503,245.90392533391707,360.25394074076945
4608,1503,245.97327533204123,360.43129720109476
4648,8195,488.9458182630392,159.84228984289794
4649,8195,474.68240000000037,181.6148148148151
4650,8195,460.77040000000125,204.4200000000005
4651,8195,446.5692806715026,226.09957533931845
4652,8195,425.8386249999944,224.3257988648324
4653,8195,404.46399999999585,221.71629629629598
4654,8195,381.2747636433073,223.39845129820966
4655,8195,357.8254545500954,228.82006742709683
4656,8195,334.1760000000079,233.1577777777767
4657,8195,310.4936000000009,240.11629629629795
4658,8195,288.11359999999127,246.86888888888836
4659,8195,265.83760000000325,253.76814814814753
4660,8195,245.76349091211682,258.6390572986816
4661,8195,227.70800000000122,257.68518518518334
4662,8195,215.4984000000013,249.60962962963063
4663,8195,208.95360000037044,245.58111110812365
4664,8195,208.45912355034102,244.43536208832373
4665,8195,207.99687728563754,244.06133835982735
4666,8195,208.01918674056878,244.00990792201839
4667,8195,208.0705653667735,243.98429135125156
4668,8195,208.13937381972778,243.95492625189274
4669,8195,208.10015555575205,243.9511625512474
4670,8195,208.1157383888126,243.94204318239687
4671,8195,208.17868770906784,243.89615580012625
4672,8195,208.24786554624097,243.8861350760555
4673,8195,208.2586144208733,243.9022331698817
4674,8195,208.27133297028126,243.91542833359247
4675,8195,208.20445333349085,243.87246913885917
4676,8195,208.31164445257286,243.86340740521305
4677,8195,208.14868423294115,243.94940424890677
4678,8195,208.1177750694451,243.93339489337995
4679,8195,208.20641778008735,243.87885699002632
4680,8195,208.22775111127498,243.92391872385778
4681,8195,208.24809561307802,243.9011856351545
4682,8195,208.26906519517365,243.88023737536014
4683,8195,208.36259217908264,243.8989530358231
4684,8195,207.99525177760074,244.07861133496178
4685,8195,208.19507272789224,243.86944866512073
4686,8195,208.35300773510426,243.9639983611459
4687,8195,208.37634861113088,243.98358779494322
4688,8195,208.07618228429874,244.0325310447069
4689,8195,207.9250067429257,244.05467332653873
4690,8195,207.989688219277,244.20534628166934
4691,8195,207.9444600093609,244.12290744314237
4692,8195,207.90000000233704,244.18513869518054
4693,8195,207.89138022147995,244.23152625876133
4694,8195,207.84888136123527,244.24919859265225
4695,8195,207.8400418576166,244.30282958403347
4696,8195,207.7859978921822,244.39934257713892
4697,8195,207.78135817868133,244.43449196579502
4698,8195,207.7755770819124,244.47342096508362
4699,8195,207.75191292536306,244.54096490745502
4700,8195,207.72277647109263,244.61394335399822
4701,8195,207.73543500118876,244.56030092546843
4702,8195,207.71354903239398,244.62209500900278
4703,8195,207.73507933046176,244.53751707556037
4704,8195,207.72888034530865,244.64498374161337
4705,8195,207.7560898884201,244.5308364550185
4706,8195,207.7568083507856,244.5404144439316
4707,8195,207.75194514291115,244.5445037025411
4708,8195,207.71592243799546,244.5898225050882
4709,8195,207.71073258427464,244.58726175626833
4710,8195,207.7341222264181,244.62848766568368
4711,8195,207.7145570182381,244.64112311686904
4712,8195,207.67216251564946,244.6712179945123
4713,8195,207.65022745139277,244.72192966414786
4714,8195,207.66068760331677,244.68031527403133
4715,8195,207.665267039107,244.66074074074018
4716,8195,207.68310588508143,244.63904139077687
4717,8195,207.74226196962786,244.57675808222513
4718,8195,207.75600000490044,244.65106995884844
4719,8195,207.68918882750427,244.6333829939653
4720,8195,207.66487513945435,244.76800899523977
4721,8195,207.62888044699253,244.7354520995082
4722,8195,207.61860674177797,244.8394756562955
4723,8195,207.65384679177146,244.87607852400052
4724,8195,207.63031933668117,244.94793029066764
4725,8195,207.60209230902547,245.03041107650625
4726,8195,207.61042209979337,245.07665234357057
4727,8195,207.59354607626506,245.17808573239242
4728,8195,207.61332670978163,245.22704853825417
4729,8195,207.56335281569704,245.2626883024185
4730,8195,207.5786121572662,245.25317781302823
4731,8195,207.30624444563546,245.43196296261294
4732,8195,207.30451548141104,245.5485448634498
4733,8195,207.31202228412826,245.5465696892687
4734,8195,207.33136666689234,245.55805709723177
4735,8195,207.32261975907704,245.5863775101752
4736,8195,207.33772067139853,245.55489758065653
4737,8195,207.32100219921676,245.50513634475425
4738,8195,207.33093333335546,245.54319341580543
4739,8195,207.32757254203307,245.50754346295145
4740,8195,207.34695143915474,245.55496451622693
4741,8195,207.31928889149458,245.51296295769353
4742,8195,207.32416536381493,245.6009435108606
4743,8195,207.3302462702145,245.58388750399018
4744,8195,207.32285333567688,245.5569753032245
4745,8195,207.30686000364926,245.46679629534273
4746,8195,207.3018285719627,245.413809525987
4747,8195,207.2977458912021,245.5251675279073
4748,8195,207.29946222677995,245.45524301547573
4749,8195,207.31445571093445,245.44691839433463
4750,8195,207.31780026175102,245.52481933620163
4751,8195,207.31777679592938,245.6376222633443
4752,8195,207.32994763240526,245.57568348281734
4791,10316,494.9068800735063,139.42000028876643
4792,10316,480.39999999999736,163.3333333333311
4793,10316,466.7330656769195,189.0484964977184
4794,10316,452.02220017230275,217.35598806060153
4795,10316,430.9096524316317,224.47360498906565
4796,8950,498.6536667191501,116.71382727460622
4796,10316,408.1335999999965,225.30888888888921
4797,8950,492.0063999999968,135.23185185184872
4797,10316,384.4000000000051,223.0866666666671
4798,8950,485.6119999999976,153.02000000000015
4798,10316,361.2000000000023,223.70370370370418
4799,8950,478.8184000000001,169.26074074074072
4799,10316,338.09360000146853,223.0866666666671
4800,8950,470.3776000000005,182.18296296296322
4800,10316,317.5999999999988,238.2718518518523
4801,8950,463.0943670008719,196.7229840999991
4801,10316,296.53359999999793,255.55555555555554
4802,8950,455.84560002758394,211.16599335525586
4802,10316,278.10182877389593,279.7944629198148
4803,8950,447.0870822378686,223.88223215523183
4803,10316,259.60000000000605,304.56814814815215
4804,8950,436.93924231918686,233.9933648898953
4804,10316,240.13360000000716,328.0244444444427
4805,8950,426.1504000006141,243.1870370447915
4805,10316,220.66639999999893,350.8644444444431
4806,8950,412.79840000000263,249.77555555555608
4806,10316,201.59999999999627,374.1977777777812
4807,8950,399.26399999999944,255.28148148148122
4807,10316,183.00026678199401,395.8641981882369
4808,8950,384.87200000000144,255.98888888888948
4808,10316,166.26639999999497,414.56814814814845
4809,8950,369.87440000000333,255.68518518518667
4809,10316,155.72024003267302,431.2594815761135
4810,8950,356.38159999999743,246.51333333333181
4810,10316,152.62553863538528,449.1265530408097
4811,8950,343.10909092193924,237.35670023840626
4811,10316,152.26640000000202,451.97555555555533
4812,8950,330.5656000000056,232.585185185185
4812,10316,152.87585798213286,453.3667791450062
4813,8950,317.33600000000024,234.0570370370365
4813,10316,152.79999999999632,453.7037037037037
4814,8950,303.60000000000014,237.34444444444435
4814,10316,152.80000002142629,453.7508614692041
4815,8950,289.79199999999423,240.6874074074068
4815,10316,152.80000002234715,453.7733520074694
4816,8950,275.865200000311,243.13629630279988
4816,10316,152.79999999999632,453.7037037037037
4817,8950,262.2329454561964,245.94154885319375
4817,10316,152.79999999999632,453.7037037037037
4818,8950,248.55039999999917,247.68518518518556
4818,10316,152.79999999999632,453.7037037037037
4819,8950,234.53840000019568,249.27382716441636
4819,10316,152.93360000000007,453.7037037037037
4820,8950,220.3412000024514,252.12829633618617
4820,10316,152.71612891053792,453.78136226312216
4821,8950,205.47359999999344,255.33851851851907
4821,10316,152.93360000000007,453.7037037037037
4822,8950,191.12603636487506,258.2629629871531
4822,10316,152.79999999999632,453.7037037037037
4823,8950,176.66704000113782,261.10762965268685
4823,10316,152.84898668818983,453.6253579022511
4824,8950,162.7121454557937,263.5334680382402
4824,10316,152.8611389835021,453.58000000000055
4825,8950,149.28800000000138,265.0148148148146
4825,10316,152.92914666965203,453.5841234737783
4826,8950,136.29080000135332,266.7727160759974
4826,10316,152.66639999999825,453.8274074074069
4827,8950,123.51127272943359,269.63319868993096
4827,10316,152.79999999999632,453.7037037037037
4828,8950,110.97760000000108,271.8703703703711
4828,10316,152.79999999999632,453.7037037037037
4829,8950,98.60800000000154,274.18666666666815
4829,10316,152.79999999999632,453.7037037037037
4830,8950,86.18544919274314,275.5545194216109
4830,10316,152.89277777815755,453.58000000000055
4831,8950,73.69375837174061,276.9468076747861
4831,10316,152.93360000000007,453.4570370370374
4832,8950,60.589600000002974,279.07037037037077
4832,10316,152.93360000000007,453.58000000000055
4833,8950,47.40581818507508,280.2089561788923
4833,10316,152.86965470130554,453.58000000000055
4834,8714,496.1321200665907,121.85203719048631
4834,8950,34.265599999997676,274.737037037037
4834,10316,152.79999999999632,453.58000000000055
4835,8714,484.64132006659213,152.57722237567162
4835,8950,22.826600014019505,263.4664814426393
4835,10316,152.88684000041712,453.58000000000055
4836,8714,471.9757455185601,184.30565674234555
4836,8950,11.074400000001106,254.62740740740708
4836,10316,152.86906440722987,453.58000000000055
4837,8714,458.03574551856065,212.4545456312341
4837,10316,152.93360000000007,453.3333333333329
4838,8714,441.4788000000044,234.8870370370366
4838,10316,152.93360002051486,453.29072427983454
4839,8714,420.7851200066443,249.22096303990293
4839,10316,153.06640000000016,453.2096296296297
4840,8714,397.7465600164123,259.100037237467
4840,10316,153.06640000000016,453.2096296296297
4841,8714,375.13933095465575,271.56264345452865
4841,10316,153.06640000000016,453.2096296296297
4842,8714,353.979090967465,288.19134715191484
4842,10316,153.00000002315528,453.2714816125074
4843,8714,336.7172000225793,304.17148159865405
4843,10316,153.06640000000016,453.2096296296297
4844,8714,325.647200000003,318.13111111111135
4844,10316,153.06640000000016,453.2096296296297
4845,8714,319.46261818190465,328.81952861942887
4845,10316,153.06640000000016,453.3333333333329
4846,8714,316.8038181819014,333.9306397305397
4846,10316,153.06640000000016,453.3333333333329
4847,8714,316.61000000000286,335.125925925926
4847,10316,153.06640000000016,453.3333333333329
4848,8714,316.9448000000017,335.1992592592592
4848,10316,153.06640000000016,453.2096296296297
4849,8714,316.9311999999991,335.22037037037023
4849,10316,153.06640000000016,453.3333333333329
4850,8714,316.92039999999787,335.26111111111146
4850,10316,153.06640000000016,453.3333333333329
4851,8714,316.9171999999975,335.3103703703706
4851,10316,153.06640002268637,453.2693848085376
4852,8714,316.9032000006837,335.3780864219336
4852,10316,152.9350755555754,453.4570370370374
4853,8714,316.90420000171855,335.39290124210595
4853,10316,153.06640000000016,453.3333333333329
4854,8714,316.91913333472996,335.39753087061206
4854,10316,152.93360000000007,453.4570370370374
4855,8714,316.90493333369716,335.4160493837732
4855,10316,153.06419889505491,453.3333333333329
4856,8714,316.885800000216,335.4320370378572
4856,10316,153.02434666705835,453.4570370370374
4857,8714,316.89700000021617,335.4335185193387
4857,10316,152.93360000000007,453.4570370370374
4858,8714,316.88720000000217,335.4681481481481
4858,10316,152.93360000000007,453.4570370370374
4859,8714,316.8608000002593,335.537962964632
4859,10316,152.93360000000007,453.58000000000055
4860,8714,316.8498000009408,335.60345679070423
4860,10316,152.93360000000007,453.58000000000055
4861,8714,316.84900000068126,335.63956790014583
4861,10316,152.93360000000007,453.58000000000055
4862,8714,316.8510000012361,335.62685185643426
4862,10316,152.93360000000007,453.58000000000055
4863,8714,316.8510000012361,335.62129630087867
4863,10316,152.93360000000007,453.58000000000055
4864,8714,316.847599999997,335.6344444444441
4864,10316,152.93360000000007,453.7037037037037
4865,8714,316.83840000000885,335.6444444446538
4865,10316,152.84082222260622,453.7037037037037
4866,8714,316.84960000001183,335.61740740761746
4866,10316,152.79999999999632,453.7037037037037
4867,8714,316.86280000000124,335.6240740740746
4867,10316,152.79999999999632,453.7037037037037
4868,8714,316.86840000012353,335.6479629618301
4868,10316,152.89352000038434,453.7037037037037
4869,8714,316.8764000001232,335.6387037025703
4869,10316,152.79999999999632,453.7037037037037
4870,8714,316.8756000000002,335.64444444444416
4870,10316,152.79999999999632,453.7037037037037
4871,8714,316.87760000006904,335.63462962962956
4871,10316,152.89426222259976,453.7037037037037
4872,8714,316.8700000000655,335.6487037037037
4872,10316,152.79999999999632,453.7037037037037
4873,8714,316.85439999999403,335.66222222222166
4873,10316,152.79999999999632,453.7037037037037
4874,8714,316.86320000025034,335.6327777781356
4874,10316,152.79999999999632,453.7037037037037
4875,8714,316.85720000025697,335.6427777781361
4875,10316,152.79999999999632,453.7037037037037
4876,8714,316.8623999999994,335.6388888888886
4876,10316,152.79999999999632,453.7037037037037
4877,8714,316.89140000021325,335.6061111113837
4877,10316,152.79999999999632,453.7037037037037
4878,8714,316.8874000002148,335.59944444471745
4878,10316,152.80000002205725,453.7760389202758
4879,8714,316.88786666690874,335.5805555564277
4879,10316,152.79999999999632,453.7037037037037
4880,8714,316.90246666970836,335.55703703889696
4880,10316,152.80000001837948,453.7925516676895
4881,8714,316.9066000027982,335.48907407506204
4881,10316,152.79999999999632,453.7037037037037
4882,8714,316.8988000000013,335.45814814814844
4882,10316,152.92617778264344,453.5868724556493
4883,8714,316.89500000182426,335.5031481514974
4883,10316,152.79999999999632,453.8274074074069
4884,8714,316.91333333519657,335.45654321344864
4884,10316,152.93360000000007,453.58000000000055
4885,8714,316.9143333333693,335.4348765434327
4885,10316,152.93360000000007,453.58000000000055
4886,8714,316.9130500012045,335.4525178045968
4886,10316,152.81818444465785,453.7037037037037
4887,8714,316.9138500012082,335.4543696564487
4887,10316,152.88038644111452,453.7037037037037
4888,8714,316.90799999999797,335.4666666666666
4888,10316,152.93360000562188,453.6955023531821
4889,8714,316.91460000000694,335.50129629617453
4889,10316,152.93360000000007,453.58000000000055
4890,8714,316.9286000000085,335.5375925924706
4890,10316,152.93360000000007,453.58000000000055
4891,8714,316.9183999999973,335.51037037037037
4891,10316,152.79999999999632,453.7037037037037
4892,8714,316.8990576936977,335.492047723144
4892,10316,152.79999999999632,453.7037037037037
4893,8714,316.90305769370184,335.4431588342548
4893,10316,152.85094915296895,453.7037037037037
4894,8714,316.91319999999905,335.40666666666664
4894,10316,152.9239511173273,453.5889341917072
4895,8714,316.9232000018212,335.3783333333329
4895,10316,152.93360000000007,453.58000000000055
4896,8714,316.9280000018262,335.3690740740736
4896,10316,152.93360002099234,453.50288763339597
6222,609,489.28639999999746,149.88148148147795
6223,609,470.2624000000071,189.50888888889338
6224,609,450.3879999999981,224.14222222221824
6225,609,423.14496003788236,245.5237781578805
6226,609,393.27706667005486,259.3014815323422
6227,609,364.32800000000043,249.6162962962949
6228,609,336.3896000000011,232.4607407407402
6229,609,310.8920000000012,250.07259259259195
6230,609,287.30239999999867,279.21629629629274
6231,609,263.03488013488163,309.1403709660814
6232,609,244.8549093602196,347.96599376029036
6233,609,228.19359999999733,389.9814814814859
6234,609,201.574399999987,407.670370370371
6235,609,175.59576002171298,417.28814839924877
6236,609,152.27149096877497,433.21905761756784
6237,609,130.04840042182764,451.05037313587127
6238,609,114.43840000000023,469.5792592592558
6239,609,102.78240001335348,483.8697778389527
6240,609,98.67839999999433,490.38370370370444
6241,609,98.81840000000466,497.15407407407366
6242,609,98.80388480027023,497.7187496319233
6243,609,98.8016000000016,497.7125925925927
6244,609,98.78160000000094,497.7222222222215
6244,7413,14.07999999999902,289.3088888888884
6245,609,98.78375081967192,497.7296296296301
6245,7413,31.14687999999774,288.2469629629627
6246,609,98.80923636436592,497.7220202051018
6246,7413,48.079840000002605,283.23437037037036
6247,609,98.82799999999747,497.69851851851854
6247,7413,65.33328000000438,280.4197037037033
6248,609,98.78260109290409,497.6973810968404
6248,7413,82.31275886439904,277.9999567765217
6249,609,98.80116756767165,497.73069869977206
6249,7413,98.61193517112724,276.5370262311677
6250,609,98.80640000000085,497.67777777777746
6250,7413,114.49106036469061,276.6915555555558
6251,609,98.81860000004963,497.73259259301716
6251,7413,131.79753600023903,273.5311111111116
6252,609,98.8000000002387,497.7498874565167
6252,7413,149.49317333433441,270.5432592592598
6253,609,98.78822857145906,497.72253968204194
6253,7413,167.35349333358386,271.28414814814874
6254,609,98.77333033819582,497.74600916144163
6254,7413,185.01360000000432,275.45703703703686
6255,609,98.76227932970778,497.7194744473863
6255,7413,202.7376533392635,280.87264191109165
6256,609,98.79999999999995,497.70962962962926
6256,7413,220.2446133348178,286.42204936666207
6257,609,98.78262857156983,497.7380545394046
6257,7413,237.6873454550264,291.48133333333305
6258,609,98.78036404508066,497.7147066154179
6258,7413,255.14162037917575,296.40983683676313
6259,609,98.77440000000206,497.75333333333305
6259,7413,272.63349600385254,300.86153328326515
6260,609,98.80301675988221,497.7038485414995
6260,7413,289.67983999999774,304.00014814814824
6261,609,98.80435492226525,494.3833069001502
6261,7413,306.29327999999987,307.23481481481497
6262,609,97.79359999999997,490.0459259259253
6262,7413,321.78032763317333,310.7560848096711
6263,609,94.689734613155,496.4764716354091
6263,7413,337.3919619082915,304.9606137950116
6264,7413,353.43983999999523,295.92592592592706
6265,7413,368.8267200782093,286.074074925148
6265,9148,1.9753599999972948,286.9842222222225
6266,7413,381.5733600195506,277.0619261386931
6266,9148,19.075679999997988,288.4570370370376
6267,7413,393.8131200000055,269.2839999999999
6267,9148,35.71110400019336,287.5374296332383
6268,7413,406.27552000590526,262.5516050029122
6268,9148,52.42093600178464,281.64747410741484
6269,7413,419.1421200253683,257.92812389949125
6269,9148,68.57209389953539,279.684412967915
6270,7413,432.4535200271009,253.64200042466666
6270,9148,84.29724145486489,277.4993583919947
6271,7413,444.5736000052773,244.53066674617486
6271,9148,99.63832727322085,275.8600942791678
6272,7413,455.3598399999976,230.22237037037053
6272,9148,114.2336960002973,276.2180740788467
6273,7413,466.0098182056845,214.00680141693408
6273,9148,130.16006400265383,273.2015555985048
6274,7413,476.87696658002665,197.07013611422042
6274,9148,147.09249454557207,269.2719191899289
6275,7413,488.131958007151,178.48450708814823
6275,9148,164.37030691055153,269.338087516636
6276,9148,183.07246400404722,273.4491851173779
6277,9148,202.17314909144363,278.60907743267813
6278,9148,220.9226313480815,283.3578450222014
6279,9148,239.61062754465217,288.4363297796093
6280,9148,258.2468363666271,292.93237704760554
6281,9148,276.9282000003301,296.9129259206378
6282,9148,294.78876000293326,300.67966661907184
6283,9148,312.45448000000073,305.8423703703719
6284,9148,330.12908800163814,307.96066668230446
6285,9148,348.1225920147341,299.25488902964025
6286,9148,366.69701334994556,288.2376545093055
6287,9148,383.2668801569821,278.99248325954807
6288,9148,397.82518203020174,272.16928855777513
6289,9148,411.81599766125885,265.68184953943285
6290,9148,426.00167621049025,260.34158038907475
6291,9148,440.2106931729867,250.171226889091
6292,9148,452.66645274086386,233.73968086837604
6293,9148,464.91852510055827,214.3429645449142
6294,9148,477.62120008112163,193.89659285617134
6295,9148,490.93160073010324,171.56755792776644
6298,6026,2.4760001134978893,154.33717164674056
6299,6026,8.60000011350337,186.57346794303686
6300,6026,16.46000000000356,217.0229629629623
6301,6026,24.77000000000089,245.90925925926044
6302,6026,34.04436000515716,269.97755551678625
6303,6026,47.660723642511016,280.5309225401187
6304,6026,65.3413290207169,280.00133181229893
6305,6026,83.66376890358822,277.73437921275513
6306,6026,101.77400352022516,276.2808588682344
6307,6026,119.96999999999785,274.7451851851856
6308,6026,138.7360800008679,271.6610370548183
6309,6026,157.91960000248085,269.36514813741843
6310,5219,14.059840001582415,289.7124444128827
6310,6026,177.39352000161546,271.5089258974155
6311,5219,30.803360000392104,287.6942222143326
6311,6026,197.125600002974,277.14555551009545
6312,5219,47.49699200098007,283.07389631603974
6312,6026,216.76684000545947,283.0922221397798
6313,5219,63.979568000245315,280.3164740790098
6313,6026,236.2441600057565,288.81399991549637
6314,5219,80.48299772538485,278.1897289411557
6314,6026,255.72492000327145,293.8402962487754
6315,5219,97.30807743217724,276.4365211344455
6315,6026,276.1608000000052,297.3214814814817
6316,5219,114.22781381920004,275.9741266176843
6316,6026,297.0099999999974,300.9874074074075
6317,5219,131.14686545474797,273.0117575797051
6317,5269,493.660426145658,122.26056061554691
6317,6026,316.97490000037476,305.87481482081927
6318,5219,148.50312381795106,270.49084314683114
6318,5269,483.3268792184845,150.32676684924672
6318,6026,335.3325000003821,303.7248148208196
6319,5219,165.83977295734826,270.66545888652826
6319,5269,471.7640444884944,177.349230919047
6319,6026,353.2428000000067,293.06518518518664
6320,5219,183.2221546712799,274.37790610180656
6320,5269,458.73606673274253,202.81125378597585
6320,6026,371.6528000000011,281.22407407407457
6321,5219,200.69538666764288,279.83980245439756
6321,5269,444.25137609681195,224.56150167296695
6321,6026,389.41136000521226,270.82100005260435
6322,5219,218.09166545820403,285.56424237007036
6322,5269,427.39546414521783,239.5064747316764
6322,6026,407.09921455974154,261.6995523324457
6323,610,94.04160000000275,499.6459259259265
6323,5219,235.45691636454646,290.74220874066725
6323,5269,408.90703999999687,250.29525925925867
6323,6026,425.41145455452636,252.43595968724807
6324,610,96.99201841079343,491.2758329105114
6324,5219,252.8566399999977,295.8807407407398
6324,5269,389.55279999999675,260.15659259259263
6324,6026,443.1939999999969,240.75851851851593
6325,610,98.80021843791269,496.40261191133584
6325,5219,270.37050666835853,299.0135308297137
6325,5269,370.6985599999996,273.6442962962957
6325,6026,458.9843999999971,223.19333333332958
6326,610,98.79839999999831,497.7577777777782
6326,5219,288.77821333611564,302.23334562507074
6326,5269,353.38336000000027,291.3497777777787
6326,6026,473.66196004282983,201.71296312112386
6327,610,98.79387570709923,497.74645322933384
6327,5219,306.4533946679069,306.18039998221656
6327,5269,337.90448000518944,311.4025926170581
6327,6026,488.78276007876025,180.60784544242782
6328,610,98.79839999999831,497.7466666666661
6328,5219,323.6841920001598,306.83085925764584
6328,5269,325.26408000852143,329.3294444806678
6329,610,98.78400000000056,497.74592592592603
6329,5219,339.58080000791256,301.3199013155592
6329,5269,319.482340558493,333.75054429653517
6330,610,98.79803278799386,497.7481360050304
6330,5219,355.7501440168062,292.29257544737686
6330,5269,320.1880545426627,331.67396078249544
6331,610,98.80640000000085,497.72740740740693
6331,5219,373.03717965162036,281.8292082076341
6331,5269,319.99139467099894,332.2593162990743
6332,610,98.77839999999765,497.7540740740747
6332,5219,389.1006109119769,273.22020204450206
6332,5269,319.9952306164914,332.3043873622988
6333,610,98.78056393444581,497.7426836675571
6333,5219,404.9720000101627,265.498963066672
6333,5269,320.0668564723901,332.3858986523887
6334,610,98.79999999999995,497.72814814814836
6334,5219,421.32353334477216,257.4452470304269
6334,5269,320.06738145283293,332.3983769923491
6335,610,98.78160000000094,497.7370370370371
6335,5219,437.7711333355569,249.23554323260612
6335,5269,320.04589518395164,332.3690492135403
6336,610,98.77683478349013,497.7349758450997
6336,5219,451.23088000000394,233.67229629629583
6336,5269,320.08063499471064,332.38392683625517
6337,610,98.80480446948354,497.76816470070753
6337,5219,463.5278400000027,215.09925925925978
6337,5269,320.12377360347045,332.43207790017595
6338,610,98.79440000000272,497.7740740740741
6338,5219,475.80021337830203,196.05683966220576
6338,5269,320.1876459283244,332.4769960677967
6339,610,98.81234033150008,497.740045017262
6339,5219,488.15066672249486,177.00875328145415
6339,5269,320.24803518471003,332.4992211103821
6340,610,98.8055999999915,497.7444444444443
6340,5269,320.195943570709,332.478606520473
6341,610,98.82400000000189,497.7429629629626
6341,5269,320.14377777777895,332.45490205766106
6342,610,98.80395977858143,497.73918890091727
6342,5269,320.13056655704077,332.4522861315011
6343,610,98.8016000000016,497.77037037037064
6343,5269,320.0936485022703,332.4206913368464
6344,610,98.80239999999958,497.718518518518
6344,5269,320.02194618222234,332.36968529391953
6345,610,98.79107052087193,497.7616827248981
6345,5269,319.97159118422474,332.31627981193435
6346,610,98.78800000000183,497.7607407407403
6346,5269,319.95163808870075,332.27466813492026
6347,610,98.79199999999742,497.7607407407403
6347,1774,3.7190800000416853,290.6025555549685
6347,5269,319.963722973672,332.2852441604618
6348,610,98.79587039294506,497.73500516556936
6348,1774,22.016960000161134,290.72118518283776
6348,5269,319.98511512717755,332.2926563641293
6349,610,98.78239999999892,497.75037037036986
6349,1774,39.70856000071649,284.4047160639602
6349,5269,319.98995486877556,332.2947372456366
6350,610,98.78400000000056,497.7333333333336
6350,1774,57.72928000297384,280.5518519121146
6350,5269,320.0315348706704,332.32266722719083
6351,610,98.7967221626036,497.744956955126
6351,1774,76.13613876566545,278.4192301279349
6351,5269,320.07952318554436,332.3771624073415
6352,610,98.8016000000016,497.7577777777782
6352,1774,94.43143506120691,276.2410069024077
6352,5269,320.0894953860029,332.3797080165658
6353,610,98.79839999999831,497.6874074074078
6353,1774,112.86704000045006,274.7625185275522
6353,5269,320.10377119758914,332.365968681201
6354,610,98.78570989257582,497.724212451377
6354,1774,131.15112727332644,272.4962559037791
6354,5269,320.07422329394905,332.3587916739059
6355,610,98.80640000000085,497.74814814814783
6355,1774,149.11138909333886,269.24517176368613
6355,5269,320.0420811946128,332.3385426661485
6356,610,98.83760000000166,497.74962962962957
6356,1774,167.37148000028924,267.060481483272
6356,5269,320.04197264045047,332.3224407456187
6357,610,98.8079690645236,497.7455125891861
6357,1774,185.80928000023846,267.285333333779
6357,5269,320.05885417968443,332.3379476066479
6358,610,98.79599999999868,497.74592592592603
6358,1774,203.7787885779892,272.60772479353454
6358,5269,319.99646900242396,332.2798279161914
6359,610,98.80640000000085,497.7592592592599
6359,1774,221.72382098248022,280.3375657989453
6359,5269,319.9456444274915,332.2301212531762
6360,610,98.78843146197482,497.7271493995945
6360,1774,239.66442668200557,287.66385168441343
6360,5269,319.89283185704153,332.14162384617987
6361,610,98.8080000000025,497.75333333333305
6361,1774,257.67472,292.7866666666663
6361,5269,319.8870471918724,332.14922596314443
6362,610,98.80640000000085,497.7296296296301
6362,1774,275.94000000192983,294.60483499317024
6362,5269,319.96089420531007,332.2549797312491
6363,610,98.80001348324754,497.75218477058036
6363,1774,294.01312000771554,299.4377103430528
6363,5269,320.02951874732844,332.31178038855757
6364,610,98.82000000000062,497.7407407407408
6364,1774,311.8164799999954,308.14311111111124
6364,5269,320.110390179093,332.39620469906674
6365,610,98.80959999999845,497.7296296296301
6365,1774,329.07980800432824,315.9608592898084
6365,5269,320.13672752159096,332.40338790705357
6366,610,98.8186800001813,497.74166666687614
6366,1774,345.24883201730404,306.48773345552917
6366,5269,320.0633383966863,332.29015179415853
6367,610,98.82000000000062,497.7333333333336
6367,1774,360.4748799999959,294.48192592592636
6367,5269,320.1639200069701,331.7964345311029
6368,610,98.79040000000145,497.73185185185184
6368,1774,376.1153309121744,283.57768352715283
6368,5269,317.8021840029953,329.22114074492436
6369,610,98.81139775347378,497.7537577975368
6369,1774,392.53094142825034,273.78670120524504
6369,5269,308.7909120002405,333.1979555600588
6370,610,98.817600000001,497.78148148148114
6370,1774,409.00039111814635,266.10016468282515
6370,5269,298.121888000353,351.0358222289778
6371,610,98.81040000000212,497.77259259259245
6371,1774,425.18075784012467,259.0772559578465
6372,610,98.81767783816713,497.7229029016896
6372,1774,440.6965833707977,250.4897497938947
6373,610,98.81839999999897,497.7244444444449
6373,1774,453.57380806397714,234.1363113303332
6374,610,98.81199999999808,497.7577777777782
6374,1774,465.997992828095,214.38133366162805
6375,610,98.79319344306055,497.75023679138684
6375,1774,478.7615127820152,194.42433692171625
6376,610,98.79839999999831,497.7133333333328
6376,1774,492.3182313507573,175.10383606743085
6377,610,98.8055999999915,497.6940740740734
6378,610,98.790329673227,497.71064712562804
6379,610,98.81199999999808,497.7429629629626
6379,4219,0.2520000000060918,289.228148148148
6380,610,98.76800000000685,497.7592592592599
6380,4219,18.413236365381636,292.64430972941915
6381,610,98.8052444494997,497.74152068187095
6381,4219,34.985599999993156,289.06814814814675
6382,610,98.81199999999808,497.7370370370371
6382,4219,50.70960000205673,281.3902357309457
6383,610,98.78800000000183,497.7370370370371
6383,4219,67.32399999999643,279.571851851852
6384,610,98.79600000002142,497.7358249153616
6384,4219,83.62337584216561,277.4791721599876
6385,610,98.79760000000601,497.73185185185184
6385,4219,100.15040000000113,275.8318518518523
6386,610,98.79760000000601,497.718518518518
6386,4219,116.90128000109326,275.0085185395652
6387,610,98.81943425418172,497.7060814403893
6387,4219,133.6659200016868,272.5549629968802
6388,610,98.8080000000025,497.75703703703675
6388,4219,150.35840000154508,270.1416666975971
6389,610,98.82000000000062,497.7385185185188
6389,4219,167.4105454553967,269.3799326605544
6390,610,98.80018876428949,497.7499667065428
6390,4219,184.56800000000158,270.27555555555494
6391,610,98.8080000000025,497.7540740740747
6391,4219,201.4905600039583,275.7988888258567
6392,610,98.82799999999747,497.74962962962957
6392,4219,218.13985455254965,281.92673391393487
6393,610,98.83287191074714,497.7627715358437
6393,4219,234.73440000000778,288.1792592592587
6394,610,98.81040000000212,497.77555555555585
6394,4219,252.0230400008245,291.61622222914207
6395,610,98.79359999999906,497.74962962962957
6395,4219,269.44240000174204,293.77444440868913
6396,610,98.79275151681668,497.769867562442
6396,4219,286.79344762514916,298.12617272912956
6397,610,98.81599999999935,497.78296296296287
6397,4219,303.46908391682064,303.9569166491558
6398,610,98.78960000000347,497.75037037036986
6398,4219,321.23818182143964,307.29710432231536
6399,610,98.81151899652423,497.3874420232218
6399,4219,337.9984000074728,304.8665186098283
6400,610,98.817600000001,491.8222222222226
6400,4219,354.181600000004,295.6059259259265
6401,610,110.61576015353012,476.02251946608453
6401,4219,370.4154181993488,285.61872068749426
6402,610,139.10888513449322,450.2575493468199
6402,4219,386.9628800119642,275.96259272141464
6403,610,170.49280006515914,423.1228155434752
6403,4219,403.7559333421882,267.9941359043045
6404,610,207.47280006948472,407.80918603230634
6404,4219,420.4758000108484,259.8198766575397
6405,610,235.57760065626212,367.64533491623297
6405,4219,437.02676364997046,250.59111123199628
6406,610,262.84225475602625,322.3659953270299
6406,4219,451.92440006400716,235.14422243577872
6407,610,303.7579200085361,307.14888896913163
6407,4219,464.59621827146975,214.48181846084591
6408,610,343.7912889889901,301.6393425303348
6408,4219,476.87905461468745,193.55474770318247
6409,610,379.7293818984315,280.22794699390727
6409,4219,489.2216000000076,173.14074074074082
6410,610,414.9959882607959,260.95609893608173
6411,610,447.97832030338327,239.86733481999954
6412,610,474.8819206030987,197.50252071902287
6435,7285,3.0560799999949495,153.90481481481433
6436,7285,7.354744063404723,179.18870363738782
6437,7285,13.252912079399836,203.52084429162053
6438,7285,22.24114402238058,226.37504439112587
6439,7285,31.905767292531667,246.76185850005393
6440,7285,43.61185455394377,262.16268009790775
6441,7285,58.2728072795328,273.39198645626726
6442,7285,74.57237579325805,278.3717275099575
6443,7285,90.77549958209147,276.94079867599373
6444,7285,106.81568000091318,275.4668629761496
6445,7285,122.95640000021594,273.67211852059637
6446,7285,139.27079999999933,271.23592592592513
6446,9450,499.40264018155005,118.72865359525164
6447,7285,156.05153000057214,270.4099259259254
6447,9450,487.1174546002402,149.0585186364184
6448,7285,172.44187666806397,270.816456766906
6448,9450,473.46120009476124,178.33111136595338
6449,7285,188.7035466691185,272.7110493382887
6449,9450,458.54901109293337,206.97787256933654
6450,7285,204.83988000083968,276.15422220744625
6450,9450,441.81103138450453,230.19167472601976
6451,7285,221.0230400000006,279.5490370370377
6451,9450,421.7506612164067,244.99077442316252
6452,7285,237.3790133357505,283.029944403939
6452,9450,399.71472728342064,254.76699676356552
6453,7285,254.24774545636808,285.8579780813781
6453,9450,378.014158589437,266.2203268730492
6454,7285,271.00021090943306,289.25310437035813
6454,9450,357.5520160168838,283.15448157480904
6455,7285,287.63047333553345,293.1035369990578
6455,9450,338.0434399999979,303.16007407407676
6456,7285,304.22746000225516,296.8538804291181
6456,9450,322.57772365778976,324.13707076279263
6457,7285,320.82395200471234,300.29536828464654
6457,9450,317.21951465369614,333.5237476781412
6458,7285,336.1193200104577,296.7811926458477
6458,9450,315.942863159338,335.67752436745855
6459,7285,351.2558080103264,289.2167778764958
6459,9450,315.3727773413294,335.86299667809993
6460,7285,366.44500000283017,281.3992741023192
6460,9450,315.19798075592,335.7472260011356
6461,7285,381.62472000000145,273.6271111111113
6461,9450,315.1780906082058,335.65994024933167
6462,7285,396.82232000000226,265.79933333333304
6462,9450,315.1965742226549,335.66180082284734
6463,7285,411.8786133391666,258.27950006159807
6463,9450,315.1884918256826,335.6203294884166
6464,7285,427.50039273862114,251.13458429294488
6464,9450,315.1946269191342,335.61123002865446
6465,7285,443.0874327718101,241.13912473899646
6465,9450,315.2268369565775,335.64413284999375
6466,7285,455.9561745629151,223.28894954666967
6466,9450,315.1838788952068,335.59196398712857
6467,7285,467.8683760447666,202.59993347505545
6467,9450,315.18337808196236,335.59039773890896
6468,7285,479.8409040191814,181.84673339407342
6468,9450,315.1778844963576,335.6010337016688
6469,7285,491.82375277475217,161.0199597477233
6469,9450,315.2092634130281,335.6938475945239
6470,9450,315.2522545337064,335.81861470530885
6470,9687,491.1251947194421,146.7434569397721
6471,9450,315.2528621087356,335.83377725973327
6471,9687,478.50851202371587,171.21614821535047
6472,9450,315.26622276444243,335.9035039789793
6472,9687,460.6186400868933,205.93807431555012
6473,9450,315.3265815808584,336.02805657459476
6473,9687,434.2886400579289,237.89308658073583
6474,9450,315.3749472181039,336.06176221540585
6474,9687,399.50640000000135,257.9382222222224
6475,9450,315.39383734149504,336.0428306417067
6475,9687,363.64825147074725,282.5165505170721
6476,9450,315.39896071648286,336.0527191041274
6476,9687,326.94795431382886,301.1401694805167
6477,9450,315.3915154546621,336.08126683410865
6477,9687,288.4132800000009,312.0691851851849
6478,9450,315.4057053343581,336.12689424324515
6478,9687,255.994400000003,341.19037037037026
6479,9450,315.43478800044056,336.1967641994863
6479,9687,228.69336001796796,384.1715557266212
6480,9450,315.45911999999987,336.21533333333355
6480,9687,198.0296990683405,411.4155275448408
6481,9687,169.84601354578447,425.319956014403
6482,9687,146.8122473468793,441.61847857873914
6483,9687,125.13474430599103,460.39575795229126
6484,9687,107.8721180231696,477.6881393643304
6485,9687,100.0911563894067,491.1723502232759
6486,9687,98.73778909745965,497.0821562256702
6487,9687,98.73360000003686,497.9264296296293
6488,2043,492.23890296359065,126.88349228869966
6488,9687,98.72604631578724,497.9259259259254
6489,2043,475.40881301518704,169.33604695975203
6489,9687,98.72339621087576,497.93062716243776
6490,2043,456.7790812414296,208.34031135546982
6490,6781,3.7125333401002085,288.8921409638814
6490,9687,98.74599466703671,497.93349831203824
6491,2043,434.1635556175049,237.35554701312634
6491,6781,21.74075736839654,291.78699352652535
6491,9687,98.75889977542897,497.94259260969363
6492,2043,406.9311040349089,253.22340037061554
6492,6781,38.251717850405385,288.73074225604165
6492,9687,98.74185905961667,497.93041164723496
6493,2043,379.9966720695744,266.89559323732516
6493,6781,54.27121616277532,281.3133453222485
6493,9687,98.72924537826066,497.9332638056182
6494,2043,354.9031622656463,284.04202755486807
6494,2611,3.7040000002900793,286.42637036445274
6494,6781,71.12707015697993,279.1770214085696
6494,9687,98.72323356658173,497.9338675767335
6495,2043,329.45409315190943,298.9116731995365
6495,2611,21.974880003295993,287.97976296108743
6495,6781,87.67417040168993,277.09439501889955
6495,9687,98.7407619890837,497.9133674430145
6496,2043,302.9182560126361,306.7026125316676
6496,2611,39.351709099559,285.2057186057002
6496,6781,104.06597527397709,275.59715557878286
6496,9687,98.75303792191062,497.91266965317084
6497,2043,276.59577071550984,316.93345880777326
6497,2611,56.05371636407767,280.7850370370364
6497,6781,120.32310464813804,274.3391440640721
6497,9687,98.73990923903192,497.9239316869837
6498,2043,252.64813615241738,335.17516371606473
6498,2611,72.69257142189645,278.40990397781053
6498,6781,136.7398702231867,271.15133170151506
6498,9687,98.75690100562792,497.926573143219
6499,2043,231.77745626823253,362.6471195412844
6499,2611,88.9894679099973,276.5505294953758
6499,6781,153.76211200118405,269.5162073880484
6499,9687,98.76063659588226,497.9214783286026
6500,2043,211.2981187603674,390.7588722873581
6500,2611,105.15859555676002,275.1837201876435
6500,6781,171.0254666719129,270.65938262958645
6500,9687,98.75793739598066,497.93452386654826
6501,2043,189.44420732440452,412.45660660575226
6501,2611,121.42044121447384,274.3365731817915
6501,6781,188.27128890265612,276.1723948856294
6501,9687,98.75913679350106,497.94119015181735
6502,2043,164.3467200680476,424.48285255733606
6502,2611,138.03733818473575,270.78790577598386
6502,6781,205.6092266760618,282.43944023130706
6502,9687,98.75891801104785,497.93851851851787
6503,2043,139.66592811101464,440.49729710567175
6503,2611,155.12015999999903,269.50622222222245
6503,6781,222.70293656838592,287.60455364187544
6503,9687,98.75890592185556,497.92994992720185
6504,2043,117.48003214221912,465.5458525217722
6504,2611,172.26800000180333,272.5162073847773
6504,6781,239.82318982793916,290.62889277158234
6504,9687,98.74953194790578,497.91058390208497
6505,2043,101.89681600001393,485.9106666669102
6505,2611,189.54884800905234,278.9727258116468
6505,6781,256.87633422765316,295.3822846930849
6505,9687,98.74870415130317,497.91614814814756
6506,2043,99.06910400044922,493.13135802454156
6506,2611,207.06926837235414,285.46482413019623
6506,6781,273.41446490145813,299.21956112688287
6506,9687,98.75562557587045,497.9194556991968
6507,2043,99.59853333428498,496.1169316855678
6507,2611,224.38675346089212,291.3457413326297
6507,6781,289.97721604122944,303.724532736765
6507,9687,98.75105856366645,497.92018528094604
6508,2043,99.65024000000312,496.2574222222225
6508,2611,241.67671564158127,297.4713965602223
6508,6781,306.9748000024242,307.83140735737135
6508,9687,98.75079733351413,497.9135868320417
6509,2043,99.64365569060762,496.25933333333296
6509,2611,258.6387345516198,303.72561607326867
6509,6781,323.71723022801007,310.0679012480232
6509,9687,98.75749155563767,497.91833415688893
6510,2043,99.65300994475344,496.27481481481436
6510,2611,274.98466910242433,309.1870570817392
6510,6781,339.7744889078069,305.0910124864845
6510,9687,98.73918521773817,497.92297665254216
6511,2043,99.69739734175221,496.3180147627171
6511,2611,291.3577455009488,314.1711912899192
6511,6781,355.8529066678932,295.69884775002333
6511,9687,98.73952347862769,497.91225604141687
6512,2043,99.73234930308024,496.3517703318192
6512,2611,308.2290763649928,315.6614814814813
6512,6781,371.9377939477807,287.05547184301184
6512,9687,98.75357600009238,497.91056790220136
6513,2043,99.65561662187042,496.27665958935665
6513,2611,325.0954560043101,314.64823707210064
6513,6781,387.4728291084807,277.8692641487366
6513,9687,98.7521047326061,497.9062222222217
6514,2043,99.65498236470751,496.2674130748188
6514,2611,341.51372802155834,305.9309779516057
6514,6781,402.5479189325745,269.3709070560004
6514,9687,98.7556360440908,497.89696913580195
6515,2043,99.64718602314463,496.26451004510375
6515,2611,357.96809602063263,295.10299275503615
6515,6781,417.4543956720754,261.84650171720205
6515,9687,98.76694945069971,497.9045294166944
6516,2043,99.65515598538389,496.2628577020434
6516,2611,374.3486982006618,284.4841429199556
6516,6781,432.4407086223016,254.24302655782392
6516,9687,98.76463296707357,497.89796336970295
6517,2043,99.6525286556232,496.25103110521354
6517,2611,390.3296727491886,274.2028823403968
6517,6781,446.7495544892063,244.25936549055714
6517,9687,98.7472749651556,497.89932867063123
6518,2043,99.6501666435904,496.2434507245672
6518,2611,405.90418666696564,265.5337530898818
6518,6781,458.3937920964047,226.11327444739703
6518,9687,98.75967664349787,497.9246191137543
6519,2043,99.65774807151375,496.25973710140505
6519,2611,421.53226666783775,258.5819753224905
6519,6781,470.55860113554786,207.31579147036138
6519,9687,98.75728000012487,497.9317604938269
6520,2043,99.63636548755574,496.2819460698282
6520,2611,437.05545601536187,249.74986672940003
6520,6781,483.06151106768084,188.21938608468304
6520,9687,98.72915310351459,497.9269053497937
6521,2043,99.63469632396938,496.3165053044376
6521,2611,451.1863768113733,235.04625487908172
6521,6781,496.0581756421015,168.6857898363885
6521,9687,98.74076128711636,497.9356118368299
6522,2043,99.68819441415519,496.28685908703926
6522,2611,463.9712270230473,215.59668526352516
6522,9687,98.75191063990314,497.9338688422927
6523,2043,99.67813492738173,496.2785822056004
6523,2611,477.0641513856629,195.86729200079466
6523,9687,98.74746966297835,497.92691635421284
6524,1433,494.7867736384728,131.0823464986024
6524,2043,99.64520703056677,496.26628978423827
6524,2611,490.942133193023,176.33415934514773
6524,9687,98.74541318460388,497.9203120222093
6525,1433,474.60691596838956,170.78157757080325
6525,2043,99.64432026061957,496.26497314493133
6525,9687,98.74417217975179,497.9236517069887
6526,1433,452.9342211641859,209.0666794143543
6526,2043,99.62687682707895,496.26066234341226
6526,9687,98.7408513022956,497.9224757287657
6527,1433,428.81278931453727,234.7426987309511
6527,2043,99.65804950526945,496.2613763526511
6527,9687,98.73778862085146,497.921985806562
6528,1433,405.51760004580615,248.96869678338064
6528,2043,99.67292385481073,496.2625818977553
6528,9687,98.74758198934954,497.91471396130913
6529,1433,384.83904005891077,260.1485634662999
6529,2043,99.7001500000249,496.24984027808927
6529,9687,98.74654442479255,497.9113345597443
6530,1433,366.11840002541385,272.97570389629055
6530,2043,99.68296000002907,496.2514320991549
6530,9687,98.75138674350069,497.9071651323368
6531,1433,348.59989825516436,287.6612798500553
6531,2043,99.64673503551978,496.266290343258
6531,9687,98.74963359155345,497.9121432383564
6532,1433,331.7012655034398,302.84593965312376
6532,2043,99.63887063829759,496.2555965326969
6532,9687,98.73772994512592,497.9272783563438
6533,1433,313.89583999999445,305.8789629629628
6533,2043,99.61996800002225,496.2497740741669
6533,9687,98.74128000015617,497.92784330186504
6534,1433,295.29040001314564,306.9629631112374
6534,2043,102.27994060045432,490.3671943075354
6534,9687,98.74171200013848,497.93135859861184
6535,1433,277.3278933735537,315.4156546221072
6535,2043,116.91948009859857,466.2639633960082
6535,9687,98.73559466725055,497.9137985603181
6536,1433,260.58396805978646,327.110943604191
6536,2043,146.308440090761,434.4017905589346
6536,9687,98.72857636454341,497.9122132467608
6537,1433,244.64240298645794,340.3175466090107
6537,2043,178.42168006706345,406.8631979397441
6537,9687,98.7557442441755,497.9257553351317
6538,1433,229.008663345885,353.5038954131968
6538,2043,209.97994674299264,375.68433374018895
6538,9687,98.78196003680614,497.9156623455181
6539,1433,213.27473605987507,366.08921521287516
6539,2043,242.0537867406944,344.0329316048252
6539,9687,98.75770965381093,497.93101001492636
6540,1433,198.08390410492166,379.8243263983623
6540,2043,275.31588006333726,317.0882966799491
6540,9687,98.75157333357832,497.9432987668719
6541,1433,186.42406406623195,393.681481735658
6541,2043,311.3539866759601,307.3755062838761
6541,9687,98.75071448333301,497.94045614035286
6542,1433,180.2044654648614,402.5997764728941
6542,2043,347.2640495455448,300.8001342507936
6542,9687,98.75267632277314,497.9347441495905
6543,1433,176.397890914086,406.8612121496591
6543,9687,98.756058747299,497.93245281660205
6544,1433,173.13877819415438,411.132148186228
6544,9687,98.74045761009938,497.9364609993073
6545,1433,170.4124800109332,416.42235693161746
6545,9687,98.73358311132846,497.95216645895255
6546,1433,167.400887275669,419.7588821665339
6546,9687,98.75013033712662,497.94006158991897
6547,1433,163.89497818238283,420.97716835734224
6547,9687,98.75184000013519,497.92286143486143
6548,1433,162.38702401084427,424.7434814915625
6548,9687,98.73977494521796,497.9304006367653
6549,1433,162.31118401626873,431.1718518625551
6549,9687,98.73576206805524,497.9571785743235
6550,1433,161.54291201396404,437.93229631149353
6550,9687,98.73558879126334,497.94918227024533
6551,1433,160.44352000530012,442.2197530938528
6551,9687,98.73641324838219,497.9072490391121
6552,1433,160.14848000180675,443.63663149521136
6552,9687,98.72033582032032,497.90506666614334
6553,1433,154.73479276375087,445.7911247337383
6553,9687,98.72035133353621,497.9175413584751
6554,1433,141.8469500208221,459.66846935181695
6554,9687,98.75529700602215,496.01401522684864
6555,1433,126.9910242030062,483.43988210397646
6555,9687,98.63187630431982,491.60591306563293
6556,9687,105.04199693039368,481.55498750115953
6557,9687,123.83523208029487,462.47523008384815
6558,9687,151.3333790419756,438.51566421973143
6559,9687,184.6114153868166,418.64637407719954
6673,9794,493.8034186270386,135.88666753957511
6674,9794,482.7094549647313,165.4738056099867
6675,9794,467.97664034363606,194.5557047662325
6676,9794,451.0417604029044,225.8253345128185
6677,9794,428.5672000649754,244.30740803484753
6678,9794,402.77600006600096,257.62392660305557
6679,9794,373.6830857749851,273.824339015303
6680,9794,343.35199999999304,298.1666666666654
6681,9794,311.08457143046735,306.89375662497366
6682,9794,278.3612571595256,315.24994730567425
6683,9794,248.4143999999958,335.2259259259256
6684,9794,232.48457158957194,381.5158735079196
6685,9794,204.2969142998743,407.4031747673279
6686,9794,175.7526400282302,418.7088892459656
6687,9794,156.31498187823922,432.7437714298483
6688,9794,140.7228800465873,446.1088891938969
6689,9794,127.88560002787791,455.30651867418914
6690,9794,116.52800005918493,466.0777780306784
6691,9794,104.11840000000439,481.9444444444452
6692,9794,98.73760001803475,494.2248484848486
6693,9794,98.7656000001607,497.5235390946504
6694,9794,98.74568938548123,497.9644899648763
6695,9794,98.7214601111134,497.9440599041187
6696,9794,98.73040000000515,497.966666666666
6697,9794,98.73372375710119,497.95122569970295
6698,9794,98.71949171358665,497.97050951830624
6699,9794,98.73999999999796,497.9614814814821
6700,9794,98.73113333336505,497.9524403290034
6701,9794,98.75600000000873,497.96458928202014
6702,9794,98.75359999999205,497.9607407407405
6703,9794,98.7519106145271,497.9646513552809
6704,9794,98.74736271194138,497.9592006697169
6705,9762,493.2240655637992,142.28473426549516
6705,9794,98.74560000000088,497.9629629629625
6706,9762,480.87039280748513,166.18057934803775
6706,9794,98.75017528090666,497.9706616729447
6707,9762,468.28841463811955,189.60723259480906
6707,9794,98.74718212378184,497.9830208959402
6708,9762,454.92660459624915,212.6739640238886
6708,9794,98.76239999999257,497.97037037037086
6709,9762,439.4751608710891,232.09416478290223
6709,9794,98.73742122907174,497.95016759781305
6710,9762,421.17676364906345,244.88276778933394
6710,9794,98.74143204460779,497.9727644784899
6711,9762,401.5821943745908,255.93799013730444
6711,9794,98.7199999999973,498.01259259259314
6712,9762,385.92149355544217,270.5240448898387
6712,9794,98.74731049726506,497.96582361385487
6713,9762,381.26362670102367,287.5648580283294
6713,9794,98.75124971791251,497.9654530240145
6714,9762,381.1208800054027,296.4226666666665
6714,9794,98.74399999999923,497.9866666666668
6715,9762,381.2586163267695,296.90937064656555
6715,9794,98.73027796610927,497.9679807491701
6716,9762,381.06139362194534,297.40033726993784
6716,9794,98.73536629214641,497.97337494802485
6717,9762,380.86366874075793,297.54544526769644
6717,9794,98.74239999999759,497.98518518518506
6718,9762,380.83766474159745,297.57781195707935
6718,9794,98.73404444450671,497.97629629611737
6719,9762,380.8552854271818,297.57442085686534
6719,9794,98.74398212307938,497.9971860106089
6720,9762,380.85904000045844,297.58770370408484
6720,9794,98.74639999999317,497.95407407407356
6721,9762,380.9027088609378,297.56669807955416
6721,9794,98.74817237578668,497.97661960294914
6722,9762,380.9382183099643,297.5234958375357
6722,9794,98.74243615856813,497.9893534228961
6723,9762,380.9454556158539,297.5000575393134
6723,9794,98.73440000000073,497.9681481481477
6724,9762,380.92962723550846,297.5073130363761
6724,9794,98.75590167597466,497.959259259259
6725,9762,380.9065040167366,297.54135990898556
6725,9794,98.7532222223706,497.97117284087045
6726,9762,380.89865144620774,297.5369757379043
6726,9794,98.73360000000275,497.9837037037034
6727,9762,380.9554377264402,297.5177795231856
6727,9794,98.73093333338261,497.97703703721277
6728,9762,381.00920371071084,297.498375328668
6728,9794,98.75080000047092,497.9664672377693
6729,9762,380.95319388073216,297.52100018005723
6729,9794,98.75599999999736,497.9533333333335
6730,9762,380.8029640729308,297.57085930703676
6730,9794,98.74953333336975,497.97713580224377
6731,9762,380.6890233855507,297.5461178798939
6731,9794,98.72618222222513,497.9699670781801
6732,9762,380.5979388660279,297.49126759472546
6732,9794,98.73759999999834,497.97259259259283
6733,9762,380.50922268764793,297.42637921634207
6733,9794,98.73023204435185,497.96212400209595
6734,9762,380.40350695516906,297.35160796825966
6734,9794,98.76554696452331,497.98419480438525
6735,9762,380.3241515491112,297.31106530990184
6735,9794,98.75200000000177,497.94666666666654
6736,9762,380.3094213711495,297.26618914128954
6736,9794,98.7430882681565,497.97745913522374
6737,9762,380.28806655332403,297.2071544905741
6737,9765,487.91125344254965,151.17970403076296
6737,9794,98.74544000000469,497.9779259259305
6738,9762,380.2703513043974,297.12246806180207
6738,9765,473.40847655889326,177.57649291677913
6738,9794,98.73857777778312,497.959259259259
6739,9762,380.2238421107779,297.04023313161554
6739,9765,458.1630208658476,204.6544543681872
6739,9794,98.73898181819527,497.9711784512331
6740,9762,380.1903065435698,297.06891607989985
6740,9765,439.9518700449164,224.9546015370567
6740,9794,98.73376000000462,497.9627407406995
6741,9762,380.21642942050386,296.999794229289
6741,9765,417.7092970045021,226.96039336800777
6741,9794,98.77664000002255,497.9155555557602
6742,9762,380.1746450550161,296.8695881844472
6742,9765,396.24577454729774,227.12060607415953
6742,9794,98.4870400133616,492.37407407214295
6743,9762,380.1244151029704,296.87672351835005
6743,9765,375.3870036412207,229.94702769218156
6743,9794,101.43168004244103,485.4109631232251
6744,9762,380.15707398137806,296.9795001843618
6744,9765,354.290693338495,233.1128815697956
6744,9794,113.69745460218041,470.476565954594
6745,9762,380.2243206404876,296.95481842768487
6745,9765,333.1528533406731,236.16177788710456
6745,9794,135.4792728674738,450.25535436505646
6746,9762,380.20986866202406,296.8982010095951
6746,9765,312.52152727410135,243.1075421097395
6746,9794,161.66266683050594,428.27185291600256
6747,9762,380.2236938131898,296.94316280243305
6747,9765,291.648509096401,248.67120547599762
6747,9794,190.9328000234666,414.06288917317147
6748,9762,380.2482959932047,297.05166795447104
6748,9765,270.2420800000015,254.47155555555545
6748,9794,219.41040008699133,400.3423710517686
6749,9762,380.2665400023324,297.21382963449884
6749,9765,248.48040727300034,259.3855084171941
6749,9794,240.0069601943926,367.6528153606793
6750,9762,380.3718550264671,297.29481206469455
6750,9765,226.63714909199712,260.2263299650733
6750,9794,259.43840028096474,331.0699269495789
6751,9762,380.49247750983903,297.3518798222505
6751,9765,204.99440000000163,254.36074074074065
6751,9794,286.94167274440474,313.0122561214277
6752,9762,380.6203503331528,297.387547376323
6752,9765,184.68266182310117,244.734222185067
6752,9794,316.5312888906328,306.1903703874067
6753,9762,380.72599970862086,297.38357708818165
6753,9765,168.4216321389954,234.54837086783775
6753,9794,345.0650909871058,296.13798049327136
6754,9762,380.7947269656228,297.3896102840352
6754,9765,156.46571907603857,233.48483920728657
6754,9794,372.6689454913867,279.2924582498406
6755,9762,380.87192010276675,297.405714898906
6755,9765,147.03054275882891,235.18217612138105
6755,9794,400.79880002117534,264.38000022155086
6756,9762,380.8983212706869,297.39950840744257
6756,9765,143.31305600001542,235.8683555556067
6756,9794,424.9272000255246,252.35792629200014
6757,9762,380.86436069053264,297.40351321543
6757,9765,143.29282461582693,235.8676923068128
6757,9794,446.41944005968526,240.24222247608697
6758,9762,380.7976966725795,297.43221351854123
6758,9765,143.30073119081928,235.84974986626062
6758,9794,461.0025455701589,215.55003405630214
6759,9762,380.74724247521715,297.46336861274193
6759,9765,143.29547146256118,235.84334142281048
6759,9794,478.3932802519928,187.11629715447953
6760,9762,380.7138764596209,297.4604070432607
6760,9765,143.30191181462055,235.84108957017102
6760,9794,499.8440001131655,153.44567939668673
6761,9762,380.6305360297142,297.4246711693762
6761,9765,143.29505298500294,235.85426013899746
6762,9762,380.56712291989527,297.43770748888767
6762,9765,143.29269646890566,235.86330712197247
6763,9762,380.5733159371556,297.4262043793885
6763,9765,143.3104044301365,235.85008739375567
6764,9762,380.6378525236528,297.43906954409607
6764,9765,143.288570525425,235.8528714110628
6765,9762,380.7245746722856,297.462398248288
6765,9765,143.3058472910011,235.84816054136425
6766,9762,380.79464470348796,297.45717753307656
6766,9765,143.31161318009208,235.8232232155135
6767,9762,380.8403763078894,297.5064549851605
6767,9765,143.2983540439568,235.86609783779667
6768,9762,380.8370394042879,297.52891780956725
6768,9765,143.30799640548662,235.86401331811936
6786,1380,18.50079999999764,289.91740740740755
6787,1380,36.914240000003815,284.5219999999984
6788,1380,54.99464000000046,280.70703703703725
6789,1380,71.65738584081055,278.8577682257374
6789,4241,7.256960000001982,288.9022222222224
6790,1380,88.62576075309278,277.2558566444605
6790,4241,24.335360009990836,288.8716445068185
6791,1380,105.40249309851733,276.0198006060286
6791,4241,40.586080014981015,284.76376305652406
6792,1380,119.89922666769134,274.976129649374
6792,4241,57.30202666774176,280.76740742929076
6793,1380,132.39038666677573,271.6393456811914
6793,4241,73.91118039871571,278.76630362042044
6794,1380,145.08239999999773,269.4993333333331
6794,4241,90.47417059565305,276.77423315917093
6795,1380,157.6882240005233,268.75714815485696
6795,4241,107.19960727453099,275.3676363951454
6796,1380,170.6025760000631,269.3830000007453
6796,4241,123.66781091286383,273.4964175733099
6797,1380,183.47397600163504,272.0492592320989
6797,4241,139.97320000191053,270.2511852092127
6798,1380,195.89626400018233,274.93370370068584
6798,4241,156.88628444536334,269.0064526632534
6799,1380,207.25902000381723,279.2238332901664
6799,4241,174.38071466920408,270.1490567428382
6800,1380,217.87742267064462,284.30604563687933
6800,4241,191.89449018743176,272.72634603250935
6801,1380,228.0306640003943,288.5354666625195
6801,4241,208.66531394751973,277.3920178553844
6802,1380,237.6247199999949,292.77481481481374
6802,4241,224.70128000579848,284.4696295724245
6803,1380,246.9629309113975,296.8443636091711
6803,4241,240.55307636487896,291.082922534404
6804,1380,256.322674548411,300.6227625921076
6804,4241,256.71116121568275,295.26621916537607
6805,1380,266.12278606120753,302.78321380055394
6805,4241,273.22080000353594,298.90084932352437
6806,1380,276.69332363639626,303.0228282827507
6806,4241,289.93374400188486,302.10266663306686
6807,1380,287.17042000032677,303.4950740684943
6807,4241,306.5643840040457,304.9175554961243
6808,1380,297.60170000132064,304.7603147910578
6808,4241,322.99635200734656,307.0871999430189
6809,1380,307.1954933334763,309.29484567644084
6809,4241,339.1324000124962,304.01585196635784
6810,1380,311.09760000210883,321.15203703703645
6810,4241,355.3328320222795,294.6764446590684
6811,1380,311.3788000002358,326.2801851851846
6811,4241,372.09712002091464,285.1689187304054
6812,1380,311.9715272755502,330.76084175007827
6812,4241,388.9880320167913,276.41739276275337
6813,1380,312.00890836806195,328.89809764320523
6813,4241,405.73558154277407,268.19228791819194
6814,1380,312.71444800175004,323.8747777801405
6814,4241,422.53098831133457,259.2905207419312
6815,1380,312.98220000108756,323.9898518511843
6815,4241,438.9232640240414,250.00894831379372
6816,1380,312.3940800001054,323.3308148147112
6816,4241,452.61633604889994,235.82361497837078
6817,1380,311.7612000000054,323.69362962963066
6817,4241,463.69008005606815,214.85459274442297
6818,1380,305.9300218761069,335.30593277905416
6818,4241,474.928784043783,193.5143704946889
6819,1380,295.88346909733787,346.0510707203097
6819,4241,486.8491934271833,173.10773655855115
6820,4241,498.39014899169007,152.2338004681194
6834,7489,0.27039999999942665,294.2355555555567
6835,7489,16.962400000005573,312.63333333333287
6836,7489,31.642399999998364,333.6948148148142
6837,7489,46.10959999999409,353.53333333333325
6838,7489,60.27813339618433,373.7367898847621
6839,7489,75.35933340471956,394.7514194846511
6840,7489,90.42912006001416,415.70962938838306
6841,7489,108.1976001882083,441.85016772155694
6842,7489,130.41600009318017,452.9088893893571
6843,7489,155.2695999999969,428.87407407407596
6844,7489,179.62800000000243,403.77629629629786
6845,7489,204.2944000000034,377.94962962962785
6846,7489,229.56160000000523,353.45555555555586
6847,7489,255.3880000000106,329.5296296296277
6848,7489,283.90640000000076,311.79037037036926
6849,7489,314.57257143202924,305.66687823549944
6850,7489,344.87010913745735,302.39016898480673
6851,4278,490.964740230645,155.80379702154977
6851,7489,367.5368000088838,297.7629630844232
6852,4278,467.35118767814583,196.4570354474362
6852,7489,374.02181818521854,298.4122558974882
6853,4278,443.9783424380829,232.98597336877958
6853,7489,375.7096000000047,298.05925925925925
6854,4278,412.6708400135959,251.30462981267198
6854,7489,376.0464179777614,297.77183520737196
6855,4278,379.62204000886857,262.0348570628348
6855,7489,376.0536000000002,297.77777777777794
6856,4278,346.3002000482072,247.15331892822644
6856,7489,376.05360000041514,297.74400000000026
6856,8931,492.18496012672404,134.04311137075408
6857,4278,314.78116008697555,251.91691397411776
6857,7489,376.0400000002278,297.73483136768107
6857,8931,483.53861828497315,154.82814838965874
6858,4278,286.6894972332176,284.24877291314374
6858,7489,376.05588413035207,297.7979015633485
6858,8931,474.4079999999997,174.17185185185136
6859,4278,258.39563439125294,317.56293171124804
6859,7489,376.03999999999473,297.7162962962965
6859,8931,465.24280298643816,191.28912115899178
6860,4278,229.83280008664906,349.59692106355055
6860,7489,376.05385636792334,297.75541229748416
6860,8931,456.47839999999746,208.5762962962967
6861,4278,201.2212228643841,380.43017992898
6861,7489,376.03999999999473,297.70370370370404
6861,8931,445.9942609682116,221.96332462394207
6862,4278,172.91444577939558,411.74250824970636
6862,7489,376.0280320008633,297.65851851680526
6862,8931,432.2260984166121,222.9552310627936
6863,4278,144.3182171498779,442.2097354862697
6863,7489,376.05360000023893,297.73479423868343
6863,8931,418.4578855904135,223.94625496928322
6864,4278,116.49440235199165,469.98421198499284
6864,7489,376.0536000001366,297.72576415495934
6864,8931,404.4532000013419,222.9335555286358
6865,4278,103.21335203175579,484.6577828584464
6865,7489,376.0650604654529,297.79966408174573
6865,8931,390.3542400010622,223.89496298427125
6866,4278,98.68160003714706,496.377748136035
6866,7489,376.04718202247227,297.72814814814865
6866,8931,376.66021818482136,226.68161621981042
6867,4278,98.6492050829213,497.21662656004463
6867,7489,376.053600000148,297.74325925925996
6867,8931,362.96120000120595,229.52000002448636
6868,4278,98.65033074625046,497.2122605681948
6868,7489,376.05232748569506,297.71393978680294
6868,8931,349.1513600010933,231.61000002256492
6869,4278,98.65777388892184,497.20683860608574
6869,7489,376.05360000023893,297.7340946502061
6869,8931,335.3690909112629,233.88868690525055
6870,4278,98.63739111112862,497.2113995885135
6870,7489,376.0536000000002,297.75333333333333
6870,8931,321.6893090967858,238.9719192574453
6871,4278,98.63899314926243,497.2036598334038
6871,7489,376.0536000000627,297.76609004213816
6871,8931,307.39016000314336,244.1506667122446
6872,4278,98.644789009698,497.220084174671
6872,7489,376.0536000002105,297.79659424787974
6872,8931,293.7146400025881,249.24014818326646
6873,4278,98.6417511112353,497.23048559772917
6873,7489,376.03999999999473,297.7651851851857
6873,8931,281.1436000035201,253.83311115783513
6874,4278,98.64146100006394,497.23301851835424
6874,7489,376.0536000002162,297.8258810325474
6874,8931,268.3194400035461,258.3309630140904
6875,4278,98.6386134920599,497.22595913496946
6875,7489,376.0536000000002,297.7651851851857
6875,8931,255.29941818240897,260.9223569117762
6876,4278,98.66342442493305,497.2203507338502
6876,7489,376.0636682933182,297.7849954815368
6876,8931,242.09839999999758,260.99481481481513
6877,4278,98.62081866831888,497.21565924860766
6877,7489,376.05423209881224,297.76580704136666
6877,8931,228.62799999999766,260.974074074074
6878,4278,98.6776000005267,497.2454296334734
6878,7489,376.0664000009399,297.77707818930054
6878,8931,214.56007272816464,260.75595959339546
6879,4278,98.65951777790654,497.23034691415745
6879,7489,376.0400000001482,297.7010277777778
6879,8931,199.94996363697624,260.78397306187486
6880,4278,98.66272000053186,497.2166666676889
6880,7489,376.04000000001747,297.7040972222229
6880,8931,186.1799999999903,261.60370370370356
6881,4278,98.65085333334603,497.2258106995719
6881,7489,376.0328222258579,297.67751028264365
6881,8931,173.23936000080948,262.5802222387326
6882,4278,98.66038099460184,497.2334561078744
6882,7489,376.0264000006032,297.647482419128
6882,8931,159.63672727408493,263.84343437100455
6883,4278,98.64503250591837,497.1928860417785
6883,7489,376.0398789317492,297.70370370370404
6883,8931,146.15502222297323,265.2111934295176
6884,4278,98.64848933390874,497.20647736300293
6884,7489,376.03999999999473,297.7162962962965
6884,8931,132.42458181883308,266.37441078677983
6885,4278,98.64471955574857,497.22368683063456
6885,7489,376.02640000000065,297.6666666666672
6885,8931,114.3480000000011,270.48148148147953
6886,4278,98.64071200015985,497.2169148149292
6886,7489,375.9863999999993,297.592592592592
6886,8931,94.00989231883159,275.05638681714805
6887,4278,98.65754666667611,497.21932345682876
6887,7489,375.16495870391395,297.3950426083578
6887,8931,72.13600000000042,278.1688888888891
6888,4278,98.656944000208,497.211624692232
6888,7489,384.6112727375328,293.10599341413734
6888,8931,49.97560000180101,281.19392596246786
6889,4278,98.65561600161982,497.1991259306705
6889,8931,30.180945458579345,280.1344106968142
6890,4278,98.65329244450606,497.215790535086
6890,8931,12.404800009574046,275.6745453187064
6891,4278,98.65220533411502,497.206534569518
6892,4278,98.66644000205099,497.2216296355274
6893,4278,98.65829613259677,497.19941886637463
6894,4278,98.65697986005557,497.2118381100654
6895,4278,98.65259200011393,497.2446518513114
6896,4278,98.64124000009213,497.19525925951837
6897,4278,98.61880000096392,497.23461111396136
6898,4278,98.64172000132953,497.19512963430554
6899,4278,98.65283093922699,497.21505668097853
6900,4278,98.64634956420502,497.20498502612463
6901,4278,98.64848000046607,497.2149777795969
6902,4278,98.63268977777807,497.21562139916654
6903,4278,98.63993466668774,497.20296296287137
6904,4278,98.64850000000503,497.20570370370433
6905,4278,98.64248311113839,497.22065432093456
6906,4278,98.65031466692074,497.1962757197894
6907,4278,98.6498600002841,497.22182962980366
6908,4278,98.65504000065926,497.1979629560348
6909,4278,98.65356266739411,497.15332098594513
6910,4278,98.6547040000994,497.19772592482104
6911,4278,98.6681773333271,497.19343477363486
6914,8667,499.608223898839,124.57272315985702
6915,8145,499.54601601559375,121.55589632984199
6915,8667,488.13091382825235,149.35264543401593
6916,8145,488.0740146186025,146.1782964872125
6916,8667,476.1636080701521,171.17458606158408
6917,8145,476.5662327891266,167.70570387566818
6917,8667,464.84892583754913,192.01138092357596
6918,8145,465.99529921871067,188.23933397425918
6918,8667,454.2078726478337,212.45077894809316
6919,8145,456.102133591865,208.06323579945297
6919,8667,440.7570149838915,221.81991469074046
6920,8145,444.824314525394,221.1516073291757
6920,8667,425.5060192205116,224.36224589231756
6921,8145,430.334117940252,222.89749148600202
6921,8667,409.6144468888968,226.14875814137304
6922,8145,415.50482924871346,223.4648868418103
6922,8667,390.95996000159175,227.88152595895505
6923,8145,398.45290999033523,224.7627547066986
6923,8667,371.84884000017803,229.75677037404017
6924,8145,380.167582223387,226.54288068213813
6924,8667,353.2161600000035,231.63659259259185
6925,8145,362.0139608912166,228.53386836053912
6925,8667,335.29160000000445,233.3171111111112
6926,8145,344.3289716384789,230.35402697400565
6926,8667,317.6317680044406,237.78102969143222
6927,8145,327.49552001172844,234.3029092057698
6927,8667,299.838632000492,244.11785926612507
6928,7856,493.7337702666474,140.8784312804101
6928,8145,310.8671491053434,242.97003514689618
6928,8667,281.6329600000023,250.0248888888894
6929,7856,480.4870955826465,167.3638323925517
6929,8145,293.96024801520696,252.7148519855802
6929,8667,263.1746200044114,254.78311118676288
6930,7856,467.4309129234956,192.31103821185468
6930,8145,277.0254320172256,262.63751125335233
6930,8667,244.29624666715597,259.1100246997626
6931,7856,454.2312401858493,217.19628259858493
6931,8145,259.92563637023295,269.90698241534193
6931,8667,225.7669600000071,260.68725925925884
6932,7856,437.66246387741376,235.11309583286132
6932,8145,242.2531544820481,267.49625499194684
6932,8667,207.30007999999427,261.4301481481478
6933,7856,416.79659699440265,247.0160581553569
6933,8145,224.68677474037236,264.01709155839904
6933,8667,188.82951999999875,262.08118518518455
6934,7856,393.39367273521475,257.38026947901017
6934,8145,207.095600000834,262.4868888775291
6934,8667,170.57388800060608,263.3227926030255
6935,7856,369.86296374229255,271.6741624254795
6935,8145,189.1026147395121,262.19702928935385
6935,8667,155.25822109164946,264.0526282891196
6936,7856,346.3511066783382,290.2035062612993
6936,8145,171.87526507549023,264.60891128813626
6936,8667,140.52054545461885,264.6839191924899
6937,7856,322.8002000036286,301.6545185185189
6937,8145,157.22096727461008,265.0021885297984
6937,8667,126.01873145779791,267.329175078868
6938,370,497.8461476725556,125.74623897440506
6938,7856,299.3606339687687,306.9584784284598
6938,8145,142.5985527286167,263.69647808805996
6938,8667,111.90456571981258,271.75061208022555
6939,370,487.994062294406,146.99400676105535
6939,7856,276.98906912231905,309.1674072061088
6939,8145,128.4750400050075,263.93091362928976
6939,8667,97.34617091029861,274.3267575985997
6940,370,478.86000006189187,167.71425200903866
6940,7856,262.904339646895,299.8136470691366
6940,8145,115.17437334589827,269.7866585598849
6940,8667,81.98093537276294,276.29875192353603
6941,370,469.4004432378904,186.46153223298745
6941,7856,250.67842400082725,291.20862221748035
6941,8145,101.11060000190662,274.1164592836984
6941,8667,66.30096453740123,278.3681426763405
6942,370,459.6234971721208,204.75873409956824
6942,7856,234.8048436637339,282.0168550623341
6942,8145,86.24123399357359,275.9852938980274
6942,8667,49.02266400166467,280.7232633333898
6943,370,448.86763505030217,222.2799280946235
6943,7856,221.7978181848531,266.8868686694803
6943,8145,71.10335933406532,277.7209684857167
6943,8667,30.955176000174443,278.7928444479464
6944,370,435.3999089050489,234.9639752031718
6944,7856,204.42914400785185,257.07515547070494
6944,8145,54.69579394132439,280.5089136066967
6944,8667,13.061054548700781,274.5471245221327
6945,370,420.15216000191685,244.8618765656596
6945,7856,184.64193969831456,244.69705968877497
6945,8145,37.63787636383256,280.99792592851804
6946,370,402.6868622303698,251.8406420548156
6946,7856,168.97911118921684,231.89182950207777
6946,8145,25.49368005341989,261.163629475919
6947,370,384.4621688909069,253.74069131685962
6947,7856,156.85309832677262,233.77258617380247
6947,8145,13.566408951319884,238.97781051356225
6948,370,366.42847999999964,244.77792592592527
6948,7856,145.76720434494234,237.19039237946183
6948,8145,1.6722756353425434,216.8999339307198
6949,370,348.8181600010956,238.90580742256407
6949,7856,142.86640000000148,238.308444444445
6950,370,331.9676480072849,240.22373342122273
6950,7856,142.1868799999999,238.6174814814812
6951,370,315.16467963786226,248.6184523913919
6951,7856,142.13359999999966,238.30888888888913
6952,370,298.42889450848367,257.93244620211885
6952,7856,142.13359999999966,238.16051851851827
6953,370,281.8114560163383,265.7752298107485
6953,7856,142.13359999999966,238.14814814814778
6954,370,264.7968800138665,273.23977793034106
6954,7856,142.13359999999966,238.14814814814778
6955,370,247.4465866727883,276.5408394509552
6955,7856,142.13359999999966,238.14814814814778
6956,370,230.18826669060218,268.73248374051894
6956,7856,142.13359999999966,238.14814814814778
6957,370,212.27651200093644,262.5851407404289
6957,7856,142.13359999999966,238.14814814814778
6958,370,195.03836800086447,262.5759111246608
6958,7856,142.13359999999966,238.14814814814778
6959,370,178.42204444555594,263.15629960044487
6959,7856,142.13359999999966,238.14814814814778
6960,370,163.48522666781264,264.53644446596127
6960,7856,142.13359999999966,238.14814814814778
6961,370,149.63725155593693,265.55910288389373
6961,7856,142.13359999999966,238.14814814814778
6962,370,135.8887040003924,266.24192592787057
6962,7856,142.13359999999966,238.14814814814778
6963,370,122.10494222773605,267.765596737866
6963,7856,142.13359999999966,238.14814814814778
6964,370,107.51736891137057,271.99157214497484
6964,7856,142.13359999999966,238.14814814814778
6965,370,93.05911120495011,274.37917234397656
6965,7856,142.13359999999966,238.14814814814778
6966,370,77.55540481333696,276.5334892471263
6966,7856,142.13359999999966,238.14814814814778
6967,370,62.0123022233895,278.83077203988506
6967,7856,142.25312000000483,238.14814814814778
6968,370,46.84152889004167,280.50984364401256
6968,7856,142.26640000000543,238.14814814814778
6969,370,31.78459636521893,278.98117169216687
6969,7856,142.26640000000543,238.14814814814778
6970,370,16.52999435063407,274.411172352087
6970,7856,142.26640000000543,238.14814814814778
6971,7856,142.02663999999686,238.37014814814862
6972,7856,141.87975999999765,238.3948148148154
6973,7856,141.86639999999784,238.3948148148154
6974,7856,141.86639999999784,238.5061481481483
6975,7856,141.86639999999784,238.51851851851856
6976,7856,141.86639999999784,238.51851851851856
6977,7856,141.86639999999784,238.51851851851856
6978,7856,141.86639999999784,238.51851851851856
6979,7856,141.86639999999784,238.51851851851856
6980,7856,141.86639999999784,238.51851851851856
6981,7856,141.86639999999784,238.40718518518565
6982,7856,141.9866399999961,238.3948148148154
6983,7856,141.87975999999765,238.5061481481483
6984,7856,141.86639999999784,238.51851851851856
6985,7856,141.86639999999784,238.51851851851856
6986,7856,141.86639999999784,238.51851851851856
6987,7856,141.86639999999784,238.51851851851856
6988,7856,141.86639999999784,238.51851851851856
6989,7856,141.86639999999784,238.51851851851856
6990,7856,141.86639999999784,238.51851851851856
6991,7856,141.86639999999784,238.51851851851856
6992,7856,141.86639999999784,238.51851851851856
6993,7856,141.86639999999784,238.51851851851856
6994,7856,141.86639999999784,238.51851851851856
6995,7856,141.86639999999784,238.51851851851856
6996,7856,141.86639999999784,238.51851851851856
6997,7856,142.1124000031881,238.51851851851856
7052,9918,491.55491498831793,143.49952077183326
7053,9918,478.63814077261964,168.73564244228433
7054,9918,465.54084160441334,193.6033613001149
7055,9918,451.8704432592938,217.3014556346886
7056,9918,437.01163915975826,234.3752035881852
7057,9918,420.5672320024951,246.08029632164175
7058,9918,402.81976001227235,255.48019271542998
7059,9918,385.1880000169058,264.8901927355647
7060,9918,368.26457603573886,275.9056150779611
7061,9918,351.37977020584117,288.4898856947145
7062,9918,333.52631274512646,301.4479866718607
7063,9918,314.92607999999905,305.45540740740717
7064,9918,296.10451555627714,306.73896294964067
7065,9918,277.4050149667448,305.07591921530343
7066,9918,259.7562909665339,309.9703437410386
7067,9918,243.99374547141633,327.72789234470423
7068,9918,227.83355644430003,345.2335761820018
7069,9918,211.85141824957554,361.88066926709996
7070,9918,195.8667200600382,378.56790155094757
7071,9918,179.83171201275923,395.9544296846154
7072,9918,164.02844805106042,413.80453355327495
7073,9918,148.2666134579733,431.7181804680752
7074,9918,132.0565338318704,446.974944094525
7075,9918,115.43647999999962,448.57362962962964
7076,9918,100.35735112625501,429.30508636544505
7077,9918,85.54720816950521,408.18190764771623
7078,9918,70.86328740914041,386.6687671790985
7079,9918,56.14541102817724,365.2365921779075
7080,9918,41.59337285950527,344.688240905243
7081,9918,27.368237753411222,325.1836068303575
7082,9918,13.293866749257859,305.45264166103834
7111,6426,3.7814400000047503,295.73837037037
7112,6426,21.295679999999493,296.2522962962968
7113,6426,37.17426666700475,288.7574691425729
7114,6426,52.950666668010626,281.41017286657745
7115,6426,70.11702069780767,279.4108645130879
7116,6426,87.31717370048955,277.1627173116125
7117,6426,104.62676363704873,275.8601481481484
7118,6426,122.52831999999785,274.7324444444441
7119,6426,140.71956363677828,272.17579798804525
7120,6426,158.87633454712613,269.568525285516
7121,6426,177.07174000015695,268.55312962662015
7122,6426,195.31285091137875,269.0229157928388
7123,6426,213.4401454638362,276.3659662233748
7124,6426,230.94686546796308,284.48494262812153
7125,6426,248.01607273852255,292.48040393199324
7126,6426,265.36176000000074,297.70370370370404
7127,6426,282.5747199999944,302.11333333333346
7128,6426,299.2675199999917,305.0485925925925
7129,6426,316.1569120001957,306.8515111081667
7130,6426,333.8286080007754,307.1615999882229
7131,6426,350.83120000000235,299.56651851851615
7132,6426,367.74960000000306,288.50888888889045
7133,6426,385.7403199999976,279.0890370370376
7134,6426,403.6409429205969,269.0977990497088
7135,6426,421.66830986763443,258.61731070992477
7136,6426,439.52641457273216,247.34583182844582
7137,6426,454.80411933870414,229.9133618392477
7138,6426,467.7156480622227,207.9929779760783
7139,6426,480.3891200663975,186.61626687991162
7140,6426,492.7299927403965,165.82309768201674
7151,6220,490.6663999999978,153.45703703703762
7152,6220,473.11983999999825,181.77792592592513
7152,8752,15.922784830278259,280.4219223683022
7153,6220,457.50312828403025,211.27581276705132
7153,8752,36.725490237907934,282.04713002943805
7154,6220,442.1182731361125,233.94354736451706
7154,8752,57.18201552402547,281.30702741180727
7155,6220,424.8263999999949,245.1111111111124
7155,8752,76.51904737188829,279.1944533619801
7156,6220,404.0725672744941,255.38491585130018
7156,8752,95.48494705797795,277.09121776011216
7157,6220,386.84980438837897,266.9376668941865
7157,8752,114.32051363118886,275.1576428832647
7158,6220,378.98134116161486,288.77719914113277
7158,8752,132.55902655004888,274.0114554694804
7159,6220,380.3674791111723,299.08637037037056
7159,8752,150.797455655362,272.86393470836987
7160,6220,380.72740266889235,299.90406089398226
7160,8752,168.96612978012627,272.0167620248619
7161,6220,380.5731448968038,300.0368361685233
7161,8752,186.47550405118182,274.146734089995
7162,6220,380.6664000000012,300.1237037037034
7162,8752,203.75089536713176,278.6735290587048
7163,6220,380.669517333373,300.1237037037034
7163,8752,221.52680953102902,283.4518046961896
7164,6220,380.697955047849,300.1237037037034
7164,8752,239.24582202572196,288.17099382189235
7165,6220,380.7427428574431,300.1237037037034
7165,8752,256.46097197305096,292.4257973828697
7166,6220,380.6664000000012,300.1237037037034
7166,8752,273.31062899778766,296.32699860180446
7167,6220,380.6664000000012,300.1237037037034
7167,8752,289.65678081449596,300.4508668911316
7168,6220,380.6664000000012,300.1237037037034
7168,8752,305.5427394395133,304.89738460004645
7169,6220,380.6664000000012,300.1237037037034
7169,8752,320.9698804575959,309.16391970968425
7170,6220,380.6664000000012,300.1237037037034
7170,8752,334.97840178326953,306.2111761394348
7171,6220,380.6664000000012,300.1237037037034
7171,8752,349.20275702827837,298.2156895005392
7172,6220,380.66389155558903,300.1237037037034
7172,8752,364.8170158043325,290.11389773204587
7173,6220,380.641168000218,300.1237037037034
7173,8752,383.0286067867968,280.1988010442287
7174,6220,380.60560711146195,300.1237037037034
7174,8752,401.3745146078435,270.0026530427593
7175,6220,380.64234844447583,300.1237037037034
7175,8752,418.7490214134129,260.5401848830453
7176,6220,380.5505126268895,300.1237037037034
7176,8752,434.92958581963984,251.66914320760702
7177,6220,380.5611153959603,300.1237037037034
7177,8752,449.695595398382,237.58463237125517
7178,6220,380.5359608903666,300.12588970340494
7178,8752,461.59107331951986,218.40131044375389
7179,6220,380.569603561463,300.1570402951017
7179,8752,473.5013580015504,198.61614607186362
7180,6220,380.6664000000012,300.24666666666656
7180,8752,486.0268944240073,177.02809826665433
7181,6220,380.6664000000012,300.24666666666656
7181,8752,499.6609192840168,154.18505850110665
7182,6220,380.6599497143531,300.24666666666656
7183,6220,380.6208264130339,300.24666666666656
7184,6220,380.56489422260483,300.24666666666656
7185,6220,380.50933257533075,300.22787086129733
7186,6220,380.3702262996535,300.17148344518915
7187,6220,380.5336000000011,300.24666666666656
7188,6220,380.56016000319346,300.2523216931214
7189,6220,380.6664000127705,300.26928677248634
7190,6220,380.6877866668708,300.24666666666656
7191,6220,380.7401489534436,300.24666666666656
7192,6220,380.5806473761902,300.24666666666656
7193,6220,380.5405429296956,300.24666666666656
7194,6220,380.7895371448592,300.24666666666656
7195,6220,380.71213079955896,300.2645350008064
7196,6220,380.72280890371076,300.31814000322555
7197,6220,380.8055348572009,300.24666666666656
7198,6220,380.8488594288042,300.24666666666656
7199,6220,380.9601599999917,300.222074074074
7200,6220,381.06639999999175,300.1237037037034
7249,8851,0.26639999999247266,289.4481481481466
7250,8851,18.858400001204245,292.2496296059585
7251,8851,31.932000000000475,287.6318518518517
7252,8851,48.37178182052071,282.3929293393861
7253,8851,66.19759999999815,279.96518518518434
7254,8851,82.76889032661074,277.95871636243885
7255,8851,98.51709090988834,276.1604040306811
7256,8851,114.09840000000031,276.3037037037037
7257,8851,131.36799999999198,272.2244444444446
7258,8851,149.19039999999768,269.3533333333336
7259,8851,167.38256000514866,269.42155547685644
7260,8851,186.0239999999976,274.55407407407415
7261,8851,204.29324444860413,278.4476542530219
7262,8851,222.0384000000081,283.7481481481465
7263,8851,239.45496000470712,287.24170362512933
7264,8851,258.0975999999964,292.8755555555547
7265,8851,276.5736000000004,296.94222222222135
7266,2560,484.49840745955953,164.01741202024488
7266,8851,294.754640005948,300.50088880228907
7267,2560,467.71660812453547,192.32545227919795
7267,8851,314.87452637990145,307.9568411046336
7268,2560,449.9283013870195,216.39710151384327
7268,8851,333.4066909204694,308.82134691007803
7269,2560,430.1228952634483,224.36639055378603
7269,8851,349.7384000000011,299.2000000000017
7270,2560,409.64215290500186,227.18163396230273
7270,8851,368.30109092317116,289.0591247192817
7271,2560,389.0204800000015,228.3985185185189
7271,8851,387.6528727533298,278.7643773485904
7272,2560,368.6881866672468,230.10303704604596
7272,8851,404.3609516846743,270.3610237133842
7273,2560,348.3992484894611,232.16734013506502
7273,8851,420.4518272642474,261.38158820118497
7274,2560,328.02526061773733,236.44380487827888
7274,8851,437.10960001213834,251.8638384992209
7275,2560,307.52981334335686,242.3115557064479
7275,8851,451.6496000000018,235.9866666666668
7276,2560,287.3251199999936,247.66177777777852
7276,8851,465.1866668180162,215.55086471811634
7277,2560,267.17096000121956,253.03081483459212
7277,8851,479.0263999999979,193.13481481481887
7278,2560,246.27680000488905,258.26029637540415
7278,8851,493.41824009630955,170.1501484731096
7279,2560,224.7779199999968,261.06592592592426
7280,2560,203.8971200079595,255.88274069595096
7281,2560,184.1546909438921,247.16169675852106
7282,2560,166.4049393893447,234.0996050983306
7283,2560,149.39017205584491,237.7734512080012
7284,2560,141.89125175051345,239.35263895116665
7285,2560,141.82518153851106,238.41727635356636
7286,2560,141.843108826846,238.41091992558304
7287,2560,141.83880607664378,238.4302423803719
7288,2560,141.83380307693483,238.4175099714074
7289,2560,141.82685790063715,238.42417515836777
7290,2560,141.83070771908208,238.4201871492142
7291,2560,141.82606446611544,238.40653865555782
7292,2560,141.8272746666696,238.40015144033578
7293,2560,141.8320609523994,238.40867630812167
7294,2560,141.83696914291087,238.41805996489705
7295,2560,141.83459235957457,238.42142904680387
7296,2560,141.82889388281183,238.41304128997388
7297,2560,141.82881777799025,238.4146337443678
7298,2560,141.83130373627023,238.40790883196794
7298,5354,182.0455841220769,242.48134800589827
7299,2560,141.83733340662567,238.40134757858712
7299,5354,190.60793627389785,279.6047999051676
7300,2560,141.8345538461756,238.4061082621225
7300,5354,195.10656034581984,328.2551848705444
7301,2560,141.8356281564354,238.42010014476145
7301,5354,191.1360322632322,368.70622246783836
7302,2560,141.83427636407714,238.41774083518465
7302,5354,177.00693552483585,394.8808492885665
7303,2560,141.83345495327785,238.40862028381537
7303,5354,160.4596850016503,415.1978994323553
7304,2560,141.82983384615792,238.4181522181854
7304,5354,144.27244455476853,434.44182755938533
7305,2560,141.8393673846424,238.4246385023352
7305,5354,128.41726561028054,453.8468619837719
7306,2560,141.8460480000192,238.42219259245147
7306,5354,117.50292371162004,466.3286513284277
7307,2560,141.8378937705097,238.4286128315227
7307,5354,113.17328001857504,472.8257449261357
7308,2560,141.83933804499816,238.43582855516465
7308,5354,111.26234667491305,476.33753091097697
7309,2560,141.8398518518677,238.4466941014789
7309,5354,105.52000001309693,481.5557038435501
7310,2560,141.8382356284178,238.4491851851851
7310,5354,100.23120002018572,488.85342725372504
7311,2560,141.838304799428,238.44071957674817
7311,5354,99.33344000763212,494.4838814814814
7312,2560,141.82864914305696,238.44850793662408
7312,5354,99.68016000000148,496.2220740740737
7313,2560,141.82843530755008,238.44080198555108
7313,5354,99.73360000000753,496.17259259259237
7314,2560,141.82418419316602,238.42529299021174
7314,5354,99.73360000000753,496.17259259259237
7315,2560,141.82833185186152,238.42196982166163
7315,5354,99.73360000000753,496.17259259259237
7316,2560,141.8367182024394,238.42124178113866
7316,5354,99.73360000000753,496.17259259259237
7317,2560,141.83176880974088,238.4149029270053
7317,5354,99.73360000000753,496.17259259259237
7318,2560,141.83862400000973,238.42907654313626
7318,5354,99.73360000000753,496.17259259259237
7319,2560,141.8368711111293,238.42931687238078
7319,3826,13.999840002063594,290.536770328544
7319,5354,99.73360000000753,496.17259259259237
7320,2560,141.83846279321415,238.42417880495194
7320,3826,30.130400000514328,290.130785174727
7320,5354,99.73360000000753,496.17259259259237
7321,2560,141.85047339481798,238.40794155800492
7321,3826,47.42735999999809,284.3311111111109
7321,5354,99.73360000000753,496.17259259259237
7322,2560,141.83094505509416,238.40832071680262
7322,3826,67.35154909392008,279.88615494206795
7322,5354,99.73360000000753,496.17259259259237
7323,2560,141.84792814494247,238.4215554041178
7323,3826,87.79323742383895,277.15518098115433
7323,5354,99.73360000000753,496.17259259259237
7324,2560,141.84491169829016,238.42494199947194
7324,3826,108.03042087139943,275.332030941261
7324,5354,99.65343999999845,496.17259259259237
7325,3826,126.84734060978487,272.7736970440451
7325,5354,99.68016000000148,496.17259259259237
7326,3826,144.7214836401531,269.8901414911945
7326,5354,99.73360001248011,496.12564309764286
7327,3826,162.79857454851026,268.78519868361053
7327,5354,99.73360000832258,496.14129292929255
7328,3826,181.045793947535,270.4579931546618
7328,5354,99.73360000000753,496.17259259259237
7329,3826,199.2351975903489,275.2536159578651
7329,5354,99.73360000000753,496.17259259259237
7330,3826,216.91448728103865,280.7703433256166
7330,5354,99.73360000000753,496.17259259259237
7331,3826,233.6254516425754,286.6177884728471
7331,5354,99.25360005312541,493.71779894179843
7332,3826,249.74347200122565,292.1875110953369
7332,5354,106.69328003541636,481.20273015873005
7333,3826,265.97647999999936,296.35037037037114
7333,5354,107.76249618297243,460.15788121832514
7334,3826,282.484800002552,300.83804440033936
7334,5354,98.59250080076208,433.13941728026606
7335,3826,299.3752000006373,305.64551110008466
7335,5354,84.56578449078391,406.46995216058326
7336,3826,315.5280000000016,311.90251851851804
7336,5354,68.389729006974,382.9594069099314
7337,3826,330.8121454840625,310.0141012230408
7337,5354,52.085408165427225,360.0688882591887
7338,3826,346.3972945623209,300.9542223610642
7338,5354,35.28009617288944,336.802517859945
7339,3826,362.4040465568828,291.89223175253875
7339,5354,17.71576179530939,312.20036244185724
7340,3826,378.63976437672136,283.3547314303053
7341,3826,395.38498909361806,274.7955421117525
7342,3826,411.78988954951024,266.6578965769837
7343,3826,427.58646512637597,257.5253294608348
7344,3826,442.74133818475093,246.23863975507354
7345,3826,455.7560000000001,226.89185185185167
7346,3826,468.9041600000019,203.2367407407374
7347,3826,482.8142400000013,179.54192592592477
7348,3826,496.3650133950478,157.30908660879385
7430,1820,21.126336000284024,109.73605926002561
7431,1820,22.182144282797367,112.97539770127129
7432,1820,20.129302304147245,139.32707101861962
7433,1820,16.424124223553918,174.34599348937363
7434,1820,15.100408444639015,209.34085932944814
7435,1820,15.028685983588161,246.35753575011532
7436,1820,18.913226901037206,282.3402468557523
7437,1820,35.30457456353986,286.64454565702744
7438,1820,57.52761310292784,281.42742443430404
7439,1820,80.51709892042595,278.0918438901814
7440,1820,104.03452021669352,276.05652625147223
7441,1820,126.29101964091888,273.1806169274302
7442,1820,145.59198400104265,270.6160296508107
7443,1820,163.35050000090177,269.80220369969345
7444,1820,180.6717000018972,269.911557218107
7445,1820,197.60266910695577,271.8713668228172
7446,1820,214.04191597180613,277.0370727989415
7447,1820,230.55529334327446,282.6698146670792
7448,1820,247.39249819797575,288.62236679083276
7449,1820,264.6462852609375,295.2356886136955
7450,1820,282.5152466794037,299.68126025315354
7451,1820,300.71910445300944,303.4627599237409
7452,1820,318.73850134048666,307.5074690102806
7452,6576,15.58703999999807,281.4370370370365
7453,1820,335.9719593035186,304.56583522423375
7453,6576,35.01750400171887,283.10717033730003
7454,1820,352.53825455762126,295.5955219922992
7454,6576,54.55557236596974,281.7797320074964
7455,1820,369.06052445390003,286.0229383686772
7455,6576,73.90358731742482,278.1721211431667
7456,1820,385.4016089063953,276.683777946364
7456,6576,93.4980895578633,275.6466202097545
7457,1820,401.517046685496,267.59870388491413
7457,6576,113.79820800378751,274.36469636406736
7458,1820,417.2894200215609,259.1288668713008
7458,6576,133.44483200086188,270.8304444597125
7459,1820,433.12930669433285,250.79319533283018
7459,6576,152.4344000000042,268.95881481481456
7460,1820,447.4145921005771,237.67174853366478
7460,6576,169.56616727423238,269.0447541780925
7461,1820,459.65594145697133,219.17417816680594
7461,6576,185.194181818556,273.08552187785654
7462,1820,470.58185611854356,199.54114849685612
7462,6576,200.50465454878577,277.2928214989725
7463,1820,480.43617073034113,182.73448991789886
7463,6576,215.50407564068678,281.6435608825143
7464,1820,490.34120005576597,167.91165454768353
7464,6576,230.36468800086595,286.23460739546204
7465,6576,245.38671999999679,290.8146666666669
7466,6576,260.38528000000156,284.8582222222225
7467,6576,276.2356800140742,274.45274085740357
7468,6576,292.99172801703094,263.2601186395993
7469,6576,309.3477920033775,250.59625187483016
7470,6576,325.5929891067581,237.64395972670704
7471,6576,341.8340072766921,236.6924714131604
7472,6576,355.40660366042624,247.79756221917103
7473,6576,369.1975709151132,260.4646868510887
7474,6576,384.4800000000044,269.1851851851852
7475,6576,401.32671999999843,264.2915555555558
7476,6576,418.76480000000015,256.19037037036986
7477,6576,436.637309097971,248.25595970175064
7478,6576,451.92139933299586,231.13285679672546
7479,6576,466.2840480146258,209.03568894004354
7480,6576,481.028799999998,185.3902222222188
7481,6576,495.9679999999991,161.93081481481397
7506,10048,492.9757441575259,142.34888933196044
7507,10048,479.1028161062991,168.93423736132874
7508,10048,466.2086401576812,193.55108192370517
7509,10048,453.3700082326061,218.41453528250153
7510,10048,438.75927284528984,236.07867047360887
7511,10048,422.14878983705376,246.85705533735413
7512,10048,407.13574400774746,254.60654823006035
7513,10048,396.97626182217505,259.2740579605637
7514,10048,387.3048145622374,264.87683374047856
7515,10048,380.9710240217828,277.58268152957635
7516,10048,378.21958401283723,288.1899555978469
7517,10048,370.93843203215215,284.69051843094985
7518,10048,363.2298080251565,275.3483406438417
7519,10048,357.89113018683224,268.59808751845105
7520,10048,355.55825745544325,265.83607810913
7521,10048,355.3609210709817,264.9291761743
7522,10048,355.2498087138781,263.97627053588434
7523,10048,354.3707734053032,263.34967960900804
7524,10048,353.3822757948508,263.91110443040833
7525,10048,353.0108801275446,264.79276345659787
7526,10048,352.96914666782413,265.2160493842115
7527,10048,352.9475911137911,265.33660189350263
7528,10048,352.91904000127374,265.3053011244957
7529,10048,352.9170666668892,265.2331358029487
7530,10048,352.94147402206477,265.14263804607907
7531,10048,353.0236730516436,264.8817971059516
7532,10048,353.12314667473174,264.50785185975343
7533,10048,353.252845630019,264.1513087445193
7534,10048,353.7919652312405,263.668148212999
7535,10048,354.1754666689292,263.160469103608
7536,10048,353.9071250727966,263.31350879546255
7537,10048,353.58534264011837,263.66293729084435
7538,10048,353.55947932701383,263.5902724636554
7539,10048,353.57924941482565,263.61442751479467
7540,10048,353.47674435343833,263.76121741284766
7541,10048,353.3692000005078,263.83207407380183
7542,10048,353.3631257974355,263.80929253869544
7543,10048,353.3806260869585,263.86477938805774
7544,10048,353.3629066813364,264.1288395085952
7545,10048,353.35338126582656,264.40519305924926
7546,10048,353.2899756521806,264.4307761673668
7547,10048,353.28789333335976,264.3560740736659
7548,10048,353.3318917875147,264.38236822326934
7549,10048,353.2729530435165,264.4120644124022
7550,10048,353.2112533404529,264.4494321061894
7551,10048,353.2030500571989,264.65646520889766
7552,10048,353.19308522015376,264.953204511823
7553,10048,353.21509333362883,265.1200246928551
7554,10048,353.20023265789814,265.1309321997619
7555,10048,353.1462469569852,265.32556522441575
7556,7955,494.1002502748814,120.9650116976082
7556,10048,353.2540800326035,265.8274320252112
7557,7955,487.60552115156656,138.90936927940234
7557,10048,353.4312185730664,266.31769756636635
7558,7955,481.077589403975,155.4527661039684
7558,10048,353.5890434786688,266.53786151040526
7559,7955,475.45214548905506,169.26727281471886
7559,10048,353.60053333408587,266.5791604914294
7560,7955,468.8758661686711,183.1653653510732
7560,10048,353.643328310825,266.6437452032997
7561,7955,458.09956057855857,205.40211838005806
7561,10048,353.700577392068,266.6982608636221
7562,7955,446.37815937405435,224.32115020282328
7562,10048,353.7372533355346,266.7140000013144
7563,7955,429.24253142241696,227.14341450868392
7563,10048,353.7326384559242,266.7881309718174
7564,7955,411.2647926872376,228.7928424211303
7564,10048,353.76351304371497,266.784959741944
7565,7955,391.2967200013861,230.44205928049232
7565,10048,353.78261333346245,266.67995061850223
7566,7955,371.6657280012578,232.94127409815422
7566,10048,353.7426233840051,266.7025843662554
7567,7955,355.7686400000057,235.47955555555578
7567,10048,353.7423652189125,266.8029629651647
7568,7955,343.51875200009204,237.396385186444
7568,10048,353.84546666719757,266.86303704197667
7569,7955,331.42676072775885,238.5050693665862
7569,10048,353.96550879268716,266.8836564724093
7570,7955,317.66941090955356,238.97515152027717
7570,10048,354.0575095652616,266.80793558846403
7571,7955,303.56145600025457,240.02515556073823
7571,10048,354.0794133368547,266.7919259339733
7572,7955,289.20107200127285,241.61656298856028
7572,10048,354.0582315023005,266.96094256166435
7573,7955,274.6611520009458,243.26480001945816
7573,10048,354.04484174070603,267.05987116921983
7574,7955,259.9903999999981,244.51940740740775
7574,10048,354.05461333421954,266.92846912854674
7575,7955,245.13279999999895,246.02948148148164
7575,10048,354.1710686013255,266.9409611596012
7576,3182,491.737599999999,139.26814814814793
7576,7955,230.37711999999829,248.34607407407415
7576,10048,354.3506886968521,266.9680783628825
7577,3182,483.04959999999255,159.50592592592616
7577,7955,216.04414545497437,250.75877441791627
7577,10048,354.52072000007774,266.93786008232956
7578,3182,471.9503999999972,180.15555555555585
7578,7955,201.9457498209738,253.73023842562947
7578,10048,354.67742763345314,266.91696044894366
7579,3182,460.9243683692739,199.26785439347228
7579,7955,187.69747200427673,258.2337482010357
7579,10048,354.90618435178476,266.7607665152345
7580,3182,450.46184006274075,218.18244460183723
7580,7955,172.88932800012958,262.178118520936
7580,10048,355.1553600129376,266.40787656253127
7581,3182,436.0064124893313,222.86705949520692
7581,7955,159.71219200050427,264.346992602263
7581,10048,355.28606300221446,266.15295831722284
7582,3182,421.06050475157986,225.8589865422298
7582,7955,146.9371200000046,265.8108148148148
7582,10048,355.55862893282665,266.19922822428686
7583,3182,404.5987600099238,226.49040737412585
7583,7955,133.58940800044365,266.7324740811783
7583,10048,355.9607369724233,263.08683278542054
7584,3182,385.81760000000145,225.73333333333335
7584,7955,120.23104291129584,268.43609161871717
7584,10048,360.18809960100725,264.0374780011412
7585,3182,366.8707809545083,225.2791181478131
7585,7955,106.79732363813855,272.3883367315751
7585,10048,369.39331202939115,272.2170072702599
7586,3182,348.4946400006777,224.66392592187478
7586,7955,93.13985140955992,274.78658601524944
7586,10048,376.8556800003421,276.08811851766137
7587,3182,330.7756000143854,227.71977789878582
7587,7955,79.42612563859711,276.2792733603965
7587,10048,386.41640000192524,274.6130074470103
7588,3182,313.1525818403418,238.3025591226775
7588,7955,65.46696000182692,278.1712727616914
7589,3182,295.2359999999999,249.15037037037035
7589,7955,50.800160001982704,281.0465185526609
7590,3182,277.3680000000013,259.84074074074016
7590,7955,36.32068800014963,281.43737777484137
7591,3182,259.62240000000634,270.35777777777747
7591,7955,23.558112000586107,278.6738073956634
7592,3182,242.09664000228486,272.9182221789801
7592,7955,10.655431112347742,275.5274567731445
7593,3182,224.2055999999991,268.0703703703715
7594,3182,205.62203636698086,264.2841750200515
7595,3182,186.18421818322872,263.13097645825235
7596,3182,167.00159999999187,264.85777777777787
7596,8086,493.8665164364926,134.0624648409725
7597,3182,150.01024000931125,265.0525926622078
7597,8086,484.10582548742696,154.32822231650255
7598,3182,133.10960000000023,265.35185185185316
7598,8086,474.37228584868024,172.70070471871523
7599,3182,116.3168000101848,270.2377778817315
7599,8086,464.8290313036415,191.23209231957827
7600,3182,99.97088000070562,273.78059258578924
7600,8086,455.39131867384526,209.64946314425893
7601,3182,83.92268527758233,275.94092777008973
7601,8086,444.16275511537094,222.59845888015084
7602,3182,67.56000000000313,277.6614814814811
7602,8086,429.63492636689807,225.95663987854263
7603,3182,50.32799999999611,280.8496296296301
7603,8086,414.567031922631,228.59340817720454
7604,3182,32.64960000000201,281.7814814814819
7604,8086,398.02752000022167,229.34251851919086
7605,3182,14.639272734285669,277.4802692631697
7605,8086,381.157120000517,229.504395063298
7606,8086,364.6597600002701,229.26772221806746
7607,8086,348.13563333541765,228.4768580269847
7608,8086,331.7516818258958,230.52698996427324
7609,8086,315.6491629253236,240.25385804372968
7610,8086,299.21960801459363,249.05874825130846
7611,8086,282.4489599999999,254.43681481481352
7612,8086,265.501440000001,258.74733333333165
7613,8086,248.66463200032172,262.03640741363097
7614,8086,231.78540800124892,264.216911115265
7615,8086,214.1908080014332,264.36245923313083
7616,8086,196.03253381912737,263.425973054175
7617,8086,178.2635709098872,263.32309763076523
7618,8086,162.00312000000224,263.74600000000004
7619,8086,146.79008000000297,264.6221481481481
7620,8086,131.15688000000202,266.33192592592627
7621,8086,115.11814400066271,270.04530371631796
7622,8086,99.04788019797707,273.9423048837926
7623,8086,82.82704312499617,276.09511132683974
7624,8086,66.3964799999985,278.5830370370368
7625,8086,49.45479999999975,281.05859259259256
7626,7059,493.9905925802361,131.524304993335
7626,8086,32.338799999998855,281.0614814814818
7627,7059,485.44784000000163,152.09392592592218
7627,8086,15.1765800014158,278.1619444226642
7628,7059,476.3272840650052,170.66166563329244
7629,7059,467.1134569968387,188.8340363867249
7630,7059,458.042356349008,207.3631587570257
7631,7059,448.20427172411314,221.66476238248345
7632,3805,499.34824004234827,128.27551861214914
7632,7059,436.020324228449,226.17381447856587
7633,3805,490.2691200416615,147.27993614903446
7633,7059,422.4644200555371,225.61489277504853
7634,3805,480.77920001007556,164.41602023714984
7634,7059,408.20055400210776,225.31226060170994
7635,3805,471.3246794190514,181.4394664330945
7635,7059,392.56529454590464,225.2403501662452
7636,3805,462.2854683224506,198.78923164592678
7636,7059,376.4185600000019,225.00800000000032
7637,3805,453.27567999999985,216.3114814814806
7637,7059,360.28765091022933,225.9617104573435
7638,3805,441.5172602207975,224.49986298893654
7638,7059,344.09323636534396,228.88738050082958
7639,3805,428.12140603853436,227.1477624991358
7639,7059,327.4377852703003,232.1337857196919
7640,3805,414.12446477426266,228.39909730432174
7640,6503,491.42612803785534,137.34844453914218
7640,7059,310.62027790545244,235.6765304313897
7641,3805,398.7039709099434,228.55699663247364
7641,6503,483.12563201621856,156.58666670725063
7641,7059,293.8358400000004,240.25762962962995
7642,3805,382.6298836372831,228.38412121473928
7642,6503,474.45850188054806,173.84274091906548
7642,7059,276.80665600165645,245.35893335846825
7643,3805,366.4846981820921,228.50938720731983
7643,6503,465.6887521911136,191.28342523613773
7643,7059,260.1366240024845,250.6904741117757
7644,3805,350.3919200004981,228.36868013227553
7644,6503,456.9131535678094,209.05403753916696
7644,6685,497.4962183075718,105.56242445454389
7644,7059,244.1209599999991,255.77851851851796
7645,3805,334.10320000021784,229.0135084164775
7645,6503,445.8814976855149,221.54550341542011
7645,6685,489.9989688333676,129.50044375422266
7645,7059,227.88910545490126,259.4988686821043
7646,3805,317.74872727689683,233.38208760398493
7646,6503,431.9258205478269,225.69019568797532
7646,6685,483.090071165725,150.40798652265087
7646,7059,210.9334981823531,260.3985993194526
7647,3805,301.1378545472422,238.96187881440744
7647,5271,496.5459434254279,122.95538750030776
7647,6503,417.12622297368966,227.22455965160603
7647,6685,476.0440000000074,168.30888888888927
7647,7059,192.8915199999983,260.992592592592
7648,3805,284.5044799999988,244.54962962962924
7648,5271,489.0932000000066,140.7290370370371
7648,6503,400.85714400225123,226.16051357383736
7648,6685,468.62696590604855,183.81547997815196
7648,7059,174.7928000000013,262.9533333333329
7649,3805,268.66800000000467,249.40407407407372
7649,5271,482.3386399999987,156.47725925925516
7649,6503,383.77980000051537,225.15229630101507
7649,6685,460.8448460746047,199.00994841755514
7649,7059,157.7252800000042,265.4481481481481
7650,3805,252.7511200000066,254.1725925925924
7650,5271,476.5615999999966,170.52199999999962
7650,6503,366.609279999995,224.39074074074082
7650,6685,452.94850912113134,214.7173738329302
7650,7059,141.44032000000155,266.84725925925966
7651,3805,236.72231999999664,259.5397777777768
7651,5271,470.32106924386716,183.12261147238408
7651,6503,349.46527999999375,223.54007407407428
7651,6685,441.9023255310776,222.25129989128223
7651,7059,124.97823999999923,268.31466666666716
7652,3805,220.626959999999,260.925555555555
7652,5271,463.4187431948488,195.5191328810919
7652,6503,332.0607199999972,225.71511111111064
7652,6685,429.0600794116699,224.17670631359843
7652,7059,108.57552000030864,271.9655407424517
7653,3805,203.483200000004,259.2492592592588
7653,5271,456.4068799999972,208.34629629629674
7653,6503,314.12151200113897,229.38952594913496
7653,6685,416.2177558881808,226.1005150332682
7653,7059,92.11981089739766,276.0245552286691
7654,3805,185.83104000000048,259.2847407407395
7654,5271,448.7357889078726,220.9138772948036
7654,6503,295.91552800048873,235.14521482476235
7654,6685,401.6532363643307,224.8510437602542
7654,7059,75.11835634540375,277.83540320952517
7655,3805,168.18447272855792,262.8617508665294
7655,5271,437.4011273625303,223.20904082584892
7655,6503,278.31391999999937,241.8176296296295
7655,6685,385.8576000000028,224.57999999999979
7655,7059,57.87488000000167,280.3448888888897
7656,3805,151.66261745626682,265.68896838477184
7656,5271,425.80950455169733,224.77826873503437
7656,6503,261.1219200000005,248.86014814814828
7656,6685,369.76036363714684,225.9523232460725
7656,7059,40.3649600000017,281.0808888888889
7657,3805,135.3770770927423,267.3319677136761
7657,5271,414.07985844189454,225.9479188924578
7657,6503,243.92739637580914,256.129488364923
7657,6685,353.65120000074626,227.0638888970231
7657,7059,22.760693334574853,277.6492016243335
7658,3805,119.10341818238862,270.1999057353168
7658,5271,401.012545454613,223.80928619609807
7658,6503,226.42611273310877,259.55542834365076
7658,6685,337.4680000000069,228.52444444444498
7659,3805,102.69619200087334,273.47495557331024
7659,5271,387.0403490915385,224.32409428341015
7659,6503,208.1999600010732,260.33900942521603
7659,6685,320.93469091270777,232.03164989413682
7660,3805,85.81048305702211,275.91148324974466
7660,5271,372.69368000007665,226.20189629796593
7660,6503,189.087840000347,261.75218181774727
7660,6685,304.2054095387414,237.9619754983844
7661,3805,68.64987216826081,278.1550473377699
7661,5271,358.3639200007212,228.32684445947416
7661,6503,170.14160000000288,263.6525185185179
7661,6685,288.33359999999857,244.19481481481432
7662,3805,51.13620000047718,281.10536297254464
7662,5271,344.16415999999964,230.2000740740744
7662,6503,152.80328727335416,264.67173064409377
7662,6685,272.2623999999996,249.8170370370354
7663,3805,33.54897454720913,281.15521208711766
7663,5271,330.02078400008713,233.2943259276854
7663,6503,135.83209454572682,266.33635017021896
7663,6685,255.46546667391112,255.25802478934034
7664,3805,14.982654549036736,278.01821542284233
7664,5271,315.66329600079376,237.06834075658588
7664,6503,119.04536000000233,269.8511111111108
7664,6685,238.52064000178075,258.2944444809001
7665,5271,301.4302399999997,241.2553333333336
7665,6503,102.14191999999912,273.34896296296216
7665,6685,221.58064000079207,259.94733333889576
7665,10087,499.51512739498867,114.39878815107707
7666,5271,287.42536000000086,245.9824444444445
7666,6503,84.7122768472542,276.0124351275932
7666,6685,204.3200000000013,261.238518518518
7666,10087,490.1696800568061,139.02303715063024
7667,33,489.15870015132725,146.43187075322328
7667,5271,273.1474399999979,249.9529629629631
7667,6503,66.98906098797409,278.36455688359683
7667,6685,186.05250909183155,262.65434344538517
7667,10087,482.91636367936235,156.94175095728346
7668,33,478.8762801683731,167.90444488269185
7668,5271,258.6290400002554,254.1454296340282
7668,6503,48.87842181881866,281.23407408691946
7668,6685,167.93199999999615,263.56518518518544
7668,10087,474.6240000000057,173.22222222222194
7669,33,468.1782345633849,189.14332292930513
7669,5271,244.15392800243976,258.9208815233428
7669,6503,30.788160000000175,278.67659259259227
7669,6685,152.1372000011297,265.0288889116892
7669,10087,465.9317472699058,189.48789429340707
7670,33,457.0883545609149,210.5060636860836
7670,5271,229.50063200100544,260.15480002059155
7670,6503,12.715810912167738,272.5302289050433
7670,6685,135.99759999999605,266.05333333333346
7670,10087,457.2216000000026,206.12444444444034
7671,33,443.6088518833998,224.40441608915185
7671,5271,214.95544000000052,260.62681481481434
7671,6685,119.9696000000074,267.1800000000004
7671,10087,448.8502060642702,222.8207878636581
7672,33,426.8196945205631,228.03957634497073
7672,5271,200.06154909100644,262.1679865337276
7672,6685,104.21759999999836,273.2148148148146
7672,10087,434.10835031239117,224.3769902365349
7673,33,408.42964271394635,228.6159551213176
7673,5271,184.5447418190463,263.19410102577524
7673,6685,87.24930436595741,275.41229719310013
7673,10087,419.3664216549223,225.9317099978606
7674,33,388.70144000325126,228.76227611701384
7674,5271,169.50367272736855,264.4968013489022
7674,6685,70.34894545602697,278.0096296595891
7674,10087,402.6745454592515,224.52323224221638
7675,33,368.81144000138306,228.85281481097164
7675,5271,156.51801454637734,266.0323973253003
7675,6685,53.255999999993264,280.45037037036957
7675,10087,383.63024000510677,225.2681482290626
7676,33,349.12720000116906,228.3618518431547
7676,5271,143.68200000000343,267.44103703703684
7676,6685,36.269600000008495,276.4740740740741
7676,10087,364.6366400031752,230.0302222815047
7677,33,329.6137400337955,232.31851888325838
7677,5271,130.75808000000677,268.47666666666646
7677,6685,19.14560000000165,272.5799999999998
7677,10087,346.0864000000072,233.0296296296297
7678,33,310.09014004683024,240.58313187279046
7678,5271,117.80120000000068,269.3111851851848
7678,6685,1.9279999999980646,266.8185185185183
7678,10087,327.15472000391514,237.52377784639057
7679,33,290.1288400233426,248.08142792526235
7679,5271,105.10690579266054,272.78242046474975
7679,10087,308.0856800049844,242.13659268032362
7680,33,269.74327638756677,255.34644476521873
7680,5271,91.64704689548218,275.2222669912028
7680,10087,288.5695999999996,247.391111111112
7681,33,249.47741820876388,262.91747509209483
7681,1821,495.3717019249325,131.0795019108435
7681,5271,77.95597285341728,277.057308239089
7681,10087,268.8736000000006,252.8088888888904
7682,33,229.57338183724687,268.757721715567
7682,1821,489.2005455607517,144.5498656132993
7682,5271,64.16250909111511,278.83383165358345
7682,10087,249.15040000551585,258.13518527064525
7683,33,210.7865600450026,264.9755429080871
7683,1821,481.05729708005924,159.87377137653257
7683,5271,49.99084363844645,280.8320202317183
7683,10087,230.0421818202608,262.01535357803095
7684,33,195.44736005566676,252.87671013686807
7684,1821,472.34048261918525,177.3392881488236
7684,5271,35.62323636571591,280.31515147856464
7684,10087,210.38159999999948,261.9799999999999
7685,33,187.83012223998696,245.33404779160105
7685,1821,463.82199928181643,195.67021406194618
7685,5271,21.155292002259216,276.917055515999
7685,10087,190.27163636546334,261.2721885880054
7686,33,186.9096388892359,244.2259979458119
7686,1821,455.07357739819264,213.96011816013427
7686,10087,170.46618181954045,262.97831652460314
7687,33,187.09077888939018,244.35831070112934
7687,1821,442.7027582120445,224.89257944574547
7687,10087,152.8811200010523,264.37777779646
7688,33,187.07478045479886,244.43027492638535
7688,1821,426.28218881504836,227.5600783560967
7688,10087,134.9353600007703,265.23985186219454
7689,33,187.08156120746082,244.40594366638658
7689,1821,408.5137215983963,227.61335764773082
7689,10087,117.24560000809561,269.56874083735903
7690,33,187.09764297527727,244.36350413239305
7690,1821,390.94051363999824,225.7624073331419
7690,10087,99.1359999999986,273.92444444444465
7691,33,187.03365333599322,244.25985801349782
7691,1821,376.13000454822156,223.6088720015732
7691,10087,80.09487162253777,276.41798125860385
7692,33,186.44365333594237,243.9943765320165
7692,1821,363.2689745485493,221.06935347658884
7692,10087,60.86014545655871,278.7907071115898
7693,33,181.15200005318854,252.09567930002552
7693,1821,350.6645745531273,219.4359192406632
7693,10087,40.94662857224307,281.86857144067477
7694,33,166.9291273280436,262.6206288358053
7694,1821,338.13405456031086,222.32488231766757
7694,10087,21.095418188104986,276.17239046694596
7695,33,147.99974546062913,265.73572402143265
7695,1821,325.50416365308763,227.9851853748154
7695,10087,1.0600000000010823,269.83185185185187
7696,33,128.79038485759224,268.5231511258368
7696,1821,313.08466364756384,232.94430569414936
7697,33,108.94340667392157,272.4040803854213
7697,1821,301.14270000550505,237.19452785929462
7698,33,88.19744541271177,275.52529464285504
7698,1821,289.1976000052978,241.15466674529839
7699,33,66.86180541480553,278.25766505301243
7699,1821,277.01053334514825,246.19037048975346
7700,33,45.39502223749139,280.13493820990055
7700,1821,264.9159515353915,252.43383857138735
7701,33,23.937422241272085,276.9342713335337
7701,1821,253.03888486537008,258.5712459571465
7702,1821,241.4880266811707,264.04074087643716
7703,1775,494.893834152034,131.60782157909102
7703,1821,230.91437819840905,269.46727287271386
7704,1775,484.7944237127024,152.746983405863
7704,1821,221.26181819068336,275.32662465610326
7705,1775,474.4609005483852,172.8072858261136
7705,1821,210.60730001124455,273.6516665982731
7706,1775,464.3210908304877,192.79403303923414
7706,1821,199.54836668642315,265.6234257867864
7707,1775,454.1658262533389,212.16158114800155
7707,1821,188.12320001076444,262.2716049014864
7708,1775,442.3799028115537,224.60781430036337
7708,1821,174.9032333365449,263.4477469783083
7709,1775,427.65736313332644,226.13474415293445
7709,1821,160.9554200044954,265.68354946876616
7709,8947,3.4424000000012707,289.5874074074074
7710,1775,412.6416693857573,227.21975728584255
7710,1821,146.142986670759,266.14716051254675
7710,8947,19.48399999999992,290.043703703704
7711,1775,394.94272038588974,224.44424716607324
7711,1821,131.33950303274844,266.64200896653153
7711,8947,35.44268800022451,287.2593629675939
7712,1775,376.8685714332384,222.50549197162027
7712,1821,113.32710303403815,270.61237942184914
7712,8947,51.21616000147811,282.05736299133656
7713,1775,359.0984040008681,219.53003702255725
7713,1821,90.35737854473496,274.98279962022656
7713,8947,67.40510258888321,279.9528600170025
7714,1775,341.31465696095796,216.63072122486372
7714,1821,66.29525733580977,277.98331595904324
7714,8122,495.9079165081505,127.90058652803782
7714,8947,83.56204234668326,277.76367695232017
7715,1775,323.46694857885376,220.10015886332312
7715,1821,43.51642547763106,278.8274174901655
7715,8122,485.6704000000036,148.74814814814806
7715,8947,99.99259200115262,275.8816740944956
7716,1775,305.64608000000135,227.04355555555432
7716,1821,26.190040022416387,275.4897405377452
7716,8122,475.3664000000015,168.84296296296242
7716,8947,117.03846981952097,275.0972552350812
7717,1775,287.5803999999931,235.70688888888824
7717,1821,13.232240009193672,270.5773332142019
7717,8122,465.55757048540727,189.04538165466755
7717,8947,134.3716712810658,272.87195435775203
7718,1775,269.6555466710362,245.1359718255115
7718,8122,456.0033600589975,209.29103718272745
7718,8947,151.57078693157473,270.1551707652932
7719,1775,252.35475204042075,253.7201649629932
7719,8122,444.6140246018672,224.46101293871345
7719,8947,168.42884363713438,269.3909629738025
7720,1775,236.1470080097257,260.919766800551
7720,8122,430.41174180805797,230.9245369915429
7720,8947,185.1987680006039,272.44521480530693
7721,1775,219.37714000020492,262.47553333740314
7721,8122,414.8499107302598,229.22410344903722
7721,8947,201.65683200280455,278.01467403107273
7722,1775,202.1354454568268,262.38530172115946
7722,8122,396.89992000108987,229.19103703629574
7722,8947,218.11032000245973,283.0437777439374
7723,1775,184.83535099944731,263.6920901239956
7723,8122,378.8028000180077,230.25444481374245
7723,8947,234.58450909582325,288.28870026343446
7724,1775,166.73501714698432,265.0882117058995
7724,8122,360.3744000000063,232.9577777777776
7724,8947,251.58683636853652,293.4386531286941
7725,1775,148.34215999999856,266.6633333333337
7725,8122,341.95359999999937,235.53703703703687
7725,8947,268.96752000000106,298.49555555555594
7726,1775,130.55574545601303,268.0380134928082
7726,8122,323.4346909134729,237.53703711638542
7726,8947,286.24273454577065,303.30126598684745
7727,1775,113.33383120962935,271.57479590260516
7727,8122,304.85000000375067,241.50370376796727
7727,8947,303.61646961212165,305.17863007536386
7728,1775,96.66311839422804,274.6025404060266
7728,8122,286.4061420904193,246.9664777573828
7728,8947,321.1846420819177,306.6898066246866
7729,1775,80.02601500627691,276.5745280968086
7729,8122,268.3495999999991,252.5940740740731
7729,8947,338.38851117857985,304.0301261357765
7730,1775,63.226004000625835,278.7875074185533
7730,8122,251.24660000132053,255.13833335977543
7730,8947,354.95218286264054,295.6377566644845
7731,1775,46.23363600562925,281.6140852855011
7731,8122,234.07840000205624,258.5599327015449
7731,8947,371.8837527317339,285.4576700685354
7732,1775,28.96014476335552,280.3747583534626
7732,8122,216.39440000099626,259.96276096034364
7732,8947,389.0194909269269,274.8860876815631
7733,8122,198.16960000000563,261.62370370370303
7733,8947,406.5134666727431,265.5601482077854
7734,8122,179.8129454553873,262.82713805761307
7734,8947,424.36252123917484,255.9573335980174
7735,8122,161.92160000097715,263.4762289627623
7735,8947,442.52021819280117,244.28192603044653
7736,8122,144.76159999999823,263.60888888888945
7736,8947,459.08710402409383,225.5786519280232
7737,8122,128.19464000518224,265.2252593388438
7737,8947,474.4815894597184,201.20441029780034
7738,8122,113.06559999999877,271.0999999999983
7738,8947,491.1962134533394,178.5503214539368
7739,8122,97.9440000000011,274.1111111111112
7740,8122,82.52912526727982,276.1847935060133
7741,8122,66.67224000186707,278.4898518888983
7742,8122,49.56814545580528,280.9600673653272
7743,8122,32.59730909277323,279.1195285852721
7744,8122,17.48336005108513,272.0655547898827
7745,8122,1.578400049385209,267.3218511127191
7781,4744,492.8015449300392,145.4990281110926
7782,4744,480.7541122073701,168.85899320357467
7783,4744,468.6464161555932,191.2641815222613
7784,4744,456.8533121361668,213.37830491229082
7785,4744,443.45338113487406,232.56771495169693
7786,4744,426.6380042144908,244.8881209675289
7787,4744,407.1742691022041,253.07934023635315
7788,4744,386.17245576615574,257.0086508662459
7789,4744,365.82698668926923,249.4099570988315
7790,4744,345.4740444655124,239.16569076683513
7791,4744,326.9327752593256,243.2836813728878
7792,572,482.7040960883289,154.38506688183006
7792,4744,308.9526222817142,260.7468112867555
7793,572,465.0430456043716,190.44102887234527
7793,4744,291.2940116520804,280.5371439720883
7794,572,446.43531218737166,221.39446094646286
7794,4744,273.3961093838446,299.95565132963907
7795,572,424.26990341185615,242.2699899387393
7795,4744,255.16080740910408,318.8814094724586
7796,572,398.24159999999665,254.48296296296303
7796,4744,237.29326555611578,337.90039649394885
7797,572,372.09984000000077,263.0957037037045
7797,4744,219.17975283457056,356.82251909431704
7798,572,354.48000000000206,268.7946666666667
7798,4744,201.20102473681186,375.3962458790845
7799,572,348.7099680000267,270.70825185209026
7799,4744,183.34700450485226,394.8838356830902
7800,572,348.2802746676952,270.6114395037693
7800,4744,165.18920901705997,415.02189361096396
7801,572,348.2434257807722,270.57303868002225
7801,4744,147.1638081477431,434.97031180585566
7802,572,348.1854826682138,270.7283851842539
7802,4744,129.52816537292392,452.2903640554694
7803,572,348.29734400350276,270.96103703425104
7803,4744,113.05537786007903,445.114123192089
7804,572,348.3307093561791,271.37421236459727
7804,4744,98.12004218125706,425.7267229298951
7805,572,348.2362666803396,271.8457382854551
7805,4744,83.7779929046576,404.7128613277635
7806,572,348.15391999999855,272.3740740740741
7806,4744,69.6542485564089,383.9768053243762
7807,572,347.8870712977357,272.8797964442342
7807,4744,55.045355897258325,364.09529596622514
7807,10182,3.088581818432203,289.61811447307764
7808,572,347.58055419848915,273.14149392578526
7808,4744,40.496419065467535,343.37466070624134
7808,10182,17.9634472737348,292.1174949293457
7809,572,347.2635093334941,273.24341728490253
7809,4744,25.781248127018443,322.6644439351343
7809,10182,30.480959999999868,292.1970370370375
7810,572,347.00772622272325,273.2254386896431
7810,4744,10.567352983022147,302.89953212273457
7810,10182,42.17566545487444,284.6036767610289
7811,572,346.8564800002605,273.1719012384888
7811,10182,56.22506181949916,281.34285519226296
7812,572,346.7223999999987,273.0934814814816
7812,10182,72.15458997608721,279.0016410060725
7813,572,346.56372000039596,272.91185184793477
7813,10182,88.59579990434554,276.5252306909591
7814,572,346.42664000026457,272.7693333307224
7814,10182,105.38159999999948,275.1517037037037
7815,572,346.39061333491554,272.7600493803979
7815,10182,122.24287999999432,274.9060740740736
7816,572,346.40849422780207,272.8250501930856
7816,8648,4.737599999997429,292.56518518518493
7816,10182,139.10092800015832,270.68586666740543
7817,572,346.3907235585748,272.7949991695351
7817,8648,25.672000000612343,290.74484849715844
7817,10182,156.23724533623204,269.4577012129322
7818,572,346.34688000002365,272.68619259276016
7818,8648,45.7391040029745,283.1555273326498
7818,10182,173.1973333423889,271.6547159510141
7819,572,346.30597009212124,272.63259739464377
7819,8648,66.96446787380296,279.95972293786497
7819,10182,189.40868800097746,277.2838666533353
7820,572,346.2842289502942,272.6395719255732
7820,8648,88.79376385078672,277.089889566402
7820,10182,204.88212533919523,282.41608387621443
7821,572,346.3239146666729,272.6622024690737
7821,8648,111.1894521233228,274.54734010412074
7821,10182,220.25061334109978,288.26083942184823
7822,572,346.3792920883907,272.7005170780401
7822,8648,133.9417066691533,272.04044449466005
7822,10182,235.57855999999674,294.1157037037041
7823,572,346.3929170959659,272.70481440322004
7823,8648,156.46511999999805,270.15659259259286
7823,10182,250.56623999999945,298.8437037037046
7824,572,346.32977600002846,272.6921481485294
7824,8648,178.62399999999636,272.95674074074117
7824,10182,265.6641599999932,300.1488888888888
7825,572,346.23836800066334,272.62635555598536
7825,8648,200.10024000173985,280.4259407162855
7825,10182,280.17839999999865,297.7743703703708
7826,572,346.2103893337656,272.5459160494994
7826,8648,221.42928000700408,287.56598508736755
7826,10182,294.54592000000054,300.89407407407356
7827,572,346.2479466666685,272.51386419763946
7827,8648,243.29201454667896,293.6688484648351
7827,10182,308.70523636483995,305.96430974941666
7828,572,346.27024977783213,272.5869415633029
7828,8648,265.4802181867012,298.3576160815624
7828,10182,323.22549818841935,310.4028955797045
7829,572,346.2781422257308,272.6040666595875
7829,8648,287.14320842869597,302.2304716040669
7829,10182,337.75997092167586,307.86828561541444
7830,572,346.30142578090386,272.5844855923827
7830,8648,308.2171537147564,304.79729382367515
7830,10182,351.794429115182,298.5675799318832
7831,572,346.2827134286181,272.7108209021123
7831,8648,329.8842181830332,302.8641212327432
7831,10182,365.80923637409796,289.2200674275929
7832,572,346.2882563594587,272.7218367055955
7832,8648,350.73851485186765,297.97842668332805
7832,10182,379.97152000000256,281.6248888888877
7833,572,346.33332861936765,272.66551176578236
7833,8648,368.23515514613865,293.2669768959724
7833,10182,394.24326666813386,274.61308643724936
7834,572,346.3084137506439,272.6749955122518
7834,8648,378.4855466692011,291.8303210276683
7834,10182,408.43579526395615,267.47647217219736
7835,572,346.29899200292925,272.75760494765586
7835,8648,382.4586417783587,295.3190584328247
7835,10182,423.26083436572276,260.0261353224269
7836,572,346.3077600062468,272.85652839187446
7836,8648,381.99064526233656,295.065108817963
7836,10182,438.1793599999969,250.84740740740807
7837,572,346.3324493173161,272.84141634171164
7837,8648,382.0145004438473,295.1692102022907
7837,10182,451.7816320115344,235.29500744840126
7838,572,346.3755173198763,272.78042955158367
7838,8648,382.0623310633948,295.62322411364715
7838,10182,464.2215680461163,215.39632608990345
7839,572,346.35474666667164,272.79310123452547
7839,8648,382.0034819022669,296.1554195623155
7839,10182,476.66289628803156,194.53589721273156
7840,572,346.34168444446686,272.76503292158714
7840,8648,382.1978588620118,296.5284428499475
7840,10182,489.278945152123,173.4391444064689
7841,572,346.3284533333456,272.7160181068653
7841,8648,382.37665327233464,296.65767780985306
7842,572,346.32621600011817,272.64965679003825
7842,8648,382.5269964396841,296.6602781069627
7843,572,346.28109333353444,272.58905514394047
7843,8648,382.57903642532716,296.63001448475956
7844,572,346.1952640000777,272.5435555555318
7844,8648,382.5966631111203,296.6374930041213
7845,572,346.15561600024876,272.46663703590343
7845,8648,382.5833636584457,296.6354106797837
7846,572,346.14061867132136,272.4229925900774
7846,8648,382.54967063375375,296.6753933360797
7847,572,346.15027200298755,272.47303703586437
7847,8648,382.53665733338494,296.6348395051943
7848,572,346.17568000000915,272.4981481479498
7848,8648,382.3911870626103,296.53278456739974
7849,572,346.18194666796285,272.4250864106696
7849,8648,382.293583964929,296.54178287619936
7850,572,346.0969066675261,272.3049053438269
7850,8648,382.2333979692701,296.53598994755725
7851,572,346.04094933364536,272.280765434276
7851,8648,382.19771022224904,296.48252510268105
7852,572,346.0435022226477,272.30026831392394
7852,8648,382.19249422226534,296.49053168655695
7853,572,346.0335573334794,272.20722962943955
7853,8648,382.1848960000375,296.4864353909045
7854,572,345.9734837990902,271.9884742372971
7854,8648,382.18669067194014,296.51892674880173
7855,572,345.8826516680051,271.7929283979845
7855,8648,382.16804624276955,296.47674074074007
7856,572,345.8574638679682,271.71053161664724
7856,8648,382.06740000002355,296.4113827158565
7857,572,345.9008560002713,271.5438296294848
7857,8648,382.0088562040678,296.30424201626494
7858,572,345.90735466890584,271.2590469095004
7858,8648,381.9773528159601,296.29588082497537
7859,572,345.8801671124797,270.99478189034886
7859,8648,381.9793920001632,296.3248855952505
7860,572,345.81412266685334,270.8470222231132
7860,8648,381.96842728430624,296.29296596201925
7861,572,345.85200282306346,270.8878993681174
7861,8648,381.96113580510655,296.3306626152813
7862,572,345.9929251412166,270.8532563684729
7862,3447,493.0889434196246,129.0974776238345
7862,8648,381.9558515604888,296.3451267560655
7863,572,345.9826800048063,270.71262962023957
7863,3447,486.43265458992687,158.42096975047548
7863,8648,381.92336429546344,296.2938736129581
7863,8753,493.4388643124276,133.35839969202667
7864,572,345.9485786703044,270.60524197490497
7864,3447,476.39992000000063,182.3559999999973
7864,8648,381.91404118188643,296.27270103579394
7864,8753,486.8064501940154,151.01786004904838
7865,572,346.0007057780684,270.47633416028316
7865,3447,464.1289093047692,203.80165051946065
7865,8648,382.02827466749795,296.2477020536536
7865,8753,479.9972950869636,167.65111869655058
7866,572,345.99720000239705,270.2625185162697
7866,3447,451.19983973145503,225.0805231790547
7866,8648,383.48739645123146,295.72076874336295
7866,8753,472.04362736200886,182.50496671029825
7867,572,346.0051813362543,270.18854073847143
7867,3447,435.3451801136549,240.76828863415446
7867,8753,463.94272241032354,197.30868207829744
7868,572,346.05556088977096,270.2113892998983
7868,3447,417.03890182173154,251.14256569377758
7868,8753,455.84376663213277,212.97556090903225
7869,572,346.12635200044105,270.121432099943
7869,3447,397.7424000172823,260.50251870513995
7869,8753,441.76790206052993,226.39334516231767
7870,572,346.0939813389575,270.2671720315275
7870,3447,378.2023200074121,271.0340000799807
7870,8753,425.03199879157364,233.19092885641913
7871,572,345.96864889244443,270.58100083256596
7871,3447,359.7700000000066,286.1331111111114
7871,8753,408.27878774718494,224.1268304251962
7872,572,345.9140632143328,270.5804714508295
7872,3447,342.3965599999991,303.71281481481515
7872,8753,391.7279486557243,223.9629578119775
7873,572,345.9638288114172,270.2385858984628
7873,3447,326.5610560272956,321.4001408653842
7873,8753,374.9991583968392,225.90642353569845
7874,572,346.0060622234653,270.0393415591
7874,3447,317.42117244457916,331.80949286818606
7874,8753,357.9028084923482,228.37836564907343
7875,572,346.03870400533197,269.96803705138416
7875,3447,315.0082694102736,334.0193736421673
7875,8753,340.81161766709727,231.3880904368164
7876,572,346.0585546703328,269.8835481581414
7876,3447,314.7909371779565,333.96428563954663
7876,8753,323.9825870667977,236.63026887108995
7877,572,346.05612800007407,269.85100740769343
7877,3447,314.82895291388957,333.96453204423284
7877,8753,306.9501484350371,243.37984591688365
7878,572,346.1305087297569,269.8291819158252
7878,3447,314.83235124914984,333.90824330281043
7878,8753,289.85268034499825,250.12731818659972
7879,572,346.19781215519197,269.75296173481735
7879,3447,314.7935771430002,333.88083950562765
7879,8753,272.9104506962881,257.35689202759306
7880,572,346.16979977912365,269.717959482022
7880,3447,314.7850773333556,333.8654650211128
7880,8753,256.40022688609633,263.1264557388124
7881,572,346.01141333770556,269.9556197573332
7881,3447,314.7947322500522,333.90293325591267
7881,8753,239.16229108619464,263.3152141578026
7882,572,345.8990940318472,270.20733764789395
7882,3447,314.77250125001603,333.91020949053063
7882,8753,221.7309300621497,262.57439494931356
7883,572,345.9086167600276,270.22278915706545
7883,3447,314.7495226668224,333.87577078223063
7883,8753,204.15925870278102,261.97691497676925
7884,572,345.8794933345541,270.2684814866767
7884,3447,314.7489840009308,333.87117160250955
7884,8753,186.27549429706846,262.82801196222107
7885,572,345.7916622301343,270.51763167933854
7885,3447,314.77241142894,333.90171428461167
7885,8753,168.0204951667213,264.96115381303787
7886,572,345.7372800047358,270.82405074688
7886,3447,314.78242133335135,333.9631975307302
7886,8753,149.69550929539935,266.40853333450366
7887,572,345.72939668617323,271.0497474891518
7887,3447,314.78328200096996,334.0335543990922
7887,8753,130.91216376137993,268.4999456254702
7888,572,345.7251977926819,271.22686375880824
7888,3447,314.7793700004098,334.00340162079914
7888,8753,111.78820736278625,272.74620058750475
7889,572,345.7237866679327,271.39548642015865
7889,3447,314.78474311146385,333.9882078185981
7889,8753,91.82898505280264,275.58824824395936
7890,3447,314.77759466711973,333.99341769638727
7890,8753,71.45013785413084,278.0369035741703
7891,3447,314.7779657144122,334.01388007099973
7891,8753,50.87010266489188,280.6697945369834
7892,3447,314.7884000009458,334.0067818954324
7892,8753,31.819277489797177,279.73146395923567
7893,3447,314.7838666673141,333.96635390859706
7894,3447,314.79411428582347,333.9326701931855
7895,3447,314.80359776546095,333.8799503410563
7896,3447,314.80975523288015,333.90606690127413
7897,3447,314.8130400000332,333.924740740851
7898,3447,314.797969779616,333.9146098761661
7899,3447,314.78024355634943,333.92699506153156
7900,3447,314.7730552380978,333.93460317458823
7901,3447,314.7757924453942,333.9540489702437
7902,3447,314.77294977831724,333.9797905354138
7903,3447,314.7756304762447,333.9521128751399
7904,3447,314.71488938570593,333.84304324250235
7905,3447,314.6979773558246,333.82677867439867
7906,3447,314.6838742857278,333.8328994712443
7907,3447,314.66748800005917,333.8091604936293
7908,3447,314.6667339369907,333.78340024609753
7909,3447,314.6500722586967,333.73484349175
7910,3447,314.64799999999855,333.70096296296305
7911,3447,314.65493300453204,333.67707392211446
7912,3447,314.67754271622766,333.6261216279963
7913,3447,314.6660602490499,333.5707739738241
7914,3447,314.67663407500766,333.5766374057563
7915,3447,314.6965904761947,333.5895414462766
7916,3447,314.6802733344964,333.6223518570942
7917,3447,314.6435800027433,333.70457408722575
7918,3447,314.62745142952883,333.7351111157849
7919,3447,314.63711111113014,333.7441399176133
7920,3447,314.64840355559033,333.7431753084965
7936,7734,489.5168328640449,149.105185518408
7937,7734,475.45020377017124,178.1506670554156
7938,7734,460.57144314520934,205.21623492711007
7939,7734,444.58955241537694,229.55688101444704
7940,7734,425.6567444625608,245.0570366888356
7941,7734,404.28490290325385,254.3453444747896
7942,7734,381.9531636521822,256.40882140650655
7943,7734,361.05544727949734,244.401717110724
7944,7734,340.0164799999959,232.4119259259254
7945,7734,319.71584730268495,239.12224933671956
7946,7734,300.2870879279686,256.25956034723754
7947,7734,280.6419800155709,274.208666763462
7948,7734,259.83413333418525,287.8685802347654
7949,7734,242.00632000036762,288.8287777725722
7950,7734,230.31776002113077,279.27900609258006
7951,7734,219.4451200124536,267.57395670827447
7952,7734,204.0828000014517,260.33870368336665
7953,7734,187.92400458981263,248.6539947647064
7954,7734,174.87994274675145,234.72920409792275
7955,7734,164.1374617100587,231.86274820188845
7956,7734,154.76263270770914,234.1966454461748
7957,7734,146.39386687607953,236.80750578543598
7958,7734,142.7243636363977,238.39420202041572
7959,7734,142.048920606166,238.5443608314788
7960,7734,141.95974000004068,238.44975925962774
7961,7734,141.95094000065126,238.4378333322681
7962,7734,141.93358000031594,238.4386296291734
7963,7734,141.9541600000167,238.45509259259234
7964,7734,141.95110055249245,238.46302844263545
7965,7734,141.93230976148982,238.43258890855145
7966,7734,141.93052000038676,238.4254814811697
7967,7734,141.93746000000488,238.41103703703715
7968,7734,141.9390066667023,238.4240123456245
7969,7734,141.93848000000915,238.43937037034647
7970,7734,141.9379800005862,238.4527222239654
7971,7734,141.93584000026078,238.45851851929245
7972,7734,141.94858000000178,238.45557407408523
7973,7734,141.91380000009985,238.44149999888177
7974,7734,141.92472331505087,238.46065981156795
7975,7126,495.4888002186806,135.0491364294628
7975,7734,141.9093785635738,238.45920605701477
7976,7126,474.1512001465537,175.28370415284323
7976,7734,141.92620692749074,238.44812124765102
7977,7126,453.0536002605288,214.3207415077244
7977,7734,141.9333334451585,238.45605990049924
7978,7126,426.20038497119026,224.13494650625432
7978,7734,141.9384600000194,238.4596481484531
7979,7126,396.55093333479385,225.605185185185
7979,7734,141.9420200000201,238.46742592546667
7980,7126,364.73786667305603,228.69975321890433
7980,7734,141.92320666718047,238.4666481485005
7981,7126,332.6935999999989,233.8392592592573
7981,7734,141.89332000021182,238.43344444467985
7981,10221,494.70440014633255,132.98066704961653
7982,7126,303.7112000820059,258.14000051568684
7982,7734,141.91948110498402,238.43192592592644
7982,10221,483.2502403586261,157.23200091549992
7983,7126,275.57360007343163,284.65012385737845
7983,7734,141.93353418786558,238.43895555562744
7983,10221,469.15848040057995,188.25688988592515
7984,7126,247.95973346016922,313.88469197246604
7984,7734,141.93119200000694,238.43889629632665
7984,10221,453.7934548512908,217.17380563243282
7985,7126,220.75546679340619,344.40321046214575
7985,7734,141.9341854749149,238.42958203994868
7985,10221,435.3498504430206,236.92465409504692
7986,7126,193.78240012740093,375.11925984376427
7986,7734,141.93253567974864,238.44250958663937
7986,10221,414.06936004263457,249.89622263340672
7987,7126,167.17306686167603,406.93407494179445
7987,7734,141.928940000011,238.44342592586344
7987,10221,388.43047282978773,263.1608764439153
7988,7126,140.63120018295763,439.50617360788823
7988,7734,141.91447337134377,238.4450006108767
7988,10221,360.3491429439316,283.9518524388192
7989,7126,118.84906682488463,472.9343212481771
7989,7734,141.93368287449118,238.4521589895938
7989,10221,330.2626666747585,306.0140742307154
7990,7126,116.86640000017974,478.73730639730616
7990,7734,141.92060000045387,238.4458888878731
7990,10221,298.15936001843966,303.35081498981833
7991,7126,116.90639999999917,479.7651851851852
7991,7734,141.93420000022286,238.4564181045028
7991,10221,267.0949333933436,321.23432144786415
7992,7126,117.34640000000809,479.67925925925914
7992,7734,141.91750279348412,238.46448452903047
7992,10221,244.30000021137062,359.8598947754625
7993,7126,117.13797569123017,479.831729088757
7993,7734,141.92419262573995,238.47819284094163
7993,10221,221.45712002931646,399.5085928174422
7994,7126,117.10639999999444,479.8518518518515
7994,7734,141.92276000017333,238.47437036967722
7994,10221,189.41920001208814,413.04888903387814
7995,7126,116.79310391077138,479.75333333333305
7995,7734,141.91230740339904,238.45658522569747
7995,10221,159.660000046307,430.0559262436867
7996,7126,116.9375820233654,479.7238867930671
7996,7734,141.9213374585638,238.46809208098142
7996,10221,138.17136009288902,447.18014860536636
7997,7126,117.07388891229016,479.8474690383241
7997,7734,141.93340000011176,238.45948148060847
7997,10221,123.97800003535053,461.2946298729361
7998,7126,116.76295555579941,479.7767489745832
7998,7734,141.9157248619291,238.4532400241588
7998,10221,112.81813336836422,471.1554733990477
7999,7126,116.94852883063618,479.775266705895
7999,7734,141.90765922652076,238.44820339675786
7999,10221,101.24968891719277,485.68403303665986
8000,7126,116.95917778127978,479.7381686794697
8000,7734,141.92240444447918,238.45911934143737
8000,10221,98.88112000271008,494.7115555538202
8001,7126,116.74421099041865,479.6080179138127
8001,7734,141.92403555577016,238.46572427961533
8001,10221,98.94711111251127,497.4228806590961
8002,7126,116.97719771615311,479.80328043035
8002,7734,141.9217466667527,238.466506172768
8002,10221,98.76302950821128,497.9418967822864
8003,7126,116.63855470091562,479.59835483548164
8003,10221,98.75311724138669,497.95961685837267
8004,7126,116.9335999999987,479.83925925925905
8004,10221,98.74899770144339,497.98346104920375
8005,7126,116.70716322573185,479.69117924634764
8005,10221,98.73896000037803,497.98060082478713
8006,7126,116.86251050033434,479.79973398384357
8006,10221,98.75273103451718,497.96717326554926
8007,7126,116.73360000021944,479.6900765570036
8007,10221,98.75016091968405,497.97337164695654
8008,7126,116.71173019371963,479.6675432307258
8008,10221,98.74046666673166,497.9676666660697
8009,7126,116.58126033564713,479.4532381452985
8009,10221,98.75945287359968,497.9646487864926
8010,7126,116.69322011293843,479.60276432755467
8010,10221,98.74240000000327,497.97737760749226
8011,7126,116.592491954043,479.5429629629635
8011,10221,98.76800000017738,497.97969135802543
8012,7126,116.57049427028028,479.41822899193596
8012,10221,98.74640459772195,497.9757939547285
8013,7126,116.49359999999547,479.23481481481423
8013,10221,98.75643218392156,497.9747552150149
8014,7126,116.67027444349856,479.49526699159816
8014,10221,98.75257777798652,497.96321193553837
8015,7126,116.70640000020285,479.65792181069975
8015,10221,98.73369655174997,497.967024265618
8016,7126,116.71821333360981,479.6780246893189
8016,10221,98.75299310348282,497.9717709660585
8017,7126,116.54810549476338,479.4895075332155
8017,10221,98.7509200001,497.9699753091216
8018,7126,116.6041555555637,479.56814814814817
8018,10221,98.73846436782969,497.9811834823491
8019,7126,116.5464000003908,479.455650734534
8019,10221,98.75576551753511,497.9797573456621
8020,7126,116.44578000168053,479.1004629563911
8020,10221,98.7780844445524,497.95743209913223
8021,7126,116.47592000171585,479.13703703366497
8021,10221,98.76531034488494,497.9562111538254
8022,7126,116.50685333437991,479.2987654310632
8022,10221,98.75383908052981,497.9701489999433
8023,7126,116.65433885515881,479.4913894662618
8023,10221,98.75444000005018,497.957329218939
8024,7126,116.78383017250553,479.69752532420085
8024,10221,98.75958160919822,497.9720008514734
8025,7126,116.90566257021828,479.8008566096825
8025,10221,98.75999999999863,497.9837037037034
8026,7126,116.81015584431975,479.7621837412127
8026,10221,98.73291111127855,497.9708024694669
8027,7126,116.84000000000196,479.6666666666667
8027,10221,98.76377471264277,497.97250319283216
8028,7126,116.65208888969119,477.5018106980018
8028,10206,487.8063999999995,141.89518518518528
8028,10221,98.76475862100733,497.9748573848892
8029,7126,116.1200000000008,477.12370370370417
8029,10206,471.1322297532831,176.59239631922753
8029,10221,98.7644844447459,497.9833744862101
8030,7126,101.80693342614404,484.8577781903458
8030,10206,453.51233082084264,209.38359821987285
8030,10221,98.75085057472006,497.9754065560313
8031,7126,98.86640000000284,499.65407407407247
8031,10206,433.16431925613585,234.95291914653026
8031,10221,98.76064827592472,497.95948063016925
8032,7126,98.61360000000445,499.51851851851825
8032,10206,408.9111382002869,250.78271739913748
8032,10221,98.76891111116493,497.9540576133405
8033,7126,98.61360000000445,499.51851851851825
8033,10206,384.046920011707,261.6458149680676
8033,10221,98.74470804620614,497.9891187746117
8034,7126,98.61360000000445,499.51851851851825
8034,10206,371.6867999999949,280.1729629629635
8034,10221,98.74205057474228,497.96714772295394
8035,7126,98.61360000000445,499.51851851851825
8035,10206,371.69999999999845,296.67296296296297
8035,10221,98.7289155556823,497.9818765452191
8036,7126,98.61360000000445,499.51851851851825
8036,10206,371.9068000000732,299.9826262626262
8036,10221,98.7421425287323,497.9682375479124
8037,7126,98.61360000000445,499.51851851851825
8037,10206,371.72506592671084,300.49012886525884
8037,10221,98.7608459770172,497.96706683711477
8038,7126,98.61360000000445,499.51851851851825
8038,10206,371.7824659270576,300.4877313620655
8038,10221,98.74708888897885,497.9637736623128
8039,7126,98.61360000000445,499.51851851851825
8039,10206,371.724313333749,300.4924509816549
8039,10221,98.76000000001568,497.9752575564078
8040,7126,98.61360000000445,499.51851851851825
8040,10206,371.6869133337184,300.5268024691361
8040,10221,98.73597701150061,497.9718518518512
8041,7126,98.61360000000445,499.51851851851825
8041,10206,371.6851098269871,300.5330987654322
8041,10221,98.74712444450893,497.97507407451127
8042,7126,98.61360000000445,499.51851851851825
8042,10206,371.6649240342662,300.5186905485431
8042,10221,98.7682252873924,497.9787526607988
8043,7126,98.62640000000056,499.51851851851825
8043,10206,371.68880531887964,300.5103654462657
8043,10221,98.75537931064287,497.9506683733106
8044,6045,6.3408000000004,214.02696296296298
8044,7126,98.61360000000445,499.51851851851825
8044,10206,371.7078428763841,300.50566401065225
8044,10221,98.78344444460367,497.96904526594886
8045,6045,14.979199999996808,242.38044444444395
8045,7126,98.61360000000445,499.51851851851825
8045,10206,371.69252408180853,300.4648491252824
8045,10221,98.75609655180142,497.9674329502413
8046,6045,25.76639999999429,267.884148148148
8046,7126,98.61360000000445,499.51851851851825
8046,10206,371.640072322748,300.361180724126
8046,10221,98.76748045977592,497.9613409961132
8047,6045,40.06691200755653,281.1520297130139
8047,7126,98.61360000000445,499.51851851851825
8047,10206,371.58889070472867,300.26265921118124
8047,10221,98.76046666668117,497.98008641955494
8048,6045,58.16956800189246,281.3084148356615
8048,7126,98.61360000023751,499.51197871905026
8048,10206,371.54918959995484,300.1000511565399
8048,10221,98.75606436781936,497.9690080885464
8049,6045,77.67604581867658,278.14190191031685
8049,7126,98.61360000000445,499.51851851851825
8049,10206,371.5155882891963,299.979380355484
8049,10221,98.76240000025973,497.96474244359246
8050,6045,97.56195545635478,275.2733273634884
8050,7126,98.6136000000954,499.50736724676517
8050,10206,371.537813938761,300.05907510575946
8050,10221,98.76591555567984,497.9665473255015
8051,6045,117.60473600043042,273.87933334184765
8051,7126,98.61360000000445,499.505925925926
8051,10206,371.5825245509052,300.2037744486055
8051,10221,98.7583034483066,497.9634695615498
8052,6045,137.34098909356817,271.73586537426166
8052,7126,98.61360000000445,499.51851851851825
8052,10206,371.6068000000007,300.27784852267934
8052,10221,98.75608735642913,497.9699914854061
8053,6045,156.70213527443818,269.7820552519161
8053,7126,98.61360000000445,499.51851851851825
8053,10206,371.59508837880537,300.2594487412824
8053,10221,98.75642666668796,497.97491769521173
8054,6045,175.2140320071362,272.1654328914784
8054,7126,98.61360000000445,499.51851851851825
8054,10206,371.59508837880537,300.27167096350473
8054,10221,98.74822528735194,497.95351213278514
8055,6045,193.19875200466186,276.5359729823045
8055,7126,98.61360000000445,499.51851851851825
8055,10206,371.58178784621896,300.2344526224574
8055,10221,98.74343908072092,497.9632609628541
8056,5193,494.10842264775283,122.35198501272704
8056,6045,211.51708800073607,280.7280740605336
8056,7126,98.61360000000445,499.51851851851825
8056,10206,371.57097865350295,300.1657042158792
8056,10221,98.74215555568071,497.9759506159633
8057,5193,485.57579290748095,145.16049633502658
8057,6045,230.16352000000097,285.938814814815
8057,7126,98.61360000000445,499.51851851851825
8057,10206,371.5561322438333,300.04906824968947
8057,10221,98.75590344828424,497.9801489995774
8058,5193,476.83370712378866,167.29940105796294
8058,6045,248.62271999999732,292.13629629629503
8058,7126,98.61360000000445,499.51851851851825
8058,10206,371.5357301379868,299.95690432987885
8058,10221,98.74057401146956,497.9853421230591
8059,5193,467.04942295520937,186.7403905122329
8059,6045,265.68927999999914,285.91066666666575
8059,7126,98.61360000000445,499.51851851851825
8059,10206,371.52705852402335,299.99724897221733
8059,10221,98.75810222343944,497.9778600821274
8060,5193,457.27524773717386,204.81577540103223
8060,6045,281.83152003652935,275.18390149655556
8060,7126,98.61360000000445,499.51851851851825
8060,10206,371.5182698225959,300.0162050882522
8060,10221,98.75715555677971,497.98082304244474
8061,5193,446.40891160099727,218.44089936998623
8061,6045,297.73248000913554,263.67745685562124
8061,7126,98.61581538461905,499.51851851851825
8061,10206,371.5242298351541,300.0309985710583
8061,10221,98.7482344834234,497.9582545732033
8062,5193,433.1023726294336,223.9051224116475
8062,6045,313.7542630568487,252.1712607226727
8062,7126,98.61360000004424,499.5304569504568
8062,10206,371.50917018614393,300.00864462204646
8062,10221,98.7501022222375,497.959362139889
8063,5193,419.2580041170095,227.59335839031203
8063,6045,329.95895955514015,240.55560365224383
8063,7126,98.61360000000445,499.51851851851825
8063,10206,371.4918825734742,300.02647996436815
8063,10221,98.75731034485398,497.9685355471213
8064,5193,403.08470448367984,229.46884136987578
8064,6045,346.16784844773633,245.27001193270914
8064,7126,98.61360000000445,499.51851851851825
8064,10206,371.5094318399708,300.08597530891956
8064,10221,98.75191264368937,497.98088122613126
8065,5193,385.1198400000044,230.34592592592594
8065,6045,362.1665745646783,256.327003234786
8065,10221,98.75201777795724,497.9862345673696
8066,5193,366.5720291025411,231.36496982333153
8066,6045,377.9328258783733,268.02853259425086
8066,10222,98.77407816094319,497.97519795649106
8067,5193,347.79099927615675,233.08216838175878
8067,6045,394.1277155592968,268.47458433527737
8067,10222,98.750160919559,497.9604810559539
8068,5193,329.2021991188858,235.91484782012074
8068,6045,410.79967999999553,262.27140740740595
8068,10222,98.75359999999205,497.95407407407356
8069,5193,310.66740978673806,239.88855647572294
8069,6045,428.08404364996596,255.01973074921435
8069,10222,98.76556321838734,497.95185185185176
8070,5193,292.1120480017634,244.19485927832096
8070,6045,444.78093100108487,243.87721696937703
8070,10222,98.75824827623774,497.96334610499014
8071,5193,273.60221091616495,248.70700347195273
8071,6045,458.71042674809246,223.88730889944154
8071,10222,98.76678870070918,497.97687591506445
8072,5193,255.04743272903963,253.18293605317388
8072,6045,471.6650958404034,200.55737847861167
8072,10222,98.76041839080472,497.9763558961079
8073,5193,236.64912001089306,257.3168396234302
8073,6045,484.7410472897309,177.96872732479252
8073,10222,98.76248735661193,497.96123882557583
8074,5193,218.47822400365544,259.5265432391913
8074,6045,497.8267520679503,156.11324461076427
8074,10222,98.75750666709564,497.95782716017635
8075,5193,199.7943360008037,260.96311111111106
8075,10222,98.75040000002286,497.9596168582372
8076,5193,180.85904000014352,261.7284444444441
8076,10222,98.74216091959624,497.9738527029036
8077,5193,162.90147200052843,262.839703703704
8077,10222,98.76008888900856,497.97326337254646
8078,5193,146.6689191118212,263.28400000000005
8078,10222,98.75360000000342,497.972413793103
8079,5193,130.82184179034925,264.99247420768256
8079,10222,98.762593103487,497.9534525326355
8080,5193,115.38264146921848,270.14978871009544
8080,10222,98.7688933333402,497.97555555555607
8081,5193,99.07118837358894,273.6154102076336
8081,10222,98.7505609195523,497.9715836526575
8082,5193,81.99718189244777,275.8673475525124
8082,10222,98.76300689662685,497.97034908521056
8083,5193,64.5860674784592,278.2697146611872
8083,10222,98.75840000011067,497.98335802469154
8084,5193,47.224950547389426,280.93822222222207
8084,10222,98.76591724139416,497.96103873999954
8085,5193,30.852875643565763,273.09611844326474
8085,10222,98.75273563238238,497.9606385698729
8086,5193,14.378448001764355,262.39728887007516
8086,10222,98.75840000001972,497.9658230452668
8087,1649,6.438354288691243,285.4976789660675
8087,10222,98.75993563218799,497.9646828437718
8088,1649,21.904000006870774,289.19551317798266
8088,10222,98.76291954030307,497.97059174098644
8089,1649,36.482057146946545,288.0515626434814
8089,10222,98.75540444457442,497.9690082303352
8090,1649,50.72617142929288,282.57225397338794
8090,10222,98.75743908046388,497.97037037037086
8091,1649,66.34738175406369,280.1262475820168
8091,10222,98.76564137932178,497.97105151150214
8092,1649,81.84893330675777,277.13515115544476
8092,10222,98.75851111119118,497.96201646112246
8093,1649,97.42975101348519,275.4537067106659
8093,10222,98.76285057475798,497.9638782462545
8094,1649,112.79199999999946,272.2859259259258
8094,10222,98.76105747127895,497.9571775225269
8095,1649,127.1398399999987,262.15348148148297
8095,10222,98.75648444444778,497.96518518518565
8096,1649,139.23439999999914,248.0696296296321
8096,10222,98.74726896567836,497.9789272037758
8097,1649,144.33456000000206,238.82874074074078
8097,10222,98.7611908053907,497.9655896109119
8098,1649,143.06944000000158,237.16518518518527
8098,10222,98.77117777780882,497.97176543163715
8099,1649,143.0667199999982,237.16370370370376
8099,10222,98.76592183907746,497.9643848446287
8100,1649,143.051999999999,237.18533333333315
8100,10222,98.75623908143893,497.9825670483602
8101,1649,143.05203692308964,237.18345299143095
8101,10222,98.7584533334541,497.9514567913921
8102,1649,143.05309538463575,237.1722165241832
8102,10222,98.7583678165322,497.94842486168614
8103,1649,143.05520000000115,237.16370370370353
8103,10222,98.73824827589601,497.95765857820953
8104,1649,143.05536000000075,237.16074074074078
8104,10222,98.74738666671874,497.962979424077
8105,1649,143.07024000000297,237.1650370370364
8105,10222,98.7630114942533,497.97911025975463
8106,1649,143.07664000000045,237.1519999999996
8106,10222,98.75567356322676,497.9598595144961
8107,1649,143.0721600000004,237.15985185185252
8107,10222,98.76286666667511,497.9615679010356
8108,1649,143.05696000000353,237.16000000000093
8108,10222,98.75609655181279,497.99033631338597
8109,1649,143.05247999999892,237.15496296296322
8109,10222,98.75684597705572,497.9717709669427
8110,1649,143.05871999999567,237.15970370370388
8110,10222,98.74835555648929,497.9696090565868
8111,1649,143.05120000000102,237.17259259259248
8111,10222,98.76361379323271,497.9639165605203
8112,1649,143.0529454545581,237.1708282829008
8112,10222,98.7553287358594,497.96434653100505
8113,1649,143.06485818183435,237.15624242435118
8113,10222,98.75614666766523,497.9965925959207
8114,1649,143.05615999999986,237.15274074074054
8114,10222,98.76636781613115,497.9575734355275
8115,1649,143.04223999999977,237.14888888888885
8115,10222,98.77027126483426,497.9779948922427
8116,1649,143.05599999999913,237.14799999999946
8116,10222,98.77994222247253,497.973111112624
8117,1649,143.0648000000008,237.14681481481438
8117,10222,98.75379310345807,497.9795870582808
8117,10256,1.7985040000968409,294.96876296484345
8118,1649,143.05935999999974,237.14059259259247
8118,10222,98.78099310359403,497.9681864616567
8118,10256,19.41948401466277,294.8933519980832
8119,1649,143.06703999999627,237.14918518518502
8119,10222,98.75987111162772,497.9654238697988
8119,10256,36.32342666963382,288.0673712022326
8120,1649,143.0697599999985,237.14933333333343
8120,10222,98.73807816093176,497.9729501916632
8120,10256,53.78389091124575,281.5462155312434
8121,1649,143.05408000000057,237.14370370370364
8121,10222,98.75124597702438,497.9687484038204
8121,10256,73.11846139819693,279.0463918633441
8122,1649,143.0555199999992,237.14977777777779
8122,10222,98.72989777795169,497.9796913579582
8122,10256,93.05636349291092,276.2263617879219
8123,1649,143.06463679289664,237.15333036361753
8123,10222,98.75820689655939,497.95727543639237
8123,10256,113.15453091035464,275.37080809408445
8124,1649,143.06615518934905,237.1462918417222
8124,10222,98.74142988609265,497.99689229801623
8124,10256,133.25834979100193,273.04482168075594
8125,1649,143.06239999999775,237.15318518518512
8125,10222,98.74448444634822,497.9654732525729
8125,10256,153.01461719302495,269.7131119397376
8126,1649,143.07119999999827,237.1573333333332
8126,10222,98.7596137931007,497.97256279266855
8126,10256,172.46169600600922,269.45788883649067
8127,1649,143.06228480000868,237.14274370368705
8127,10222,98.74864827590386,497.96085994030824
8127,10256,189.81694401916457,266.8904075488636
8128,1649,143.0599072000075,237.15226370367915
8128,10222,98.75302222222899,497.9786049384034
8128,10256,198.0577094742756,249.33520467587346
8129,1649,143.0649599999981,237.16074074074078
8129,10222,98.73871111111612,497.9761522634101
8129,10256,199.20250526849543,236.12336060137906
8130,1649,143.06210666667081,237.16610425236405
8130,10222,98.73708046017668,497.97055342745386
8130,10256,199.84424000000158,235.36793265993649
8131,1649,143.0557200000021,237.1521193415096
8131,10222,98.74686666691446,497.9642222210272
8131,10256,199.87103999999817,235.21509764309755
8132,1649,143.051999999999,237.1537777777777
8132,10222,98.7839540230766,497.9659003844712
8132,10256,199.8991741935487,235.247256869773
8133,1649,143.0576325423783,237.1551663528473
8133,10222,98.74992183923155,497.97255427953235
8133,10256,199.90431319647826,235.33542630606473
8134,1649,143.06084881356583,237.1578606403828
8134,10222,98.74284888907141,497.9699382731238
8134,10256,199.8901410909144,235.30165252523983
8135,1649,143.05999999999585,237.1604444444446
8135,10222,98.76547126438595,497.96260536394874
8135,10256,199.91028800000265,235.30397037035056
8136,1649,143.06285395359512,237.16718690677885
8136,10222,98.75772873594997,497.9637462756694
8136,10256,199.90496000000348,235.27740740741086
8137,1649,143.05252093039599,237.16144702683485
8137,10222,98.75897777779983,497.95841563764134
8137,10256,199.89224000000434,235.2154814814813
8138,1649,143.03056000000083,237.13333333333364
8138,10159,498.61359999999877,125.92592592592533
8138,10222,98.75030344829838,497.9677309493158
8138,10256,199.89196533334504,235.1578148147686
8139,1649,143.0360794247565,237.13360085276182
8139,10159,483.7576001433433,154.6148151777522
8139,10222,98.75535172420769,497.97355470402096
8139,10256,199.86608800015574,235.04722222180874
8140,1649,143.05817247047003,237.1693148593763
8140,10159,470.9413600995106,183.16644471330014
8140,10222,98.75062222239421,497.9869753079835
8140,10256,199.8263999999972,234.87482962962903
8141,1649,143.06874666720773,237.19120987580177
8141,10159,458.2935999999961,208.24666666667048
8141,10222,98.75583908046792,497.98651766708014
8141,10256,199.78552727273268,234.73512996632894
8142,1649,144.64883317696945,236.82593022863486
8142,10159,444.61345355384196,228.29448664597595
8142,10222,98.74905747126945,497.9718518518512
8142,10256,199.73814545454445,234.61256228955406
8143,1649,154.4092337187601,234.18442122729877
8143,10159,429.0263999999979,242.56814814814786
8143,10222,98.75456888889858,497.96241152275746
8143,10256,199.7056320000064,234.57149629629882
8144,1649,173.05478885254726,236.3854748094303
8144,10159,407.8135999999972,251.83925925925888
8144,10222,98.76262528740654,497.96136653885094
8144,10256,199.6912479999941,234.53058787880977
8145,1649,192.2011626177573,250.92218861639148
8145,10159,385.74400001406843,261.35575775297815
8145,10222,98.75827126437571,497.961340996258
8145,10256,199.62816000000998,234.52590572390508
8146,1649,212.394854958211,266.572024164492
8146,10159,364.0802401305905,272.03725964096105
8146,10222,98.76204444555583,497.9364032955265
8146,10256,199.68102857153724,234.62360141083005
8147,1649,233.57663287046762,280.94344588915465
8147,10159,347.7199999999982,296.14814814814696
8147,10222,98.73424367817165,497.97265219239375
8147,10256,199.8222971438571,235.19278306784085
8148,1649,255.31485308075275,291.2061186106185
8148,10159,328.19999999999254,309.27185185185135
8148,10222,98.75143908047903,497.99359301849023
8148,10256,199.83716000000186,235.83503703703678
8149,1649,277.51433603393025,295.61762163811323
8149,10159,306.62639999999897,304.70370370370347
8149,10222,98.75483111123913,497.97590123292724
8149,10256,199.78242000000475,235.92433950617698
8150,1649,299.5214401213764,300.813805345286
8150,10159,284.55999999999335,311.74074074074264
8150,10222,98.75977471269266,497.9794040015915
8150,10256,199.84742000001404,235.79498148151455
8151,1649,321.336356215038,303.91183554781276
8151,10159,262.2589477064139,318.79025611030863
8151,10222,98.75381609232363,497.9773946359265
8151,10256,199.87996363638274,235.65268013467255
8152,1649,342.84629089392865,298.34396008697325
8152,10159,242.52632732825532,335.8089565466882
8152,10222,98.75242666670374,497.96992181032886
8152,10256,199.87906909092888,235.59524579118718
8153,1649,363.8983682038338,286.30340932382126
8153,10159,223.65796368802648,353.501885817161
8153,10222,98.75801839090173,497.98956577292165
8153,10256,199.87535885167236,235.6121601984953
8154,1649,384.540306429235,275.57813910199604
8154,10159,215.96000000000117,335.4444444444451
8154,10222,98.76948965521706,497.98678586579115
8154,10256,199.88370021053754,235.62137803768303
8155,1649,405.0677396010394,265.4624525427578
8155,10159,211.91127274202017,314.743905699346
8155,10222,98.77706222231382,497.9822921802437
8155,10256,199.84599733342463,235.6411148146249
8156,1649,425.80830420958483,254.44289087587114
8156,10159,208.70020000154454,306.4596296354858
8156,10222,98.76278620704966,497.96770966338966
8156,10256,199.84413454545123,235.74873905723058
8157,1649,445.78524857805405,238.89298804433446
8157,10159,202.73359999999343,333.09851851851823
8157,10222,98.76116781613291,497.97099191139324
8157,10256,199.80549090908596,235.85796632997625
8158,1649,463.5683433357997,215.00246218328888
8158,10159,193.24376013693723,362.76422247488284
8158,10222,98.74842666667973,497.9680617282374
8158,10256,199.77800000000002,236.03777777777714
8159,1649,481.0077080656299,188.15009159414674
8159,10159,183.12000000000808,392.0614814814818
8159,10222,98.75423908046628,497.9789910599908
8159,10256,199.7431999999992,236.13111111111084
8160,1649,499.5733471659514,164.28224028789896
8160,10159,169.56269095301764,414.417508667698
8160,10222,98.76358192091175,497.9729859804953
8160,10256,199.71519999999256,236.2007407407407
8161,10159,151.94640000000277,431.19777777777733
8161,10222,98.7504222222583,497.9726954740229
8161,10256,199.65124799999558,236.29259259259382
8162,10159,133.97360000000162,448.5555555555569
8162,10222,98.75929195401909,497.9791400595366
8162,10256,199.5860844138042,236.35008939973946
8163,10159,115.85712003034132,451.5790368302708
8163,10222,98.74948965518797,497.96458492995765
8163,10256,199.51609572421603,236.44673052358422
8164,10159,100.03086420438194,434.03976376998975
8164,10222,98.76011111135767,497.97133333294255
8164,10256,199.53948933334118,236.4307530864198
8165,7941,494.0209143946703,123.81035293087051
8165,10159,87.40000000000236,409.9629629629635
8165,10222,98.76636781609136,497.95712643678723
8165,10256,199.59313999999495,236.34596296296607
8166,7941,485.1529143946692,149.01479737531665
8166,10159,72.77040005996582,389.89777754893294
8166,10222,98.75521839110206,497.9795019177371
8166,10256,199.62280000000308,236.26562962962618
8167,7941,475.4488000000009,171.4470370370389
8167,10159,58.080000000001064,370.00000000000034
8167,10222,98.74442666676373,497.9658559664972
8167,10256,199.66766818186784,236.20457912467919
8168,7941,464.9718297929411,192.23982635103764
8168,10159,42.840000000001055,348.7651851851852
8168,10222,98.75609655173889,497.97528735635035
8168,10256,199.722229636767,236.15158249248026
8169,7941,454.3913066490603,212.4747972191905
8169,10159,28.17312006014845,325.8607404864933
8169,10222,98.76294712647677,497.9773776070988
8169,10256,199.78400961784416,236.0815998862904
8170,7941,441.5571398049536,223.49729751038439
8170,10159,12.70640000000185,305.024444444449
8170,10222,98.7411333334478,497.9633580238971
8170,10256,199.76546562635235,236.05426657691453
8171,7941,426.3742622956925,225.60282744106286
8171,10222,98.75653333332934,497.9681481481477
8171,10256,199.8084755918785,235.96502004290775
8172,7941,410.66199934727763,227.4163896935284
8172,10222,98.75924137997458,497.9728565364805
8172,10256,199.83783200000858,235.82701587301625
8173,7941,393.9286000004188,228.87885185765856
8173,10222,98.7615066667729,497.96479012361925
8173,10256,199.8354479999972,235.68872592592638
8174,7941,376.50633333392136,230.54966050489244
8174,10222,98.75983908045782,497.96429544484823
8174,10256,199.85916444446102,235.68021234568158
8175,7941,358.75521333530287,232.85329016184852
8175,10222,98.85541819392643,495.758720532073
8175,10256,199.84432000000936,235.81301683503654
8176,7941,340.9000400077673,235.97966675512393
8176,10222,97.94440000047189,490.41185185083134
8176,10256,199.7701600000579,235.97448484848505
8177,7941,323.46879637693746,242.4386297591674
8177,10222,104.69621820483326,481.9175085332381
8177,10256,199.65108000000214,236.07681481479514
8178,7941,306.32883637055096,251.42592599433388
8178,10222,124.48608016077287,462.49407496794646
8178,10256,199.15692000505143,235.97022221559993
8179,7941,289.1430000049553,260.4618519062476
8179,10222,151.6612800707378,436.5074077960187
8179,10256,198.76716449856534,239.70807400439065
8180,7941,272.07740000622493,266.6967408191496
8180,10222,183.01360001514126,417.8228396972301
8180,10256,203.0598982841252,257.3673062676585
8181,7941,254.98216000177365,269.5096296639043
8181,10222,216.18811433620522,403.11269882541035
8181,10256,208.69793980950078,276.54509808749594
8182,7941,237.89456000050393,272.006222232483
8182,10222,240.4760001106922,367.0437040320411
8182,10256,218.84722400412556,286.94965177577234
8183,7941,221.26660000076868,272.4026666515742
8183,10222,263.6398858642053,326.26306939395477
8183,10256,234.46536000337517,290.26001145525004
8184,7941,204.9038000007698,270.2682222071298
8184,10222,296.2520000105769,309.9201235901863
8184,10256,251.3624533371916,293.1655472529615
8185,7941,188.28824000060536,268.04733332102603
8185,10222,330.3450666916774,306.7755558110108
8185,10256,268.28128000416484,296.79082955286475
8186,7941,171.65456727401533,266.29760266748326
8186,10222,361.85645719639865,285.19693173419915
8186,10256,286.4400088973263,301.7099603585542
8187,7941,155.19604727418823,266.08908417707136
8187,10222,394.45360003336987,268.2644447882556
8187,10256,304.8460600071684,306.6679628496671
8188,7941,138.5522654559594,267.59733336007764
8188,10222,425.3870666834757,253.2096298111841
8188,10256,322.9165320100821,311.29851844994016
8189,7941,121.8048254590144,269.30240746086633
8189,10222,449.6525334249384,235.78831308722425
8189,10256,340.7583760495459,305.8496226873466
8190,7941,105.43776000479568,272.2598148768278
8190,10222,467.8269334641641,206.0582720308124
8190,10256,358.8720481777227,296.0377201269746
8191,7941,89.01660229888081,275.4835255588666
8191,10222,491.7584001364389,166.6662967532977
8191,10256,376.56187202685487,285.98702987693224
8192,7941,72.28392229791893,277.91759961344155
8192,10256,393.59200605426906,275.68445931294417
8193,7941,55.42265454625977,279.5100336537044
8193,10256,410.70083019875767,265.7435757180298
8194,7941,38.26945454625844,277.8711447648159
8194,10256,428.1742338174769,255.7913995158987
8195,7941,20.65159999999935,273.983333333333
8195,10256,445.9304089775179,243.76069179574623
8196,10256,461.1520292324417,221.5340408850117
8197,10256,476.23708115053546,196.6918284339203
8198,10256,491.43175637329136,172.10369635285417
8202,6028,498.0669697957069,139.08654355536322
8203,6028,485.93811643183074,158.61174095657438
8204,6028,474.0955146472089,177.70771195167302
8205,6028,462.8076549703053,196.48924987471216
8206,6028,452.12345610974296,214.45146444364215
8207,6028,438.6738576704147,223.83452484476618
8208,6028,422.6709813076326,225.7883396566458
8209,6028,405.56152303534816,228.11634398740787
8210,6028,386.7935636402222,231.14063980723776
8211,6028,367.37280000124315,234.55370372844598
8212,6028,347.9960000000034,237.8907407407409
8213,6028,329.23581818294565,240.57898992113104
8214,6028,310.8998181829435,243.99898992113077
8215,6028,292.4573454552245,247.70033671409618
8216,6028,274.0544787907197,250.56583058369287
8217,6028,256.0614242465306,254.41381040210587
8218,6028,238.04329091159104,258.5108350553822
8219,4222,497.88000012820817,118.40417540803982
8219,6028,219.52092000110778,260.50811111875106
8220,4222,489.0856000000042,139.38666666666722
8220,6028,200.9007200017919,261.1403457016246
8221,4222,480.3081600566145,159.32666680200413
8221,6028,181.91280000123982,262.6232716242645
8222,4222,471.6331600922729,178.36344467769072
8222,6028,163.80552000033504,264.60622222279716
8223,4222,462.8200341668787,196.25410848856006
8223,6028,147.09152000033612,265.3940000005748
8224,4222,453.85200000000054,214.18370370370377
8224,6028,130.24272727569723,267.0152862335098
8225,4222,442.20679970397896,224.410286232974
8225,6028,113.01992727569541,270.99047141869505
8226,4222,427.7767413991228,226.12663703203205
8226,6028,95.19141347145138,274.424533526543
8227,4222,413.3466058481929,227.84138769114804
8227,6028,76.85169347321903,276.84953355769613
8228,4222,396.28799999999273,222.8444444444444
8228,6028,58.32777091257242,279.51809770571236
8229,4222,379.00560000000496,221.792592592593
8229,6028,42.20261094836815,274.5847642609014
8230,4222,361.3666666716142,227.63316879583928
8230,6028,30.034560093284313,255.07111090805122
8231,4222,344.32552381294954,231.50162262666973
8231,6028,18.85027650884581,228.3043262666413
8232,4222,328.09200000000374,235.56444444444492
8232,6028,7.0674365193013955,201.12191883199148
8233,4222,311.1121454642216,240.23454560004075
8234,4222,293.6703200069587,245.43451860629116
8235,4222,276.94444444894657,250.722386895321
8236,4222,260.0829600043653,255.8347037885269
8237,4222,242.56912000401485,259.7796296952941
8238,4222,224.78448000092612,261.44829630996844
8239,4222,207.31208000087236,261.72703702759503
8240,4222,189.11840000000666,262.9222222222223
8241,4222,171.2420000009388,264.2613333497836
8242,4222,154.60385454977654,266.33272735499537
8243,4222,137.82016000155863,267.39925928096307
8244,4222,120.61767273135615,269.27050511375825
8245,4222,102.8663999999992,273.92814814814835
8246,4222,84.33607974740198,275.9457200830513
8247,4222,65.73920000408862,278.5114815490932
8248,4222,47.445840001256556,281.37688891314474
8249,4222,30.252000000001544,276.86518518518466
8250,4222,13.503360012555277,267.85688878371917
8265,10298,0.06559999999922184,292.994074074074
8266,10298,17.583360001037818,295.03703701867613
8267,10298,34.16458184935891,289.7047139701729
8268,10298,50.11440000000107,282.37259259259287
8269,10298,67.1895999999947,279.80000000000047
8270,10298,83.99683481805482,277.623878813215
8271,10298,100.6584000028397,275.7061728967121
8272,10298,117.4015999999881,275.7125925925927
8273,10298,134.1255999999987,271.8518518518533
8274,10298,150.98791111202559,269.24609055047523
8275,10298,168.16280000039114,268.87462962207366
8276,10298,184.935999999999,276.12074074074087
8277,10298,202.47090909997496,282.8325251450925
8278,10298,219.0183999999988,288.19851851851786
8279,10298,235.57840000000283,293.86518518518454
8280,10298,252.36639999999966,300.75407407407573
8281,8119,14.459679999999937,294.1042962962952
8281,10298,269.43076365070624,308.095084033968
8282,8119,30.151680090606305,289.2633781734508
8282,10298,286.4840000000072,311.22222222222274
8283,8119,46.42752002264955,283.26802972854904
8283,10298,303.60773333679276,308.4856790692723
8284,8119,63.344640002882215,280.29537783585613
8284,10298,320.5149600008781,314.49562961677316
8285,8119,79.77538100332367,278.11119075906765
8285,10298,337.4565333360806,311.49481484049477
8286,8119,95.90892525070673,276.3040865757731
8286,10298,353.19600000000264,301.6274074074068
8287,8119,111.8688000001214,275.51859259486287
8287,10298,368.68551113199715,290.477037173458
8288,8119,128.06520000025787,273.27422222691223
8288,10298,385.22512002006124,280.54370391113804
8289,8119,144.71640000011234,270.54074074204414
8289,10298,401.2700000208099,270.97311125825763
8290,8119,161.63368000007384,269.500370370436
8290,10298,416.7387636592366,259.83097658861976
8291,8119,178.969920000435,271.75911110466643
8291,10298,432.6215999999931,250.10962962963146
8292,8119,196.18144000042776,275.85933332656776
8292,10298,447.3830400503232,237.55970387370184
8293,413,496.1130214814949,146.84251312392482
8293,8119,213.52288000047224,280.8635555480083
8293,10298,459.98559999999884,219.74296296296302
8294,413,481.50137370006064,166.4535007207797
8294,8119,231.26600000052008,285.75481480670373
8294,10298,472.9896889378665,201.40271621646266
8295,413,467.90593765529877,191.12836422141876
8295,8119,249.2279200005169,290.9015555475409
8295,10298,485.6897600698403,181.30681504423563
8296,413,454.3269599939805,215.1665389537174
8296,8119,267.16728000051944,296.1414073992548
8296,10298,497.7596364301803,160.1887544392171
8297,413,437.9704442262465,231.0514108221693
8297,8119,285.0279200011812,301.1621481287681
8298,413,420.33381323128367,242.74084270708673
8298,8119,302.61168000067755,306.272222209504
8299,413,402.22418406381513,253.23860682162814
8299,8119,320.0134800003638,309.9660740672079
8300,413,383.6276960471349,260.1754338432996
8300,8119,336.84160000097336,307.11903704545176
8301,413,365.4142400752005,255.06670598434522
8301,8119,353.198880002044,298.2857777940786
8302,413,347.9193174453832,244.9670385470022
8302,8119,369.6049600018955,286.6016296457552
8303,413,330.3389360357636,240.84113303992493
8303,8119,386.5744000010102,276.5955555670925
8304,413,312.4919199999932,244.85407407407277
8304,8119,403.8023928443397,268.9564260967916
8305,413,294.4360000000006,250.6976296296286
8305,8119,420.763498212143,260.3870694970518
8306,413,276.09200000000556,256.0468148148149
8306,5889,20.39199999999937,289.3972592592591
8306,8119,437.69088000137344,251.1263703837072
8307,413,257.6144800000026,261.6013333333345
8307,5889,46.39591999999766,283.8425925925927
8307,8119,451.5340800047795,235.37051853839031
8308,413,241.02543999999963,265.14081481481554
8308,5889,70.58767484108728,279.23226596036034
8308,8119,464.6290240597375,215.58866684640887
8309,413,230.6555853474731,262.6644443181594
8309,5889,94.81851207475358,276.7288970517947
8309,8119,476.95513602016376,194.7282963578234
8310,413,222.99370801795988,258.20697514681433
8310,5889,121.30279999999912,274.0188148148146
8310,8119,489.1025600066564,174.31807409646672
8311,413,217.17452746364927,254.89594784093828
8311,5889,149.82528002077512,268.7287162836478
8312,413,214.98811425263284,254.16647640130208
8312,5889,178.98806858033083,262.24225406865355
8313,413,214.62298249810942,254.50616805532113
8313,5889,204.40639999999803,253.52400000000276
8314,413,211.7476238669434,252.82416394967245
8314,5889,210.8933236364294,251.3515218858209
8315,413,210.71922725116735,252.15214039046185
8315,5889,210.71552727274988,251.8763030304305
8316,413,210.80000000062057,252.6803037037031
8316,5889,210.77027201661167,252.56750119085035
8317,413,210.98585355937698,253.00917802864365
8317,5889,210.94152938762932,252.91252768373363
8318,413,211.1501315254344,253.07899058370475
8318,5889,211.09790344878775,252.97580076137584
8319,413,211.2519200000003,253.0949629629635
8319,5889,211.20500235300426,253.00860566534178
8320,413,211.33582690909296,253.1161481481483
8320,5889,211.2726222892229,253.03359910732803
8321,413,211.37840581817727,253.12370370370374
8321,5889,211.29379034482838,253.0535657726203
8322,413,211.38640000000805,253.13172799028604
8322,5889,211.27724000081002,253.0740543228469
8323,413,211.33992000000092,253.12714268366764
8323,5889,211.21949263212227,253.06628226114404
8324,413,211.3293613333309,253.13200000000035
8324,5889,211.2414568421883,253.06369980469955
8325,413,211.37049200003784,253.10992345679105
8325,5889,211.2831456354627,253.06609903991006
8326,413,207.02045334509137,250.21659730796108
8326,5889,211.23008231669758,253.04993188202764
8327,413,192.85702536290387,247.33279955139386
8327,5889,214.0876253416917,253.1885323552381
8328,413,177.41477137626362,236.062733941516
8328,5889,231.603903384937,271.36136516624833
8329,5889,257.0873867878896,290.62370299348015
8330,5889,284.67765335116377,300.60227129993746
8331,5889,313.47233602138317,306.3309403489083
8332,5889,341.18089074084253,300.27780039909516
8333,5889,368.32753784826593,284.8093092498041
8334,5889,393.43475884198654,270.5826335265482
8335,5889,416.120730959957,257.49831838944436
8336,5889,438.8442075015729,243.3993464840407
8337,5889,460.4988147506868,214.74694350612356
8338,5889,482.14027446023124,178.82167926184889
8389,4231,13.072400000004905,290.38666666666677
8390,4231,30.26928000000169,288.16829629629615
8391,4231,46.80972000060763,282.9976666789056
8392,4231,62.37852000103544,280.0870815025389
8393,4231,77.27523818164741,278.25063843039067
8394,4231,92.04658155878063,276.4338208051684
8395,4231,106.75810181920099,276.2948996511378
8396,4231,122.46765091298697,274.5371071250915
8397,4231,139.55427515801205,270.21161177980326
8398,4231,157.41260000213003,267.4577037385395
8399,4231,176.0223440034423,270.61086661543186
8400,4231,195.21932146089455,276.2404531044993
8401,4231,214.40717091117904,282.0707137737721
8402,4231,233.58859200455757,287.8424740083907
8403,4231,252.5377013426146,293.5400936898811
8404,4231,271.0185305882129,300.5392077974283
8405,4231,289.31680921286386,305.1904214250678
8406,4231,307.59228363682723,308.31218854261056
8407,4231,325.7777090961673,310.8745859292348
8408,4231,343.5512363907651,304.76104401614765
8409,4231,361.4528727499288,294.0435355487532
8410,4231,379.4405527324136,283.25113809134604
8411,4231,396.54160000000047,273.97222222222206
8412,4231,412.99740084930875,264.8110736817888
8413,4231,429.6390232269806,255.74912370435632
8414,4231,445.00912000250935,243.43228891586978
8415,4231,458.608880000005,225.01133333333368
8415,8525,13.91168000000107,308.22177777777824
8416,4231,471.6160000000019,204.2722222222193
8416,8525,29.30381095678172,328.3622489761822
8417,4231,484.65500804829276,183.10381497444217
8417,8525,43.80004079038258,349.1743028065484
8418,4231,497.89715207200913,161.35040764533093
8418,8525,57.61976007214571,368.6960737842071
8419,8525,71.41264006028905,387.9410071750051
8420,8525,85.43597872182886,407.78541214422813
8421,8525,99.07606667761796,429.87201230600516
8422,8525,113.974050910183,448.739986510907
8423,8525,131.20599272754362,446.2353669980981
8424,8525,149.13151999999513,435.7348148148148
8425,8525,166.32677337956693,422.90424712238007
8426,8525,182.38144612101337,406.2868027581885
8427,8525,198.16053819403578,389.68474079995394
8428,8525,213.29520000000343,375.52148148148
8429,8525,228.2872000000043,361.8980740740732
8430,8525,243.29280000000495,348.19007407407355
8431,8525,258.7545600000056,334.2989629629616
8432,8525,274.8259927376069,321.7951516271078
8433,8525,290.60629818440475,313.7161212401096
8434,8525,306.3848000000064,309.1262222222224
8435,8525,322.89587200739453,306.17600008585464
8436,8525,338.06780800184697,299.54400002146355
8437,8525,354.83120000000554,290.6915555555554
8438,8525,371.810836371028,281.58857920212955
8439,8200,482.4900799999955,160.49674074073806
8439,8525,388.4058210970772,273.74339671234924
8440,8200,464.52039283511454,193.44486228773604
8440,8525,404.8886730304571,267.3782433929117
8441,8200,444.5143255678431,215.3596576105239
8441,8525,421.40689808790285,258.5431727340168
8442,8200,422.14144811109804,221.62662797349796
8442,8525,438.0369454576396,247.74360945386542
8443,8200,398.3455981197062,221.52489870437918
8443,8525,452.30664732241394,230.1787476445436
8444,8200,373.6843636386516,224.71749499042625
8444,8525,465.8447418306025,209.62305728150255
8445,8200,348.70476800290015,229.6284593147986
8445,8525,479.32424734107934,188.89707768193676
8446,8200,324.3453120019376,235.8722074444326
8446,8525,495.74458183526986,166.59478793900306
8447,8200,300.3833600133999,243.7994816791238
8448,8200,276.14101334226916,251.0064198848494
8449,8200,251.3042327340122,257.6733199755727
8450,8200,226.88756365078007,257.7020875106402
8451,8200,206.47809455207266,250.64763629367005
8452,8200,193.01984000005746,244.15451851760906
8453,8200,187.9905600000336,242.12671604877679
8454,8200,187.44015999999647,241.90266666666705
8455,8200,187.36015999999836,241.95925925925965
8456,8200,187.27015616163612,242.05590992852933
8457,8200,187.25673493750946,242.02991408071784
8458,8200,187.26041493882462,242.01746963835902
8459,8200,187.2640949382992,242.00502519307165
8460,8200,187.26777493592635,241.99258074486085
8461,8200,187.33579782210995,241.84020874191538
8462,8200,187.74710610431498,243.60892662759827
8463,8200,181.28293340222172,252.55005455445811
8464,8200,162.26356801698216,262.28837052672316
8465,8200,137.42662400444146,266.76165933948414
8466,8200,114.77328000740158,271.1188149473336
8467,8200,93.28842429677479,274.69371108856166
8468,8200,71.34566953271587,277.13898273944903
8469,8200,50.409509826683916,279.6434749009313
8470,8200,28.493672764643637,273.4224239413985
8543,1789,496.5872000116974,128.764444472111
8544,1789,484.59760000264964,155.78407408228023
8545,1789,470.06480001251134,182.42962966651578
8546,1789,455.24280002845785,210.1062963796727
8547,1789,438.67407642343323,232.86240664604097
8548,1789,419.067200001075,246.97407408904516
8549,1789,396.9280000014294,255.91259260980337
8550,1789,375.72000000294565,257.6388888646575
8551,1789,354.60080000324865,244.35629627026768
8551,2413,488.13713626472577,146.41281537722682
8552,1789,333.9880000003461,231.24148147461688
8552,2413,474.70718200765987,172.51892091356092
8553,1789,316.62160000622634,247.57888891789915
8553,2413,459.97013104568737,201.78314768028628
8554,1789,299.59600000553905,266.671111138431
8554,2413,443.89340355101353,224.00342244666672
8555,1789,283.24360002748676,284.9220371649681
8555,2413,424.106671664548,225.09583693952484
8556,1789,266.710000005952,303.71814817682366
8556,2413,403.7536872820943,225.26504227213294
8557,451,495.9517333363749,126.44049382493816
8557,1789,249.9712000122713,322.1118519109383
8557,2413,381.9134254585299,225.10707884054847
8558,451,488.8370668754021,145.78024744327612
8558,1789,233.58800001208238,339.7574074671086
8558,2413,359.58654546368507,226.0683502782368
8559,451,474.29431127271187,178.54510318484574
8559,1789,216.90080001706065,358.07296304795113
8559,2413,337.4742705767028,229.16154786356046
8560,451,457.2850183973344,212.92909154467955
8560,1789,199.8988000154725,376.6885185959723
8560,2413,316.218042233196,240.23458096184402
8561,451,437.55292280916933,237.5833558389251
8561,1789,182.80400000583654,394.95185188127135
8561,2413,295.03812079794665,252.08845586159367
8562,451,413.51999999999975,251.39037037037036
8562,1789,165.83280000528475,413.33333335906343
8562,2413,273.7087787333042,264.151882051364
8563,451,386.0813600327958,263.4850373095663
8563,1789,149.55820000892004,431.0318518948122
8563,2413,252.39255471856492,274.91431153097733
8564,451,361.03090917481495,284.23515194248836
8564,1789,133.52159999999458,448.73185185185173
8564,2413,230.88404979247684,277.4293266447585
8565,451,334.87200000000144,302.9718518518505
8565,1789,118.08480000710233,452.6233333078762
8565,2413,210.72305784112586,269.8544028554075
8566,451,306.9904000000065,305.2133333333333
8566,1789,103.42920001392031,432.58296290594967
8566,2413,197.37030310039472,255.17540715060449
8567,451,279.84328890316306,312.95695492863376
8567,1789,89.21680000152037,413.0418518461778
8567,2413,192.89902545717268,246.78859258796248
8568,451,253.36160000000518,324.540740740741
8568,1789,76.71800001183442,394.70148143909324
8568,2413,192.42995270784263,245.10840944388534
8569,377,499.2935999999986,138.98740740740666
8569,451,229.15136005990462,346.36866703915683
8569,1789,64.77720001520879,377.3575925360566
8569,2413,192.84814924141983,245.05464859015348
8570,377,486.2454857541479,158.00899484498433
8570,451,204.36426672043808,369.5392595639957
8570,1733,496.36344265667276,135.11552523882253
8570,1789,51.87800001206142,359.72037032198824
8570,2413,193.13239364028394,244.82048770289165
8571,377,474.54693335758407,177.7614815595372
8571,451,182.37040014377044,394.0052679050137
8571,1733,479.6607884926499,162.34785983180888
8571,1789,38.418000006078046,341.07407405345566
8571,2413,193.21592216218846,245.1690050052653
8572,377,464.43912145557533,196.15531929386276
8572,451,166.16639999999734,416.20370370370364
8572,1733,464.6229116993141,190.50884441529604
8572,1789,25.71360000526397,322.45703701824357
8572,2413,193.3662146686163,245.14407508176438
8573,377,455.3064000000006,215.24666666666724
8573,451,155.23840000000177,429.87259259259326
8573,1733,450.79511662060213,217.20644926374177
8573,1789,13.424800004145254,305.5333333030932
8573,2413,193.42290407941047,245.34540542799797
8574,377,445.3671451504931,230.49542089741394
8574,451,145.95066667495757,439.811604982788
8574,1733,433.45565801331696,224.7761065928837
8574,2413,193.42649513522247,245.35358158078301
8575,377,432.910729811033,239.79237400677866
8575,451,137.14133335520273,448.66395073168144
8575,1733,414.2543063627727,225.59861303440297
8575,2413,193.35919054092298,245.27086336043612
8576,377,418.41360000000805,248.22222222222211
8576,451,127.24368000237405,457.12814819417713
8576,1733,392.77228584317305,221.90044545580955
8576,2413,193.34980000013047,245.24437037143974
8577,377,402.5978285758981,256.1957672543251
8577,451,115.142400000002,449.9962962962958
8577,1733,370.0449626774599,225.84067673315866
8577,2413,193.44051147840787,245.31430479407112
8578,377,386.868240008738,263.0123704614442
8578,451,103.55599999999754,433.70148148148104
8578,788,497.97360000327103,139.91010373100664
8578,1733,350.0585600040403,229.83362971308475
8578,2413,193.51695234959266,245.4493827832105
8579,377,371.4046667131811,274.5450620370329
8579,451,92.54069754649663,417.5045847193992
8579,788,484.801759999998,159.83674074074128
8579,1733,332.2761600130775,236.48395294517766
8579,2413,193.578025743808,245.66243220548589
8580,377,355.39200001788345,286.57555565861935
8580,451,82.36832003302652,402.67925911001925
8580,788,473.19073782358373,180.46586021604273
8580,1733,311.1146801298855,254.318717321675
8580,2413,193.7915832581325,245.8123307444926
8581,377,340.49736002129976,298.8220001297044
8581,451,72.65164448034511,389.1081480453196
8581,788,461.8970844558896,201.7447243132695
8581,1733,289.8507601097572,272.6729340023344
8581,2413,193.93988018906384,246.12545345535074
8582,377,326.23340000084795,311.1016666808217
8582,451,63.04296002319916,375.41125912124926
8582,788,451.064869016742,222.62393794118984
8582,1733,269.40436001646447,290.50580748234836
8582,2413,194.00298862608227,246.30081820581796
8583,377,309.7997818192198,308.6028956033091
8583,451,52.384266693042036,361.21135793094527
8583,788,436.94044034560073,226.63141682240018
8583,1733,250.69665834945454,312.13898123567407
8583,2413,194.0110400003914,246.43140740808911
8584,377,293.9039111140403,310.2786831796791
8584,451,40.598327391620614,344.4965652386627
8584,788,421.9099120049577,226.23865227316432
8584,1733,231.83197982797026,334.20525475793727
8584,2413,194.02869379468257,246.4418109859843
8585,377,278.2946400013259,314.1022222493508
8585,451,28.013600000002725,326.38888888888886
8585,788,406.13626240081317,223.61898468536356
8585,1733,212.23099749331766,356.67803531572326
8585,2413,194.02373517247608,246.47939208118208
8586,377,262.5237477256064,318.20183570942874
8586,451,15.5637503404364,308.70361004984306
8586,788,388.7379587915018,219.9184960659124
8586,1733,194.063296097749,377.1474893555644
8586,2413,194.02319999999804,246.4311111111106
8587,377,248.51999999999634,332.9385185185181
8587,451,2.4857455168273646,289.82848452232355
8587,788,370.6577745474556,221.84000004041528
8587,1733,182.21825069335978,388.0805359702406
8587,2413,194.04359864449816,246.44111487652665
8588,377,233.83389097524514,349.3701686786079
8588,788,352.1488145458739,224.97768351016845
8588,1733,173.4093600413462,396.2017039128198
8588,2413,194.054714578009,246.5534965431433
8589,377,218.93464003982217,366.1878520498758
8589,788,333.56694400627254,228.72367416357676
8589,1733,166.93820571443783,401.4266349196398
8589,2413,194.078832941658,246.62409586182753
8590,377,204.3863999999985,382.11111111111086
8590,788,315.31713601273964,236.38370383510687
8590,1733,162.88641142993015,400.54045501749226
8590,2413,194.08379867658823,246.7187066787535
8591,377,190.52000000000362,396.4199999999991
8591,788,297.30804801234854,245.2991408676617
8591,1733,162.14215999999794,399.66755555555534
8591,2413,194.12218763985607,246.8404040368879
8592,377,176.89714288567302,412.0037038269997
8592,788,279.36363200239043,254.07325928417546
8592,1733,162.7148320000299,399.2696148147661
8592,2413,194.14367999999968,246.97037037037006
8593,377,166.54639999999858,424.123703703704
8593,788,261.4754133369081,260.73703710645947
8593,1733,162.5301716365243,398.96907205342535
8593,2413,194.18271728822447,246.8078225573751
8594,377,159.37359999999217,433.0985185185181
8594,788,243.613333334232,264.0805185358737
8594,1733,162.70244606066115,399.43746576895325
8594,2413,194.03854915289799,246.26788282209145
8595,377,154.74376001832297,443.0800000140405
8595,788,225.43441455094808,267.65702366713606
8595,1733,162.6170400000785,399.3311481482338
8595,2413,194.2287292819049,246.3332735824775
8596,377,153.29360000000634,452.04962962962924
8596,788,207.12663564085915,266.2719595722083
8596,1733,162.6604000000168,399.00549382716076
8596,2413,194.15348294595447,246.35744045738429
8597,377,154.2472727274344,453.44215488454466
8597,788,189.0868320015886,262.9230370193916
8597,1733,162.68600000001302,398.9095084175078
8597,2413,194.18738327324718,246.35990302842026
8598,377,155.45840000121984,451.80808081272386
8598,788,171.01857600020026,263.86148148008795
8598,1733,162.69119999999873,398.8958720538722
8598,2413,194.140728491642,246.20115125156184
8599,377,152.5735999999995,452.0614814814816
8599,788,153.73792000104004,265.5233481275012
8599,1733,162.70444799999837,398.94585185185207
8599,2413,194.14478610410126,246.1387550544354
8600,377,137.47224006883698,465.44318540445073
8600,788,137.56421333696835,264.00250363564123
8600,1733,162.69683199999974,398.97925925925915
8600,2413,194.14700855004295,246.14104463719434
8601,377,124.87257148258664,487.8410583571737
8601,788,121.7320678839883,266.6686801721914
8601,1733,162.72069333333263,399.04017283950276
8601,2413,194.14513645760618,246.17719364936508
8602,788,107.68391272985129,271.7350842138853
8602,1733,162.71152000001393,398.9849407407138
8602,2413,194.1741254668591,246.18343587679226
8603,788,93.91995289101715,274.60444371923273
8603,1733,162.70616000000643,398.94933439153425
8603,2413,194.17031854565263,246.2462006728816
8604,788,79.82135018816848,276.5014967250146
8604,1733,162.73818400000664,398.90410582010526
8604,2413,194.17309186815487,246.2728905170013
8605,788,64.07966412987093,278.97229935208156
8605,1733,162.72661599999594,398.8631919191916
8605,2413,194.16864712479537,246.30845095689403
8606,788,46.45217454598651,281.86435017858224
8606,1733,162.76984000000593,398.8692457912457
8606,2413,194.1639986086932,246.33333333333286
8607,788,28.95721600669845,275.8714369444162
8607,1733,162.77159999999583,398.9088888888888
8607,2413,194.1807680000329,246.3624592591067
8608,788,9.85350400641323,270.4428097647988
8608,1733,162.76663999999926,398.94081481481436
8608,2413,194.16360580545987,246.3717459188608
8609,1733,162.75799999999492,398.93148148148106
8609,2413,194.15365522132902,246.3310429371386
8610,1733,162.78896000000032,399.0477777777777
8610,2413,194.18374541436378,246.3754949867143
8611,1733,162.76920000000246,399.84103703703687
8611,2413,194.19324809225031,246.42062213687586
8612,1733,162.70904000000314,399.98888888888825
8612,2413,194.19962573912923,246.47575394526422
8613,1733,162.72776000000022,399.9613333333334
8613,2413,194.21270099533558,246.56482831996573
8614,1733,162.8067876245592,399.8421289140937
8614,2413,194.21894499843458,246.67972508143964
8615,1733,162.75732862101336,399.9269380046204
8615,2413,194.20760406833438,246.71927683593876
8616,1733,162.7352711111115,399.97626995885
8616,2413,194.20775466668715,246.68521810705047
8617,1733,162.74317866696887,399.9636888893652
8617,2413,194.20044884277786,246.729381849621
8618,1733,162.74716800264287,399.9664444485238
8618,2413,194.19260070417977,246.76900064863383
8619,1733,162.77544000000375,399.9135555555551
8619,2413,194.16412692801256,246.8533904406034
8620,1733,162.7564044692781,399.9371913924985
8620,2413,194.17356232075574,246.92614276073476
8621,1733,162.7580402234895,399.95538919915606
8621,2413,194.14069843481457,247.00424991920244
8622,1733,162.70880000000204,399.92837037037
8622,2413,194.11754666667093,247.07508641978526
8623,1733,162.49782666667556,399.3212345677308
8623,2413,194.09629333371072,247.12837530966868
8624,1733,162.68308002350636,400.0190741408287
8624,2413,194.10282666815192,247.05893333691998
8625,1733,157.41104749287956,414.9723070505704
8625,2413,194.14435200001097,247.1023999999231
8626,1733,144.2446655420622,434.54223943668603
8626,2413,194.09731060891434,247.1657764903241
8627,1733,128.66740003555265,450.27749412456063
8627,2413,194.12921043552618,247.13018744400017
8628,1733,118.23284003604613,461.2715927389608
8628,2413,194.11262939236622,247.1691769995239
8629,1733,106.97606673616292,479.5397904230714
8629,2413,194.12443756954076,247.1649990033864
8630,2413,194.12640000029796,247.18471957671983
8631,2413,194.084770109896,247.26770451764924
8632,2413,194.07199870046156,247.31642837651103
8633,2413,194.07535304350176,247.31681159401765
8634,2413,194.07187200002454,247.42782222229943
8635,2413,194.0214466210739,247.4832199243997
8636,2413,194.05503448394484,247.4303908074793
8637,2413,194.0674510497331,247.40002046242293
8638,2413,194.068987788944,247.39705431026104
8639,2413,194.05145436000794,247.42566762005745
8672,4277,477.2664000000077,168.31259259259278
8673,4277,451.40522599571113,217.7696795772095
8674,4277,420.5943999999988,248.40222222222152
8675,4277,383.8144,260.24592592592757
8676,4277,347.810400000003,242.2281481481483
8677,4277,313.6519999999962,252.8407407407407
8678,4277,283.36160000000064,286.52444444444416
8679,4277,252.14240000000243,320.934814814815
8680,4277,221.2256000000025,355.3170370370364
8681,4277,190.95199999999863,389.43703703703704
8682,4277,160.19039999999904,424.1814814814819
8683,4277,131.63200000000188,456.7237037037002
8684,4277,114.58058194951946,471.1012129623864
8685,4277,101.12514295699953,485.8769315906959
8686,4277,98.79591111854893,495.7245267537844
8687,4277,98.63013333346089,497.22874073878256
8688,4277,98.6582266666801,497.22611111116953
8689,4277,98.64959999999883,497.2422222222217
8690,4277,98.6496000002262,497.24133333333407
8691,4277,98.64635409876428,497.2442683681233
8692,4277,98.6855999999932,497.2200000000002
8693,4277,98.67003555572182,497.246230450465
8694,4277,98.66640000000189,497.22370370370373
8695,4277,98.64799999999718,497.25407407407386
8696,4277,98.65448939312955,497.27485204589226
8697,4277,98.65636923085503,497.2647179490726
8698,4277,98.6464000000069,497.23703703703757
8699,4277,98.67040000174256,497.2782040140702
8700,4277,98.64955333341072,497.2425617284542
8700,8928,493.6545455937335,126.87959629682722
8701,4277,98.64799999999718,497.2503703703703
8701,8928,480.644560125495,155.91222253574477
8702,4277,98.65888888988366,497.27219341407226
8702,8928,467.1398408219602,184.91529926023276
8703,4277,98.66406611578213,497.2883991430082
8703,8928,452.8160000000014,212.96296296296347
8704,4277,98.67759999999635,497.26148148148087
8704,8928,433.6156973074935,222.6430316470023
8705,4277,98.65400888939462,497.2636707801248
8705,8928,413.02407313921776,226.97908224124785
8706,4277,98.65459200002533,497.26070370334406
8706,8928,391.5999999999997,228.27925925925908
8707,4277,98.63439999999741,497.25925925925907
8707,8928,370.2088000020922,231.01851856158916
8708,4277,98.65044280938946,497.2505660843931
8708,8928,350.6174666680863,233.07148150854084
8709,4277,98.64992268907145,497.2591098662291
8709,8928,331.04000000000156,235.1962962962959
8710,4277,98.65599999999972,497.26296296296255
8710,8928,311.68213333956487,240.28586429289356
8711,4277,98.64912000012396,497.24019752993433
8711,8928,295.66560000000095,244.89999999999924
8712,4277,98.65090909090668,497.27614325056504
8712,8928,280.09236363919854,249.0913805183772
8713,4277,98.63717095166749,497.24571487582557
8713,8928,264.50960000000805,252.8429629629627
8714,4277,98.64415555701385,497.2570884758285
8714,8928,248.703280001655,255.99177781095506
8715,4277,98.64912941218904,497.2336258954069
8715,8928,232.96799999999962,258.17037037036994
8716,4277,98.65199999999845,497.28148148148165
8716,8928,217.44166666746878,259.0835185321683
8717,4277,98.6536000000001,497.2555555555556
8717,8928,202.27839999999446,260.1244444444448
8718,4277,98.66059999999948,497.2669629628528
8718,8928,187.07600000000184,261.7977777777771
8719,4277,98.67039999999747,497.2644444444443
8719,8928,171.83650909179278,263.09683503302097
8720,4277,98.66674666715767,497.2398765391559
8720,8928,156.4016000009019,264.3486419919485
8721,4277,98.66177333353221,497.23624073944126
8721,8928,140.45999999999594,265.672592592592
8722,4277,98.66159999999695,497.2444444444448
8722,8928,124.31359999999927,267.9385185185184
8723,4277,98.6485777778853,497.23891358077265
8723,8928,108.04239999999936,272.2385185185201
8724,4277,98.68080000062491,497.28617283757484
8724,8928,91.78529499638444,274.65182332930783
8725,4277,98.6536000000001,497.214814814815
8725,8928,75.61264402032748,276.9138425288795
8726,4277,98.66492444475057,497.2648559660977
8726,8928,59.58800000000792,279.23925925925965
8726,8982,16.991480002248522,290.15597773389936
8727,4277,98.64123697520881,497.21112978401806
8727,8928,43.79024000133427,281.190444471652
8727,8982,34.67963202163446,287.2317260707291
8728,4277,98.63199999999779,497.23481481481446
8728,8928,28.654909095138237,278.0930639158141
8728,8982,52.82912800238364,282.28362964626007
8729,4277,98.64918453057498,497.24726007716004
8729,8928,13.603999999997995,273.62370370370417
8729,8982,71.29176000174938,279.5486741094382
8730,4277,98.66044000000898,497.2568148149927
8730,8982,89.75379569664882,277.00348580229405
8731,4277,98.6440000000016,497.24074074074133
8731,8982,108.19812841071496,276.4361494508476
8732,4277,98.6642666677426,497.2226748921409
8732,8982,126.57287999999257,273.96348148148064
8733,4277,98.64480672337663,497.2449112987492
8733,8982,145.6358160009603,269.9748592566684
8734,4277,98.67360000000076,497.2200000000002
8734,4481,1.978159999998752,294.125703703705
8734,8982,165.03482400010796,270.44284444415644
8735,4277,98.65052000286596,497.22641977011307
8735,4481,19.261759999993725,316.3274074074074
8735,8982,184.0437599999996,272.3220740740742
8736,4277,98.63506666691251,497.2587037046432
8736,4481,35.15913600740589,338.67444441633677
8736,8982,201.69863999999905,276.5086666666683
8737,4277,98.67199999999912,497.2444444444448
8737,4481,51.02590406666592,360.77711085813945
8737,8982,219.23271999999827,282.0018518518519
8738,4277,98.65904000085948,497.2605925958804
8738,4481,66.64312000000338,382.57399999999996
8738,8982,236.1894618243639,287.817387123007
8739,4277,98.64616000002115,497.24614814790914
8739,4481,82.34716364362441,404.434296270999
8739,8982,252.79315710779886,294.9429877391483
8740,4277,98.64959999999883,497.2281481481475
8740,4481,97.67728080305743,427.375755307503
8740,8982,269.15717746503896,304.0480153772118
8741,4277,98.68572888900644,497.2778765428303
8741,4481,108.7372720943233,454.99535537219435
8741,8982,285.87088727369513,308.6898922451695
8742,4277,98.68084000001431,497.2721913578615
8742,4481,124.16543999999364,458.0186666666679
8742,8982,303.7507854552376,308.73991919457455
8743,4277,98.65760000000705,497.2681481481478
8743,4481,141.63383999999837,442.6517037037032
8743,8982,322.2947418220923,309.29148141850237
8744,4277,98.6416353594052,497.24017188502455
8744,4481,158.6221599999942,425.54029629629576
8744,8982,338.7953454695036,307.8791785660395
8745,4277,98.66408000001456,497.2505432100394
8745,4481,175.35975999999837,408.7092592592576
8745,8982,355.0412436379804,298.4794949630394
8746,4277,98.64959999999883,497.2392592592596
8746,4481,192.3132000000027,391.28911111111165
8746,8982,371.13025601436846,288.07000010605054
8747,4277,98.66159999999695,497.2281481481475
8747,4481,209.62612000366562,373.86866668847694
8747,8982,387.21534400160124,278.1294074191896
8748,4277,98.66150000001426,497.24027777752025
8748,4481,227.25228003744974,357.80579820049985
8748,8982,403.4562000114539,269.02054084927073
8749,4277,98.64959999999883,497.23481481481446
8749,4481,244.62191277190243,341.96169721288896
8749,8982,419.766105471017,259.40898129151503
8750,4277,98.66060000007906,497.2379012352559
8750,4481,261.3829425864401,326.2736514027653
8750,8982,436.3505672744088,249.77079462775876
8751,4277,98.62400000001799,497.2544691356744
8751,4481,279.6884720116475,315.0497408618238
8751,8982,450.4391999999973,233.66207407407447
8752,4277,98.6440000000016,497.2422222222217
8752,4481,299.1510654607753,306.7249987277949
8752,8982,463.0079491527522,213.2373200699731
8753,4277,98.67816888892094,497.2465843616358
8753,4481,318.975549097014,308.8960470435265
8753,8982,475.65980150800505,192.69548839692763
8754,4277,98.6351529413298,497.25162153720714
8754,4481,338.1972240035492,308.59523706254754
8754,8982,488.4097840051777,172.46911112874398
8755,4277,98.62959999999816,497.26148148148087
8755,4481,356.7186960346964,295.5822965462218
8755,8982,498.5164000000009,148.58696296296324
8756,4277,98.6597600003222,497.28625514569535
8756,4481,375.40144002494173,282.20498536803416
8757,4277,98.67279333390684,497.2945308648011
8757,4481,394.4565018203651,269.0150168585348
8758,4277,98.65839999999935,497.2681481481478
8758,4481,413.5179563833032,258.4167813564544
8759,4277,98.64128000082246,497.2652839470655
8759,4481,433.13456000000207,248.46281481481492
8760,4277,98.68040000093856,497.2799629573099
8760,4481,451.40324364554436,234.78917848127122
8761,4277,98.6280000000022,497.25407407407386
8761,4481,465.401832809967,210.9431248499629
8762,4277,98.64007555556782,497.24074074074133
8762,4481,479.6312960094565,187.72697780841784
8763,4277,98.63399669457067,497.25212733416544
8763,4481,494.3522095585905,163.53797205857302
8764,4277,98.62959999999816,497.25333333333356
8765,4277,98.63851620129935,497.23823712056657
8766,4277,98.6437333336653,497.2477777787685
8767,4277,98.64959999999883,497.2555555555556
8768,4277,98.6456000022713,497.25144033143675
8769,4277,98.67922000009912,497.2424999993066
8770,4277,98.68240000000696,497.2607407407408
8771,4277,98.67658784700666,497.2608594218835
8772,4277,98.65712941181073,497.24784313663804
8773,4277,98.6536000000001,497.25925925925907
8774,4277,98.65345777883476,497.2161440317753
8775,4277,98.65751260534807,497.256756925418
8776,4277,98.6376000000007,497.2059259259263
8777,4277,98.6517600002685,497.20866666514763
8778,4277,98.64730000037412,497.2208703715546
8779,4277,98.65839999999935,497.22444444444403
8780,4277,98.63914666672713,497.242370370286
8781,4277,98.65248000110114,497.2509629619934
8782,4277,98.62560000000258,497.23481481481446
8783,4277,98.65402222229704,497.2464609053959
8784,4277,98.66933333353813,497.2236728418722
8795,6736,489.5532000407968,156.75503716922145
8796,6736,478.3293333773031,173.7607408984212
8797,6736,467.2274567561203,190.27998948412517
8798,6736,456.9000000000017,207.23851851851882
8799,6736,446.38739335726996,221.733527226351
8800,6736,432.61223818902863,223.56249036570276
8801,6736,418.83700483415396,225.38982535790186
8802,6736,404.3224000000009,224.9333333333332
8803,6736,388.9544000000001,227.33555555555495
8804,6736,373.9174736944278,229.50116979994027
8805,6736,358.7249454557252,231.1237037280003
8806,6736,343.10712727425994,232.6911111426717
8807,6736,327.88400000000024,235.73333333333358
8808,6736,312.73978182139217,240.1941414630986
8809,6736,298.0135999999959,244.47629629629697
8810,6736,283.2650909125334,248.4723906277102
8811,6736,268.2735999999977,252.45037037037042
8812,6736,253.44333334423936,256.95259275696134
8813,6736,238.92087273069933,260.8909091456335
8814,6736,224.24327272792084,262.03784511251405
8815,6736,209.42480000089745,261.39629627940633
8816,6736,194.83999999999355,260.2681481481475
8817,6736,180.32416000129388,262.1789629879872
8818,6736,165.5016727281179,263.8405387343352
8819,6736,151.09980000063956,264.86395060784054
8820,6736,137.24559999999997,264.9614814814816
8821,6736,123.5980000032896,265.93796302207284
8822,3427,1.4488480435977635,143.95287403129586
8822,6736,104.88399999999842,274.2022222222225
8823,3427,8.62579217440043,181.60971834741258
8823,6736,85.51459772629642,275.9749938550102
8824,3427,17.68708370984541,218.49125912903622
8824,6736,65.87420000320208,278.4746914184582
8825,3427,29.306589416976294,251.80903642687036
8825,6736,45.97584000288748,281.54511116755197
8826,3427,44.30171649267322,278.58259897945413
8826,6736,27.090866673091796,280.5551850984007
8827,3427,67.7264967125859,279.71755296096876
8827,6736,12.131999999996879,275.76814814814753
8828,3427,92.74710393394912,276.4213483980047
8829,3427,115.72883200256797,272.20764449617604
8830,3427,130.98174222810712,258.60897120468576
8831,3427,138.55521618611647,247.09028212673024
8832,3427,142.20242909478884,238.6466936090499
8833,3427,142.57993600000418,237.6636767676763
8834,3427,142.57270399999925,237.6685925925921
8835,3427,142.56798545454558,237.67006060605956
8836,3427,142.5631418181831,237.66616835016617
8837,3427,142.58111999999866,237.65920000000017
8838,3427,142.57395200000246,237.67057777777856
8839,3427,142.56772800000135,237.66148148148102
8840,3427,142.57404444444433,237.67144032921928
8841,3427,142.56899377778382,237.65420576132135
8842,3427,142.57206399999973,237.662696296296
8843,3427,142.56562909091485,237.66530370370353
8844,3427,142.56587636364088,237.678814814815
8845,3427,142.56672000000435,237.67259259259288
8846,3427,142.57152000000474,237.6645333333327
8847,3427,142.58176000000165,237.65659797979777
8848,3427,142.565653333337,237.66245117845085
8849,3427,142.56645333333609,237.67410370370402
8850,3427,142.58160000000544,237.66337777777858
8851,3427,142.58320000000484,237.65955555555541
8852,3427,142.58688000000234,237.67303703703658
8853,2434,5.98989335651936,298.3318517656244
8853,3427,142.57472000000348,237.66471111111053
8854,2434,19.637880034778163,315.0952591299181
8854,3427,142.57120000000555,237.6703999999994
8854,4280,495.269440004883,146.71584131496562
8855,2434,32.004000000001724,332.3936296296279
8855,3427,142.57775999999808,237.66474074074128
8855,4280,469.369360000004,191.32874074074024
8856,2434,44.61389093015214,350.24059251404327
8856,3427,142.5766399999975,237.66401346801325
8856,4280,444.01627641341975,229.13508944267934
8857,2434,57.28299639522902,368.1999998821779
8857,3427,142.56960000000163,237.66760942761002
8857,4280,412.5463418237189,252.84079594630572
8858,2434,70.02944000000184,386.0968888888865
8858,3427,142.56960000000163,237.66518518518586
8858,4280,377.2850057446891,255.59299439850537
8859,2434,82.9318400000011,404.2973333333353
8859,3427,142.57084800000143,237.66592592592662
8859,4280,342.6221828605201,241.82849731999866
8860,2434,95.5521599999986,423.55407407407665
8860,3427,142.57715200000007,237.66992592592652
8860,4280,310.110697270062,256.8409741549811
8861,2434,106.50079999999662,447.3725925925909
8861,3427,142.58159999999748,237.67401481481554
8861,4280,279.86562298302886,289.0041593131807
8862,2434,118.55014402250278,461.7259260332713
8862,3427,142.5774399999966,237.66939259259345
8862,4280,250.21461715526812,324.3860212212706
8863,2434,134.85492513352142,450.7012998880968
8863,3427,142.57215999999858,237.65748148148137
8863,4280,220.9807999999981,360.20429629629615
8864,2434,151.89229092872895,435.4783166581917
8864,3427,142.56798545455013,237.67885521885557
8864,4280,191.7779999999999,395.44688888889
8865,2434,169.75954912293332,421.6744917659356
8865,3427,142.5725818181877,237.67349494949585
8865,4280,160.58535999999833,425.5877777777779
8866,2434,185.97448730645056,403.5287543394419
8866,3427,142.56492800000046,237.66888888888826
8866,4280,130.14735999999914,457.7112592592587
8867,2434,202.21180801980609,383.8267556560806
8867,3427,142.56545600000095,237.6666370370355
8867,4280,107.34314002481824,479.1981853140039
8868,2434,219.69707202970994,366.6492445952323
8868,3427,142.57625600000324,237.6814222222179
8868,4280,99.32317734285618,493.9618889027133
8869,2434,236.91984002057436,350.3085523081526
8869,3427,142.57088000000863,237.68171851851827
8869,4280,98.68203781895772,497.04255218854246
8870,2434,254.41536003085957,334.7937914251915
8870,3427,142.58111999999866,237.67822222222244
8870,4280,98.66946909090473,497.24076094276535
8871,2434,272.435039999998,321.03288888888983
8871,3427,142.57414400000246,237.6665629629593
8871,4280,98.66560000106745,497.21655555282496
8872,2434,291.2782690932761,310.78498312703107
8872,3427,142.5673120000022,237.6729481481299
8872,4280,98.66197333344928,497.22937037006676
8873,2434,311.0862836408967,308.68184508084664
8873,3427,142.57206400000314,237.67552592592202
8873,4280,98.62944663100052,497.2129232567253
8874,2434,331.0264533456064,309.6579013538869
8874,3427,142.5800000000038,237.6727272727268
8874,4280,98.66132740346416,497.2280272751242
8875,2434,349.73612002566256,300.39633354223304
8875,3427,142.57374545454354,237.67166329966315
8875,4280,98.64036666666948,497.2283263374131
8876,2434,367.795320014186,287.3230001121483
8876,3427,142.5743418181821,237.65605387205446
8876,4280,98.64888800002916,497.231588889276
8877,2434,386.3779200080637,276.11650377271116
8877,3427,142.5735854545405,237.66785185185137
8877,4280,98.65902354173727,497.25307388393134
8878,2434,405.0942400121061,265.8336445479552
8878,3427,142.57018181817784,237.6691851851853
8878,4280,98.64704103549911,497.22220852939404
8879,2434,423.80784000000403,257.00888888888886
8879,3427,142.56960000000163,237.6543703703704
8879,4280,98.64224000073762,497.23481481883726
8880,2434,441.5639999999996,246.13688888888908
8880,3427,142.56960000000163,237.65792592592615
8880,4280,98.63865517565499,497.2398393487967
8881,2434,456.6402182141701,227.9503166008443
8881,3427,142.57440000000202,237.68444444444393
8881,4280,98.62758983432343,497.21535297743503
8882,2434,470.45748371951277,204.8974144045994
8882,3427,142.5920727272785,237.65865319866197
8882,4280,98.67654800004686,497.2116592591933
8883,2434,485.2052945973878,179.90009444018452
8883,3427,142.58589090910277,237.66083501687228
8883,4280,98.65581951435615,497.21722922207823
8884,3427,142.58480000000193,237.65525925926224
8884,4280,98.65208972381538,497.2351192962816
8885,3427,142.5820266666699,237.65833744855746
8885,4280,98.66223200001114,497.2221259257563
8886,3427,144.62224227913222,237.10632088465755
8886,4280,98.66147288927664,497.23598765445945
8887,3427,156.41088428092982,234.81688090537656
8887,4280,98.65652622226492,497.2517711934332
8888,3427,174.69393622081498,237.84650464201417
8888,4280,98.6644560000343,497.2581851852187
8889,3427,193.4808937758953,253.16626237088346
8889,4280,98.66596355885349,497.2405798381534
8890,3427,212.59470548966874,267.7887270287347
8890,4280,98.6483626670389,497.2151897122412
8891,3427,232.06077093306476,280.7966031467799
8891,4280,98.66469436653801,497.24996275657804
8892,3427,251.96258911348534,291.39110008786326
8892,4280,98.66398470739682,497.2362114995712
8893,3427,272.5261963703531,296.7786530853731
8893,4280,98.66396799999734,497.22675555554076
8894,3427,292.8534200021477,301.25435181501393
8894,4280,98.65630138506958,497.22013091196726
8895,3427,312.52371201308165,305.0017035955397
8895,4280,98.64130459890987,497.22315240697077
8896,3427,331.78085529318764,305.28950860167356
8896,4280,98.65077333339512,497.2376893005357
8897,3427,351.32158547297985,295.6609160082178
8897,4280,98.65100000004873,497.22614814790325
8898,3427,371.07815437936216,285.11045898590504
8898,4280,98.63590568449581,497.23844703593124
8899,3427,390.3841955689836,273.42209065757504
8899,4280,98.65382408839992,497.2193308777948
8900,3427,408.39647999999556,263.00103703703616
8900,4280,98.65024000001426,497.2297925925926
8901,3427,424.8923781864778,253.74425593876038
8901,4280,98.64152000015054,497.2241876552581
8902,3427,440.2029705355926,244.38336124155092
8902,4280,98.67190422274803,497.2305074072207
8903,3427,452.9526845129601,228.54772039183933
8903,4280,98.6708260005139,497.2382962967183
8904,3427,465.24888898481555,209.26824725692052
8904,4280,98.66940945861471,497.2288760998935
8905,3427,478.449758287868,188.15841009699352
8905,4280,98.66453082872624,497.2381076324932
8906,3427,492.0714561077432,165.07137809162398
8906,4280,98.65800000109118,497.21275555200805
8907,4280,98.65547733345636,497.2320773659749
8908,4280,98.65016711111025,497.2081218107118
8909,4280,98.65536000004056,497.22359259259207
8910,4280,98.63657206705226,497.20756564807635
8911,4280,98.6452013407893,497.2225557624517
8912,4280,98.6416000000446,497.2199999999043
8913,4280,98.64454666669133,497.2327283949218
8914,4280,98.64625333334175,497.2187530864052
8915,4280,98.6553500491874,497.24119971684513
8916,4280,98.65138187913146,497.22354082425403
8917,4280,98.65548304769106,497.2241280420384
8918,4280,98.65849414417028,497.2263192125135
8919,4280,98.66099712791936,497.20131941516365
8920,4280,98.67124444455783,497.1994814809879
8921,4280,98.67681410315299,497.2130798916774
8922,4280,98.68271894995074,497.2258578947582
8923,4280,98.67817200002094,497.2607111112204
8924,4280,98.65360000012858,497.23518888802556
8925,4280,98.67066964620277,497.2265271603977
8926,4280,98.66272625698114,497.2305925925924
8927,4280,98.65025600091029,497.2287777773061
8928,4280,98.65334242871086,497.24569899708683
12961,2815,339.1704000000004,297.200000000001
12962,2815,307.0599999999956,306.17185185185167
12963,2815,275.03600000000006,317.4570370370373
12964,2815,250.54400000000214,349.6429629629625
12965,2815,228.57428587319077,388.9866671291724
12966,2815,200.6024000006903,409.9659259338837
12967,2815,174.93420001376876,421.8358334827803
12968,2815,153.03580010113365,436.1725933398417
12969,2815,134.0984000573826,449.8127411037669
12970,2815,121.3741818586243,460.4743436479224
12971,2815,109.70524449605819,475.05637881970506
12972,2815,99.68559999999798,487.7718518518519
12973,2815,98.76524444735537,495.78477366184416
12974,2815,98.74448000005032,498.0548148147297
12975,2815,98.73883750004211,497.989270832619
12976,2815,98.73463371102957,497.99761131726103
12976,2829,490.8445093843284,154.3177113136196
12977,2815,98.73608343748401,497.97692797861373
12977,2829,477.9235202024097,177.76918578554034
12978,2815,98.75066971568458,497.96962539529477
12978,2829,462.8688004525145,203.63370523292866
12979,2815,98.74562711955832,497.9935593239153
12979,2829,439.2841566968116,226.23987815111147
12980,2815,98.71678072655072,497.97829094091185
12980,2829,412.2940602432834,224.8869359782093
12981,2815,98.76532727313929,497.99035353847887
12981,2829,382.9468363689273,223.40868692256777
12982,2815,98.73643146114546,497.99103620313076
12982,2829,353.15970910765486,226.10087573873395
12983,2815,98.73957590544364,498.0118027568803
12983,2829,324.5027200681079,240.15400064876124
12984,2815,98.72148379921555,498.00677426219363
12984,2829,296.30168894028657,255.88699634380973
12985,2815,98.73844494466084,497.9874739878074
12985,2829,268.2408890179488,273.83827238357816
12986,2815,98.74200727459765,498.00263973086544
12986,2829,239.3915200061258,285.0751112267793
12987,2815,98.7414734463357,497.99826742015597
12987,2829,216.39176000290377,287.6805926519883
12988,2815,98.72702890440337,498.0539627497327
12988,2829,204.8298666675464,288.7422222043696
12989,2029,410.0535999999977,259.22370370370305
12989,2815,98.7348422373941,498.0093535738976
12989,2829,199.62944598212857,288.9155833727981
12990,2029,388.457854276686,262.0201879906643
12990,2815,98.71492459057549,497.98965392094806
12990,2829,198.1839999999977,290.38296296296306
12991,2029,356.4356053353265,284.99447514868615
12991,2815,98.74193591225549,497.9959156969125
12991,2829,197.60231111216626,289.8893827200746
12992,2029,323.3028001323987,305.72103517420726
12992,2815,98.77080000003957,497.9584722224844
12992,2829,197.39351955639677,289.3970328599218
12993,2029,287.9359999999963,309.54222222222194
12993,2815,98.73519120912988,498.0031501851958
12993,2829,197.6286718242818,289.8907305043339
12994,2029,253.6031834308119,324.01600201524496
12994,2815,98.74180219802611,498.00184778250923
12994,2829,197.45099326230502,289.5299458962783
12995,2029,224.3358020249559,357.327787234631
12995,2815,98.73691500192763,497.9990370241407
12995,2829,197.4497446336727,289.59374763584054
12996,2029,194.920802658379,388.78769937427495
12996,2815,98.75108000064188,498.02256790192877
12996,2829,197.52307182325808,289.6951995087831
12997,2029,165.4424000000006,417.87407407407386
12997,2815,98.75811712719837,497.9961244118487
12997,2829,197.42488135670442,289.58568319023146
12998,2029,136.09168823779783,446.76342069708255
12998,2815,98.73889079760261,497.97408770629346
12998,2829,197.44850285762254,289.5666243334429
12999,2029,111.94185329134712,471.98971028388615
12999,2815,98.74709662922214,497.97952143175104
12999,2829,197.44601104981712,289.5340167775393
13000,2029,100.07361712129068,487.47643161839727
13000,2815,98.75062295093358,497.9638048991728
13000,2829,197.44450285737685,289.5631111107213
13001,2029,99.12960000310136,492.4092181069963
13001,2815,98.73395500064248,497.9564259271134
13001,2829,197.43280000001846,289.49703703669627
13002,2029,99.59804447906322,496.21539092447665
13002,2815,98.72743478380812,497.98683574815584
13002,2829,197.43164835169296,289.51649572661944
13003,2029,99.63599999999815,496.16518518518535
13003,2815,98.73253333340699,497.9672839518967
13003,2829,197.40741647131586,289.47670152351446
13004,2029,99.63599999999815,496.16518518518535
13004,2815,98.74280000001932,497.98148148161323
13004,2829,197.41846549713387,289.4684427119978
13005,2029,99.64800000000196,496.16518518518535
13005,2815,98.72769197871207,497.9998653197542
13005,2829,197.38653333380398,289.4313580204808
13006,2029,99.64800000000196,496.16518518518535
13006,2815,98.74864088694153,497.9655821613764
13006,2829,197.39397869842037,289.4467017316002
13007,2029,99.64195994357965,496.17579167322947
13007,2815,98.74150000012492,497.97698148034874
13007,2829,197.3841714319633,289.40932097999263
13008,2029,99.64448484848845,496.17537598206263
13008,2815,98.7363005525026,497.98365050154894
13008,2829,197.3695011245411,289.38254265658946
13009,2029,99.642389610392,496.1740740740741
13009,2815,98.75262417701833,497.9758282482789
13009,2829,197.38365301223553,289.41941543927527
13010,2029,99.63599999999815,496.1740740740741
13010,2815,98.71328500018421,497.9773379641683
13010,2829,197.45040490897736,289.5288661635478
13011,2029,99.63599999999815,496.1740740740741
13011,2815,98.70632087930176,497.99103784999386
13011,2829,197.4169414390076,289.4904030982539
13012,2029,99.63599999999815,496.1740740740741
13012,2815,98.74264348092083,497.9688888977447
13012,2829,197.34106341518327,289.36906051985756
13013,2029,99.64400000000069,496.17555555555583
13013,2815,98.77317073197673,497.974652212936
13013,2829,197.31003314927307,289.21747493503045
13014,2029,99.63648985041118,496.18411413155616
13014,2470,490.71040047332417,155.35171853610908
13014,2815,98.73586086960131,497.9847504021153
13014,2829,197.41466667570648,289.47481480022196
13015,2029,99.62275777789387,496.1778086411937
13015,2470,471.44840047054686,188.7703718836191
13015,2815,98.74399999999923,497.95555555555524
13015,2829,197.47350000000665,289.4871990739738
13016,2029,99.63220501393266,496.18731249355676
13016,2470,451.6081460521207,223.52895810136553
13016,2815,98.74717055508313,497.97393773802526
13016,2829,197.41945000695296,289.4858333084729
13017,2029,99.63384666667707,496.189687242764
13017,2470,426.0890910026717,246.3080818406047
13017,2815,98.74188729323805,497.99898096741236
13017,2829,197.36960893857258,289.3711649082169
13018,2029,99.63359999999852,496.19037037037003
13018,2470,397.1900000940309,258.46222323370307
13018,2815,98.72055384741998,497.97008546803045
13018,2829,197.35556000022143,289.3031620373625
13019,2029,99.62975580589841,496.1840079526656
13019,2470,375.52930958036654,276.5003368111758
13019,2815,98.7260711664419,497.986966602735
13019,2829,197.38901268364089,289.2922927208039
13020,2029,99.62799999999561,496.1666666666671
13020,2470,377.5102222678754,294.8561315412821
13020,2815,98.72189565220992,497.9809420282035
13020,2829,198.0641778558379,288.6411115224183
13021,2029,99.62639999999965,496.1792592592593
13021,2470,380.0221818182763,299.86888888862273
13021,2815,98.74824858778197,497.9798660787749
13021,2829,200.40720001361478,286.1285185588398
13022,2029,99.62639999999965,496.1792592592593
13022,2470,380.0384000000008,299.92074074074117
13022,2815,98.72478545457852,497.97513804706983
13022,2829,187.56159999999795,269.3185185185185
13023,2029,99.64400000000069,496.1777777777778
13023,2470,380.0344615384972,299.8705901498386
13023,2815,98.7206870060561,497.9820087899922
13023,2829,156.58346667123055,266.5281480609778
13024,2029,99.6388725316308,496.18584879387953
13024,2470,380.0258358976123,299.86339031171383
13024,2815,98.71680898922364,497.98612567807555
13024,2829,126.68050000301606,266.09925931882117
13025,2029,99.63701253132626,496.18888888888836
13025,2470,380.0003934427082,299.8390042497854
13025,2815,98.72679518075529,498.00626952194136
13025,2829,102.9689454605375,273.53959608003396
13026,2029,99.63999999999942,496.18888888888836
13026,2470,380.00442873812403,299.81717205985905
13026,2815,98.74426666836484,497.9711604974748
13026,2829,81.96687174657882,276.3804790709967
13027,2029,99.63964329817827,496.1860815120771
13027,2470,380.0167308689197,299.84976679564767
13027,2815,98.7383867404219,497.95586249291415
13027,2829,61.391927276349634,279.1735354271494
13028,2029,99.63920110571962,496.18260129298153
13028,2470,380.0263061452995,299.87608524714625
13028,2815,98.74873128840704,497.99183367310974
13028,2829,41.42880000296714,282.3102222823437
13029,2029,99.63875891310181,496.1791210739805
13029,2470,380.03143111287727,299.9125102889011
13029,2815,98.75556721333965,497.96391013869413
13029,2829,22.62880002282941,275.2459256673734
13030,2029,99.63839999999777,496.17629629629613
13030,2470,380.0418379752102,299.957065167259
13030,2815,98.7396000003173,497.9606378614092
13030,2829,1.9710400255235072,266.58933299386956
13031,2029,99.63839999999777,496.17629629629613
13031,2470,380.0583999999958,299.9355555555554
13031,2815,98.73292455092724,497.9869815918301
13032,2029,99.63839999999777,496.17629629629613
13032,2470,380.0487454552808,299.9047811472182
13032,2815,98.73778181855641,498.0102020177939
13033,2029,99.63292413802378,496.1858030015529
13033,2470,380.0549565220649,299.8645732658258
13033,2815,98.76499889518868,497.9991855921397
13034,2029,99.64560000000233,496.187407407408
13034,2470,380.0839999999994,299.84666666666726
13034,2815,98.74411294410379,497.99141612030786
13035,2029,99.63772681088017,496.18050590909866
13035,2470,380.0306741587008,299.8499375770982
13035,2815,98.7594114948763,497.99236270840885
13036,2029,99.63415652173353,496.1740740740741
13036,2470,380.0702503226489,299.7741170863557
13036,2815,98.74982857303394,498.01142857485956
13037,2029,99.63605231608312,496.1629629629636
13037,2470,380.02403043483923,299.81826892113395
13037,2815,98.77035092318351,497.99865485683426
13038,2029,99.64239999999904,496.1629629629636
13038,2470,380.00768696001614,299.77004024366227
13038,2815,98.76344888910467,497.97115226448716
13039,2029,99.64559724137985,496.1629629629636
13039,2470,380.0238573253864,299.75970747067106
13039,2815,98.75502950944792,497.9911232636152
13040,2029,99.65008985222426,496.1629629629636
13040,2470,380.068,299.84962962962936
13040,2815,98.746912195179,497.9992953920862
13041,2029,99.65458246306298,496.1629629629636
13041,2470,380.024000000293,299.7785754985749
13041,2815,98.7301586605156,498.0072046375905
13042,2029,99.65577592601562,496.164179013052
13042,2470,380.0141383781522,299.7417470419765
13042,2815,98.73781657528866,498.0151422125729
13043,2029,99.65022037062568,496.1678827180267
13043,2470,380.0640000000044,299.89111111111134
13043,2815,98.71920000055638,497.99629629654186
13044,2029,99.6446648150652,496.1715864216909
13044,2470,380.06394971733926,299.92531215512685
13044,2815,98.72213038675,497.98567628396563
13045,2029,99.6391092593285,496.17529012405214
13045,2470,380.17895652317293,300.1361674739689
13045,2815,98.73154285716055,497.9837566139471
13046,2029,99.6360536676093,496.1747451907963
13046,2470,380.24793296091275,300.15691702871237
13046,2815,98.73597073211045,497.9882475164263
13047,2029,99.63393055670622,496.1726155267356
13047,2470,380.33488000019133,300.2238158119759
13047,2815,98.72301538491683,497.9768213242897
13048,2029,99.63180744576334,496.17048586297494
13048,2470,380.38329056847147,300.2581364906549
13048,2815,98.74047734807618,497.9749662369901
13049,2029,99.62968433476362,496.1683561994883
13049,2470,380.18363756919484,300.1325393890049
13049,2815,98.72953293480009,497.93290308786766
13050,2029,99.62678120411965,496.1665763854359
13050,2470,380.2857988439996,300.24145579021535
13050,2815,98.74866115848704,497.9503397696827
13051,2029,99.61797063143081,496.1659237502412
13051,2470,380.31165500807447,300.2519722050054
13051,2815,98.75848136678655,498.038819821127
13052,2029,99.60916005873628,496.1652711154105
13052,2470,380.27759999999944,300.1318518518521
13052,2815,98.75040000000013,497.9829629629633
13053,2029,99.62239999999838,496.17629629629613
13053,2470,380.7011500231681,299.6184258698855
13053,2815,98.75099340663382,497.9744566545787
13054,2029,99.63210534979225,496.17629629629613
13054,2470,380.3894493318751,299.26071217458406
13054,2815,98.72568648964943,497.958382377641
13055,2029,99.6400500000334,496.17587962965024
13055,2470,380.9575999999993,295.6481481481488
13055,2815,98.73199999999542,497.9170370370367
13056,2029,99.64160000000106,496.1629629629636
13056,2470,389.738000021822,291.4500743674655
13056,2815,98.73577267786686,497.9735600079751
13057,2029,99.64048647923391,496.15909657057534
13057,2815,98.71159550562538,497.9533333333335
13058,2029,99.63916870294725,496.15452095864
13058,2815,98.72639999999251,497.9911111111106
13059,2029,99.63840000020241,496.147920830883
13059,2815,98.72373333435576,497.9666172799826
13060,2029,99.63695893537192,496.1665293711075
13060,2815,98.73009060810318,497.97235932088626
13061,2029,99.63600000078827,496.16000000000014
13061,2815,98.73440000000073,497.9866666666668
13062,2029,99.63599999999815,496.1518518518515
13062,2815,98.72527005692291,497.97572295089566
13063,2029,99.63599999999815,496.16518518518535
13063,2815,98.72767472589317,497.9994464762396
13064,2029,99.63599999999815,496.16518518518535
13064,2815,98.76123636418583,497.8978451181968
13065,2029,99.63599999999815,496.16518518518535
13065,2815,98.76496000481438,492.57762962701946
13066,2029,99.65040000000158,496.164444444444
13066,2815,100.3353600302944,486.7459260389002
13067,2029,99.64508800010208,496.1736666669856
13067,2815,110.19600000000196,475.11111111110995
13068,2029,99.64400000000069,496.17555555555583
13068,2815,123.3635637027703,462.4915155503402
13069,2029,99.54080000019303,495.52407407393105
13069,2815,143.32624004248942,443.5968150533327
13070,2029,111.07573585399564,473.7382824007868
13070,2815,164.75905459470823,426.4664650529557
13071,2029,135.6729019474983,445.4468610855875
13071,2815,188.0124363873506,415.7964312674873
13072,2029,161.372490492829,413.9096708256615
13072,2815,213.02159999999617,404.49851851852037
13073,2029,185.9728018195142,380.2133395260885
13073,2815,235.81104030135407,375.345334218395
13074,2029,201.4684952368043,337.7419741959926
13074,2815,257.1966858082476,337.66455059670244
13075,2029,209.8564836614912,291.6477056241975
13075,2815,287.36205716407994,314.1324869922377
13076,2029,191.46126189178858,257.386838489009
13076,2815,322.8313333423728,306.4565433538622
13077,2029,174.60241738791638,230.78588453548156
13077,2815,356.4156571719934,287.1931219541253
13078,2815,390.5830666878103,269.16641998892055
13079,2815,421.68820000997016,254.55240751823726
13080,2815,447.9162669408254,237.5496305518394
13081,2815,463.09098196913396,212.07589280555038
13082,2815,474.89890934741084,192.798519398955
13083,2815,491.4704004162104,164.8192604876706
13123,5365,498.084900287364,118.19296347935415
13124,5365,482.697672933881,155.66316550506576
13125,5365,465.90223730037224,189.54858166516763
13126,5365,448.38051006737487,221.36803152205653
13127,5365,425.062574985526,224.91844263213778
13128,5365,400.42384000240645,227.60762967396752
13129,5365,373.7853000043117,230.30851860561418
13130,5365,347.0903999999962,232.5311111111106
13131,5365,321.053818206002,240.9991248498995
13132,5365,295.10284446458286,252.84164630889117
13133,5365,269.3016727477129,264.4621551069688
13134,1584,498.5336000000075,127.53111111111038
13134,5365,243.02800000000389,270.6962962962967
13135,1584,484.2104000000006,156.51999999999532
13135,5365,216.70800000000554,270.34444444444495
13136,1584,470.53359999999884,184.0740740740694
13136,5365,190.5050400026198,263.18392596458494
13137,1584,456.6664000000003,210.8644444444443
13137,5365,163.79999999999768,266.1755555555549
13138,1584,440.544265878475,225.83439190744858
13138,5365,137.50239999999962,266.1814814814818
13139,1584,421.42509627669824,226.67532243080112
13139,5365,140.4264000000012,245.3792592592592
13140,1584,401.8664000000001,224.07407407407365
13140,5365,141.5200000025493,239.52629629629675
13141,1584,381.7335999999898,224.93851851851844
13141,5365,141.34960000000092,238.94222222222373
13142,1584,361.3336000000004,227.65407407407335
13142,5365,141.34639999999763,238.95407407407453
13143,1584,341.0490666688986,230.11277782367335
13143,5365,141.34960000000092,238.94296296296247
13144,1584,321.63624002164397,236.9899261097741
13144,5365,141.32880000004775,238.94493827140352
13145,1584,301.9354909300773,248.57797999270815
13145,5365,141.35504000007018,238.93814814783744
13146,1584,281.33360000000494,260.74074074073917
13146,5365,141.3478545454666,238.9537373737174
13147,1584,254.16705458866318,277.14343471021283
13147,5365,141.3678222222245,238.9497119341577
13148,1584,225.8664000000067,279.6296296296299
13148,5365,141.35144000001105,238.94629629635466
13149,1584,204.80000000000018,288.7651851851869
13149,5365,141.3560000000018,238.9422222222224
13150,1584,199.4542400000114,287.21303703726096
13150,5365,141.3560000000018,238.94074074074067
13151,1584,200.12076042278295,285.8573153688366
13151,5365,141.3376000000028,238.92592592592644
13152,1584,200.1120795360805,285.7175438555977
13152,5365,141.34575999999583,238.9274074074068
13153,1584,199.8664000090571,285.2949813719048
13153,5365,141.3560000000018,238.93185185185195
13154,1584,200.0000000173884,285.0934382716053
13154,5365,141.35759999999777,238.93185185185195
13155,1584,199.9920872735231,285.40681930280897
13155,5365,141.3736799999981,238.9459259259259
13156,1584,200.00896585407304,285.24930894026454
13156,5365,141.3624000000027,238.9259259259291
13157,1584,200.13360002270133,285.4937037037044
13157,5365,141.37039999999956,238.93185185185195
13158,1584,200.11764878063332,285.4328003634976
13158,5365,141.37360000000285,238.93481481481516
13159,1584,200.13360000000375,285.5555555555553
13159,5365,141.36159999999904,238.93703703703716
13160,1584,200.10042222227185,285.57848559689415
13160,5365,141.3722181818173,238.91515151512422
13161,1584,200.1303204975045,285.56038647564066
13161,5365,141.36159999999904,238.930962962963
13162,1584,199.18933333611335,285.64864197008234
13162,5365,141.35840000000144,238.9237037037033
13163,1584,200.36373334264113,293.01876546445425
13163,5365,141.36109090910054,238.9369023568826
13164,1584,192.45440028441294,256.47777657496374
13164,5365,141.38520000001336,238.95348148141048
13165,1584,172.96120026198878,227.70770310200916
13165,5365,141.38399999999933,238.9466666666662
13166,5365,141.37185454545715,238.93468013467657
13167,5365,141.36400000001004,238.93896296296325
13168,5365,141.36239999999702,238.93671957671936
13169,5365,141.35840000000144,238.94814814814768
13170,5365,141.33760000000848,238.94274074074028
13171,5365,141.3661333333323,238.93316872430324
13172,5365,141.37069090908767,238.93481481481516
13173,5365,141.3560000000018,238.9170370370375
13174,5365,141.36159999999904,238.93703703703716
13175,5365,141.34159999999838,238.94814814814768
13176,5365,141.34960000000092,238.9274074074068
13177,5365,141.3740000000132,238.94037037032922
13178,5365,141.37600000000248,238.93703703703585
13179,4513,494.7179054975413,147.3939125979229
13179,5365,141.3536000000022,238.94814814814768
13180,4513,478.705649241383,174.2821652410782
13180,5365,141.3756571428621,238.93492063492783
13181,4513,462.76512721900644,200.52826825396573
13181,5365,141.37440000000083,238.9274074074108
13182,4513,446.46566076165414,222.02135001404466
13182,5365,141.37440000000083,238.93185185185195
13183,4513,426.5921116191919,225.02561390908716
13183,5365,141.37039999999956,238.93185185185195
13184,4513,405.5783999999983,225.82799999999835
13184,5365,141.37359999999717,238.93481481481516
13185,4513,381.65316800039136,226.32351111548243
13185,5365,141.37600000000248,238.93185185185195
13186,4513,357.4127786794475,227.75046432040423
13186,5365,141.36399999999867,238.93481481481248
13187,4513,333.53233782999496,231.74172888081836
13187,5365,141.35221818181662,238.9199999999996
13188,4513,310.70204447377483,245.09427186174526
13188,5365,136.92960000000198,249.72814814815257
13189,4513,287.9243199999985,258.56962962963024
13189,5365,147.87920000908912,267.8933332576534
13190,4513,264.9724533341623,271.62259258337906
13190,5365,177.4185600072883,270.9373331899563
13191,4513,242.13898134611551,277.63151101284757
13191,5365,205.6984,279.4296296296284
13192,4513,220.28315204125306,263.1736738023984
13192,5365,232.87839999999278,288.0925925925937
13193,4513,200.49969601356452,248.4388887824054
13193,5365,260.4719999999986,295.7496296296291
13194,4513,189.06055854592296,243.12708416579397
13194,5365,288.13840000000255,299.9281481481482
13195,4513,188.4647718897554,243.44628093623123
13195,5365,316.2144000000012,304.4911111111108
13196,4513,189.09901483156088,243.46703620563392
13196,5365,343.9485091235383,297.36565690090424
13197,4513,189.11680000000158,243.39451851851868
13197,5365,370.9536000302762,283.94162992998287
13198,4513,189.11616000258618,243.288888889843
13198,5365,397.76240000000485,270.5407407407392
13199,4513,189.09264001033648,243.39407407789037
13199,5365,424.7503999999992,258.24962962962906
13200,4513,189.0616,243.6543703703702
13200,5365,450.4696000000024,238.08296296295885
13201,4513,189.06930622953723,243.712884031688
13201,5365,472.7776000000006,202.57407407407047
13202,4513,189.07562491815838,243.6457583489766
13202,5365,495.2403429541107,165.65957704085733
13203,4513,189.0899200000058,243.49288888888898
13203,7949,493.24823447761105,119.90671772322136
13204,4513,189.10271910985557,243.40676322627442
13204,7949,485.3296854140433,146.05231618535464
13205,4513,188.98495643941942,244.02038623843313
13205,7949,476.2427680385872,167.65921490185298
13206,4513,188.9591329610778,244.1324709292332
13206,7949,466.39115890853753,188.26227787964746
13207,4513,189.02933445645542,243.89975408817642
13207,7949,455.4275922669308,208.54748042252314
13208,4513,189.0744104486248,243.58096296646357
13208,7949,442.5437307681068,221.4216270595275
13209,4513,189.09953591181875,243.33155064454638
13209,7949,426.64767993833834,223.49111318851467
13210,4513,189.10045645926516,243.17656129572308
13210,7949,410.082007605696,225.27329763321012
13211,4513,189.10557124805905,243.21817561088176
13211,7949,391.9118755569275,227.2288889132805
13212,4513,189.07720393445516,243.65542521764905
13212,7949,372.6709915177196,229.96874078371565
13213,4513,189.05890540829773,243.80478511998317
13213,5130,499.9007200922182,102.47721225456897
13213,7949,353.37854060764244,232.17397532987906
13214,4513,189.06083868194742,243.7567814419932
13214,5130,494.0905091537604,125.16803374854968
13214,7949,334.834304001655,233.78428150693597
13215,4513,189.07752263749103,243.6414424094864
13215,5130,488.6372800000021,143.29118518518635
13215,7949,317.0041760012475,235.39777780203065
13216,4513,189.06780546707864,243.65894336419734
13216,5130,482.0512800000023,157.25007407407654
13216,7949,299.4308177792595,237.47416299341828
13217,4513,189.07133966854758,243.56854675685602
13217,5130,475.41396000584655,170.32128890426114
13217,7949,281.9938666675455,239.67111112912343
13218,4513,189.08694032790098,243.54469216760145
13218,5130,468.5313249234139,182.86200424647748
13218,7949,264.5546560004482,241.14266667533136
13219,4513,189.1147617823867,243.5717011317502
13219,5130,461.92382237360164,195.95717662631174
13219,7949,247.31734400067353,243.1436296426259
13220,4513,189.14032188314195,243.6410631787025
13220,5130,455.50174547406414,209.105104429977
13220,7949,229.9215822231497,246.6473745030968
13221,4513,189.0844950279029,243.74894372856758
13221,5130,448.9952530267732,221.29396120622192
13221,7949,212.5381478831605,250.62009884179082
13222,4513,189.06330685349417,243.81731299173026
13222,5130,441.0202115502733,230.33550782288592
13222,7949,195.31130182264974,255.38355563071758
13223,4513,189.03698696743277,243.92911527279847
13223,5130,432.1498226937934,237.93177061623516
13223,7949,177.85759999999644,260.4739259259254
13224,4513,189.0424853333525,243.91236543223437
13224,5130,422.32839200110504,244.66637779088308
13224,7949,160.6328320012267,264.0022222466849
13225,4513,189.02578133343354,243.95313954267328
13225,5130,411.04840800257534,249.92406669724332
13225,7949,144.4929716398667,266.6208620230741
13226,4513,189.0188800000328,243.96656310679597
13226,5130,399.2769381823041,253.63296297194094
13226,7949,128.15198545703993,269.0282559425323
13227,4513,189.0098777778553,244.01400102899663
13227,5130,387.00883636727497,254.8036363616084
13227,7949,111.53639111175835,272.052707832001
13228,4513,189.01642413894137,244.00399324269762
13228,5130,374.8616436422231,251.75404035042413
13228,7949,94.0407869231524,275.1007088924271
13229,4513,189.01453211009425,243.99891946980335
13229,5130,363.1435199999999,243.98599999999914
13229,7949,75.5133476576168,277.61248421727316
13230,4513,189.0230671039171,243.9522801050822
13230,5130,351.4067200001256,236.2992518497502
13230,7949,56.82288000336712,280.34571050553734
13231,4513,189.0256840089262,243.97125475795244
13231,5130,339.8826690921612,231.75969765121175
13231,7949,38.407456975198784,280.76894272388176
13232,4513,189.02278237294468,243.93668549864535
13232,5130,328.03537454768787,234.34851181488602
13232,7949,20.218880006483456,276.8555406444553
13233,4513,188.93957335523626,243.95817282248024
13233,5130,315.96119999999587,237.85548148148195
13234,4513,188.37659742103938,243.63466165857895
13234,5130,303.7752799999936,241.4838518518525
13235,4513,184.61534933568944,240.60709134052627
13235,5130,291.5683272735737,245.09036364850624
13236,5130,279.31628363834477,248.51921888354812
13237,5130,267.1991272746049,252.49519193871862
13238,5130,255.12404364072893,258.2665589681228
13239,5130,243.20244800096305,264.0822963079781
13240,5130,231.5333120022592,268.4389629902233
13241,5130,220.01903999999968,270.6402962962961
13242,5130,207.82106181830156,270.988626261506
13243,5130,195.1470109093725,270.2989427583282
13244,5130,182.47185454562612,269.5411919166577
13245,5130,169.9695272731259,268.7954478055357
13246,5130,157.98015999999905,268.0099999999994
13247,5130,146.2434545457529,266.69010773811743
13248,5130,134.19032727342255,265.63420200622477
13259,10438,497.93141824558234,124.7079463089169
13260,10438,487.265018299405,146.86175116148314
13261,10438,477.07840016896625,170.2711115312816
13262,10438,465.2355780614698,192.74948943050308
13263,10438,452.8511274373159,215.52740787303358
13264,10438,437.95808126772044,223.88631312588126
13265,10438,422.1995190762357,226.8060571238182
13266,10438,406.3792888898888,227.21991767516903
13267,10438,390.64080000219406,228.5257778198988
13268,10438,374.47031111197475,231.20666668266287
13269,10438,357.54159999999615,233.35407407407337
13270,10438,339.86284444765147,235.6386008766931
13271,10438,324.33120000165445,240.011851880668
13272,10438,309.2973600115897,246.90562973504248
13273,10438,294.46494545575206,250.83616164097933
13274,10438,279.07904000817894,252.30811120974982
13275,10438,263.1342545509085,254.39131322832554
13276,10438,246.9252444457993,256.7697119605972
13277,10438,230.3410666692855,260.38296301558563
13278,10438,213.68749090996744,261.4671380427502
13279,10438,196.6706400010537,262.3366666829914
13280,10438,179.7200000000032,263.66074074074055
13281,10438,162.8280000013092,265.2914815082925
13282,10438,145.50159999999437,265.2540740740736
13283,10438,127.70960000563605,266.8121886562267
13284,10438,110.55636364239945,272.0476768522102
13285,10438,93.61907996255354,275.40027212510563
13286,10438,76.75034901245681,276.66189752245816
13287,10438,60.04168889051016,278.98288069074727
13288,10438,43.67199999999798,281.28296296296276
13289,10438,28.301120007716918,277.3729628753903
13290,10438,12.68800000000283,272.1962962962965
13314,7326,14.897600000003878,286.7924444444452
13315,7326,36.74352000073213,284.70010368944344
13316,7326,56.18704000048865,280.50337776827064
13317,7326,75.3028491042312,278.038064339619
13318,7326,94.61784606948753,276.0046848683879
13319,7326,112.22815999999966,275.3856296296293
13320,7326,125.76000000000134,273.87629629629663
13321,7326,137.12000000000103,271.72814814814814
13322,7326,147.73003636385852,270.02070033433756
13323,7326,158.0140945456924,268.93582491424974
13324,7326,168.45810909097395,268.93822222222207
13325,7326,179.22656000000416,270.6911111111114
13326,5358,1.8735999999989872,285.3517777777779
13326,7326,190.37550545556542,273.3176430805482
13327,5358,18.59984000000452,287.9528148148147
13327,7326,201.58196363704178,276.10558921419283
13328,5358,34.45296800016308,286.18471852159865
13328,7326,212.5039272773222,279.1320807818594
13329,5358,49.71367200140264,281.8015778054843
13329,7326,223.12501818487704,282.5228686693897
13330,5358,64.91208156553967,279.7013462637443
13330,7326,233.57359999999744,286.32103703703814
13331,5358,79.93681437755755,277.81905770690065
13331,7326,243.73359999999934,289.827259259259
13332,5358,94.79952258918104,276.12980533210305
13332,7326,253.58056727281908,292.1480000000001
13333,5358,109.47559999999328,274.9482222222224
13333,7326,263.3187054591974,294.0313400410548
13334,5358,123.9150399999977,273.71703703703696
13334,7326,272.9754181848739,296.0690908915671
13335,5358,138.7772866667416,270.9267530869757
13335,7326,282.90168727288346,297.9444444444439
13336,5358,153.9567072734951,268.8544410821043
13336,7326,293.1030981819197,299.8271111111102
13337,5358,169.43774545519375,268.4017845087274
13337,7326,303.33200001587784,301.991192356458
13338,5358,185.18376000000103,269.5324444444438
13338,7326,313.53528728340734,304.644251694429
13339,5358,201.13175999999729,273.4479259259266
13339,7326,323.3007301871703,310.2540888314793
13340,5358,216.842896200381,279.85929944529045
13340,7326,333.3170880035266,315.5110221839492
13341,3034,5.508000000003221,289.1681481481483
13341,5358,232.4781546933235,286.6856949963832
13341,7326,342.6746880049336,312.28877039875647
13342,3034,25.462399999997842,291.2170370370366
13342,5358,247.94153455560433,293.7173668910864
13342,7326,351.4268800082141,304.90103708436123
13343,3034,42.870399999992514,281.92074074074094
13343,5358,263.2582109198939,300.64148810078575
13343,7326,360.11868343608967,301.25867944342957
13344,3034,61.21776000085788,280.2537037005022
13344,5358,278.1817866853322,308.42721799254247
13344,7326,366.3864609552036,300.4307936904047
13345,3034,79.5374483374701,278.25455341238217
13345,5358,292.38526667046017,311.06827166037186
13345,7326,371.46655999999894,300.6911111111108
13346,3034,98.41840000000843,275.88888888888886
13346,5358,307.3901200020191,307.46785188976446
13346,7326,374.31999999999897,300.0985185185185
13347,3034,121.93839999999909,264.36296296296626
13347,5358,322.797348572447,305.3338836063888
13347,7326,374.7198400000002,300.0245925925924
13348,3034,149.26102315581034,238.56679095769783
13348,5358,336.3615044260735,301.98557199716424
13348,7326,374.590560000114,300.7092390572388
13349,1462,491.2094879344892,140.85865913650753
13349,3034,171.42400003929765,228.19234570840342
13349,5358,349.62344146705334,294.30670179258465
13349,7326,374.5361600000763,301.1887272727272
13350,1462,476.6277505643927,168.13454261961147
13350,3034,171.62748350923493,227.81580908277442
13350,5358,364.18616686712653,286.5785672923444
13350,7326,374.5367872021268,301.8794133211304
13351,1462,463.3037607762583,195.59561309062846
13351,3034,171.80128431381263,227.75525455759805
13351,5358,379.00797299472345,279.52883415237386
13351,6225,489.2461745545842,157.3525253054635
13351,7326,374.5662308716453,302.25261790620283
13352,1289,489.18293854803096,156.93317310291576
13352,1462,450.5583976031727,221.23384791071678
13352,3034,171.97508506867507,227.69469936029708
13352,5358,394.1591371689231,273.0400372026776
13352,6225,474.0963497758451,177.64541477253505
13352,7326,374.611762305459,302.29503057452536
13353,1289,472.36135875890795,185.75987140980567
13353,1462,435.37957808691715,239.1319910216485
13353,3034,172.14888577382794,227.63414349086486
13353,5358,409.6202053687404,265.24817251164154
13353,6225,462.35331646728923,194.76264610639493
13353,7326,374.6518299502054,302.33235382026555
13354,1289,455.5574199544458,215.53983394014375
13354,1462,416.61609601198563,249.88782234788442
13354,3034,172.32268642926556,227.57358694928277
13354,5358,425.7951066694545,256.4646975493743
13354,6225,451.63968995960545,210.57149750457205
13354,7326,374.666400000001,302.1237037037032
13355,1289,435.862064028845,225.93970131918218
13355,1462,397.05218531168896,259.4041416936903
13355,3034,172.4964870349936,227.51302973554056
13355,5358,441.7421133645195,246.01644463459738
13355,6225,437.92070964082376,220.98543471443
13355,7326,374.666400000001,301.82711111111104
13356,1289,414.73450727456225,226.38016885007417
13356,1462,378.331035594656,270.3159423421626
13356,3034,172.67028759100072,227.45247184962602
13356,5358,454.8935400550556,228.3660928046738
13356,6225,420.7853421723746,224.7605949501257
13356,7326,374.666400000001,301.3579259259262
13357,1289,392.3301920058657,227.51850371091643
13357,1462,360.132225463584,282.5670371018982
13357,3034,172.84408809729825,227.39191329152519
13357,5358,467.11640000000153,209.30622222221794
13357,6225,402.08008000000575,225.53103703703692
13357,7326,374.666400000001,301.1111111111113
13358,1289,369.97942400345323,229.91851858779745
13358,1462,342.16857456807185,295.839825071651
13358,3034,173.01788855387485,227.3313540612243
13358,5358,478.98905601130247,188.67126670080526
13358,6225,381.17352000000557,224.1110370370374
13358,7326,374.74655999999976,300.96311111111083
13359,1289,348.43542400511296,231.7267556570597
13359,1462,322.9771636468803,303.4445387873212
13359,3034,173.19168896074189,227.27079415871066
13359,5358,493.6960641016793,161.99925215913734
13359,6225,360.48008000000607,228.95051851851878
13359,7326,374.95983999999794,301.01244444444444
13360,1289,329.5057920568138,240.8423706795677
13360,1462,303.9894690912615,306.7890370370361
13360,3034,173.3654893178823,227.2102335839763
13360,6225,339.26813091205815,233.19440409295922
13360,7326,375.0663999999972,301.25911111111117
13361,1289,313.78310411317557,255.28487469299787
13361,1462,285.38545779359197,313.967481596106
13361,3034,193.01120011620014,260.0922216397812
13361,6225,318.0194254643476,237.55649107464572
13361,7326,375.0663999999972,301.2839999999999
13362,1289,297.5799045252029,272.7490210048802
13362,1462,267.3237493562891,325.825570543073
13362,3034,221.41840001439732,279.30607388762473
13362,6225,297.5879200067351,243.1395630631219
13362,7326,375.0663999999972,301.16059259259265
13363,1289,279.1721351416277,284.94889244867625
13363,1462,249.89799291959682,340.38038866558895
13363,3034,251.57720004340834,292.23444399229925
13363,6225,277.2592145545667,250.90820880645492
13363,7326,374.9867200000039,301.1111111111113
13364,1289,261.3508960041361,299.87899264124576
13364,1462,232.7860666974993,355.7783063527833
13364,3034,281.1283636390158,297.7853872259053
13364,6225,256.7031272940011,260.88006746197624
13364,7326,374.9336000000085,301.85200000000003
13365,1289,244.81024009206865,319.6370374303914
13365,1462,215.2639382345069,370.51844612943086
13365,3034,311.66000000000054,300.70222222222196
13365,6225,237.66072727290577,268.74066666666585
13365,7326,375.4136000000005,298.71614814814797
13366,1289,228.60453341209677,339.48457647514687
13366,1462,197.81537242467036,385.8970104485333
13366,3034,340.2933716380005,298.71386433960834
13366,6225,222.1671854639601,274.20290238288624
13366,7326,380.385760004948,288.14100745141167
13367,1289,211.9992243788488,358.62892242953694
13367,1462,180.9053040181061,402.03918528160966
13367,3034,366.74312729826966,283.30356927744793
13367,6225,210.1019709300704,285.0828956835245
13367,7326,392.3547200032999,279.30388151081775
13368,1289,195.27805684320128,378.47777828045736
13368,1462,164.0978400289015,418.1990668217874
13368,3034,394.44840003771446,268.95340777077934
13368,6225,203.61336002417886,294.01229636612493
13369,1289,179.12271430916573,398.0943844251774
13369,1462,146.71014404886648,435.4024595178054
13369,3034,423.2705778565901,253.14197600755017
13369,6225,201.74378650581218,296.7758896288142
13370,1289,163.0026813001041,416.8841560422749
13370,1462,127.95931783479261,451.548541481384
13370,3034,449.8625781005046,233.49391046087064
13370,6225,201.76498615969365,297.4800877660606
13371,1289,146.3949867678275,435.03088116579124
13371,1462,111.6952277261305,443.6061936329445
13371,3034,471.6797335095862,196.6179429591055
13371,6225,201.96058800001197,297.4445185185184
13372,1289,129.20224016216594,453.8013340958231
13372,1462,97.32960010033878,423.3891255393778
13372,3034,493.0600001839821,160.5090376532501
13372,6225,201.8679586666866,297.5311111111116
13373,1289,112.13470675788017,472.8252802727133
13373,1462,84.12660515653329,403.9583499160775
13373,6225,201.86639999999443,297.5311111111116
13374,1289,100.86686901703729,488.6465906402757
13374,1462,70.63141819854707,385.0963299056005
13374,6225,201.8265599999944,297.56800000000004
13375,1289,98.9660985865521,497.64665422391283
13375,1462,56.510130984821096,365.5509492067031
13375,6225,201.73359999999434,297.6540740740734
13376,1289,98.7833920006176,499.48368888803896
13376,1462,42.781765887393696,346.33177280278284
13376,6225,201.69351999999495,297.6171851851848
13377,1289,98.72271999999839,499.5776296296295
13377,1462,29.577496059062582,328.06754052213006
13377,6225,201.59999999999627,297.56800000000004
13378,1289,98.73088000000166,499.5799999999999
13378,1462,15.471240055103408,308.9816878385192
13378,6225,201.55991999999688,297.6540740740734
13379,1289,98.73360000000275,499.5799999999999
13379,6225,201.4663999999982,297.6540740740734
13380,1289,98.72271999999839,499.5799999999999
13380,6225,201.4663999999982,297.6540740740734
13381,1289,98.7199999999973,499.5799999999999
13381,6225,201.4663999999982,297.6540740740734
13382,1289,98.7199999999973,499.5799999999999
13382,6225,201.42655999999818,297.6540740740734
13383,1289,98.7199999999973,499.5705185185182
13383,6225,201.37343999999817,297.6540740740734
13384,1289,98.7199999999973,499.56814814814777
13384,6225,201.38647999999876,297.6171851851848
13385,1289,98.71070254545316,499.56814814814777
13385,6225,201.24007999999947,297.56800000000004
13386,1289,98.71767563636126,499.5776296296295
13386,6225,201.21537066784583,297.54461233898553
13387,1289,98.73088000000166,499.5799999999999
13387,6225,201.01765156388637,297.33532511454695
13388,1289,98.72432196319778,499.5705185185182
13388,6225,201.15992001301208,297.432284837323
13389,1289,98.72040049079713,499.56814814814777
13389,6225,200.98648000000253,297.3334074074072
13390,1289,98.7199999999973,499.56814814814777
13390,6225,200.80000000548463,297.1339958617838
13391,1289,98.7199999999973,499.5776296296295
13391,6225,200.80000001279248,297.09833602317445
13392,1289,98.7199999999973,499.5799999999999
13392,6225,200.80000000142945,297.1215679012347
17394,3765,19.53864001419504,292.6047407407406
17395,3765,39.91321456126116,284.819138256134
17396,3765,61.49391274227696,281.15224601096986
17397,3765,82.80414493711532,277.87166282827627
17398,3765,103.17305314099713,275.86547556559935
17399,3765,122.7634836493678,273.10313818729037
17400,3765,141.11173818326108,270.7263569179297
17401,3765,158.43757600058723,269.82740740740695
17402,3765,175.17598400097484,269.86399999999963
17403,3765,191.09756000833445,271.66666661970964
17404,3765,206.39160809470584,276.3180140703179
17405,3765,221.43173818325465,281.2366060449709
17406,3765,236.51515637092018,285.7382692817585
17407,3765,251.322421818993,289.95171716299393
17408,3765,266.24024000000765,293.59237037036934
17409,3765,281.2931200312113,297.357925290612
17410,3765,296.7415951622621,301.45044205021156
17411,3765,312.33287709964776,305.86410966947386
17412,3765,328.173528008802,308.619733409643
17413,3765,343.05626400087476,301.5543185280596
17414,3765,357.87757600782754,292.9516741595537
17415,3765,372.68024000870014,284.41955565058976
17416,3765,387.33602400086795,276.3567703798739
17417,3765,401.91296728067584,268.8787677955773
17418,3765,416.48569002490945,261.36807291107766
17419,3765,430.5942992956034,253.72826474024123
17420,3765,444.25093093611224,244.05405395158164
17421,3765,456.65276916330356,228.29584800128822
17422,3765,468.79888148221545,209.96852269822108
17423,3765,480.3428364311089,189.89247836621837
17424,3765,491.9088290976538,170.23144783794652
17439,8021,498.4195638164465,110.95043800386107
17440,8021,490.2743999999984,135.2355555555549
17441,8021,481.88559999999256,155.7444444444438
17442,8021,472.8063999999961,175.024444444444
17443,8021,462.84438231660374,193.82861690867514
17444,8021,452.8639999999996,212.49851851851798
17445,8021,439.7748433132449,221.69113389449024
17446,8021,424.54392391568945,224.6179460750477
17447,8021,408.8376000024198,226.77140745627077
17448,8021,390.62840000106576,228.04459260754518
17449,8021,371.74600000095097,229.23933334080272
17450,8021,353.1100800016759,230.58577779432233
17451,8021,334.59199999999214,231.70148148148195
17452,8021,316.1951200030103,237.50037042735417
17453,8021,297.5096000000008,242.58740740740592
17454,8021,279.31600000000003,247.9644444444451
17455,8021,261.3576000045839,252.2654074808437
17456,8021,242.84000000000106,257.27037037037115
17457,8021,224.55760000000282,261.79407407407365
17458,8021,206.27883636566935,260.6066666300999
17459,8021,187.28399999999965,260.58000000000027
17460,8021,168.08936000338122,263.1866667299569
17461,8021,149.94984000096565,265.09555556230936
17462,8021,133.06240000431444,265.56922565636285
17462,8957,489.407440083113,150.4712595599902
17463,8021,116.93600000000401,269.50222222222277
17463,8957,474.82160019048365,175.079259850059
17464,8021,101.0311200013632,273.9358518785229
17464,8957,460.3533764823851,199.8512181020915
17465,8021,84.30073457658978,276.0268384814997
17465,8957,445.3882067703091,219.92477178464176
17466,8021,67.20240000000217,278.04592592592604
17466,8957,426.89818869059195,220.86160303310075
17467,8021,49.23600000000192,280.8355555555573
17467,8957,408.25080000153093,221.07407404428247
17468,8021,31.393600000001243,279.19111111111204
17468,8957,386.25440007713223,223.41318636764828
17469,8021,13.546844449041373,274.07786000826763
17469,8117,1.9368000000059735,291.44014814814636
17469,8957,363.7240000188342,228.93088923569184
17470,8117,19.806799999997793,294.11666666666724
17470,8957,341.1001600034467,232.67666673641463
17471,8117,35.60023999999885,286.56762962963313
17471,8957,318.30504001516147,241.5479261071445
17472,8117,52.44055999999773,281.9470370370376
17472,8957,296.00530912459817,253.87003394239892
17473,8117,70.54530533176262,279.4501791089499
17473,8957,273.86514327756686,266.4529141568619
17474,2797,495.15856015623854,125.93340778408191
17474,8117,89.22974798584674,276.98064901758437
17474,8957,251.11600000000178,277.3385185185191
17475,2797,481.8960000000004,156.6333333333334
17475,8117,108.3594400000055,275.08666666666716
17475,8957,229.4999999999959,273.50518518518487
17476,2797,468.0385453827796,184.03095985454732
17476,8117,127.687839999993,272.9328148148158
17476,8957,209.94014548453492,256.0237035170687
17477,2797,453.9508001030356,210.70318547685352
17477,8117,147.29079999999897,269.95370370370364
17477,8957,193.7720000000013,244.8800000000011
17478,2797,436.8355125081848,222.70684589697342
17478,8117,166.8129599999986,269.44718518518516
17478,8957,188.52239999999938,244.01111111111118
17479,2797,417.88048916577054,227.54883376516543
17479,8117,185.22215999999958,273.0679999999994
17479,8957,188.13488288343478,245.41562896284842
17480,2797,396.2396363649759,228.75912459423398
17480,8117,203.43328000000383,278.2927407407407
17480,8957,188.24608715181057,245.4790978622703
17481,2797,373.80000000000564,229.98518518518463
17481,8117,221.20311999999956,282.88629629629634
17481,8957,188.29870055520246,245.47800288189148
17482,2797,351.5034909102667,230.85037037036972
17482,8117,239.14488000000006,287.566
17482,8957,188.22412272742213,245.42569865080986
17483,2797,328.79839999999945,231.02370370370485
17483,8117,257.4885599999948,292.93125925925966
17483,8957,188.14076502820853,245.4137462044712
17484,2797,305.84559999999783,238.33925925925925
17484,8117,275.02935999999806,297.16962962963
17484,8957,188.13650386806557,245.45751995122123
17485,2797,283.36239999999293,245.87629629629794
17485,8117,292.56407999999504,301.97429629629636
17485,8957,188.0945162011244,245.40821849799553
17486,2797,260.71039999999925,251.86148148148146
17486,8117,310.1223200000015,307.03296296296287
17486,8957,188.04596721313942,245.36979963533634
17487,2797,237.59949092334978,258.92208772127987
17487,8117,327.63567999999964,310.59000000000015
17487,8957,188.00346519371374,245.3331491691486
17488,2797,214.80559999999969,260.7688888888886
17488,8117,343.6773600000003,304.5281481481461
17488,8957,187.92399999999816,245.2651851851848
17489,2797,191.06240000000412,262.59407407407355
17489,8117,359.85983999999803,293.7231111111094
17489,8957,187.90950382655183,245.263108673742
17490,2797,167.11200000147528,263.69237036781624
17490,8117,375.6776000000019,283.4664444444428
17490,8957,187.9146666693316,245.26798353246514
17491,2797,143.17360000000008,263.61481481481496
17491,8117,392.09096000000216,274.3104444444446
17491,8957,187.86197127279252,245.23381623452022
17492,2797,137.75999999999726,247.4444444444448
17492,8117,409.1340000004311,264.8385185233455
17492,8957,187.92600000487596,245.2804279727536
17493,2797,142.20639999999776,238.14666666666207
17493,8117,426.83120000388044,256.0785185619492
17493,8957,187.83073043762215,245.2258695656697
17494,2797,142.8096000000039,237.3999999999965
17494,8117,443.6983999999961,247.17259259259183
17494,8957,187.76960000000145,245.10740740740667
17495,2797,142.84929361770082,237.38486997339535
17495,8117,456.5219999999988,228.84888888888844
17495,8957,187.825728177296,245.16466544024618
17496,2797,142.82799999999725,237.42444444444487
17496,8117,468.90976000000705,209.90962962962968
17496,8957,187.83316404978336,245.22389097169372
17497,2797,142.8084266668577,237.38660493742802
17497,8117,480.6672800000001,190.64348148148457
17497,8957,187.87580909952908,245.2661868325885
17498,2797,142.8416056749029,237.41315472699486
17498,8117,492.638320000001,171.31718518518514
17498,8957,187.8859049726941,245.2675465522658
17499,2797,142.80160000000706,237.39851851851856
17499,8957,187.80788701360507,245.1020045724115
17500,2797,142.78960000004304,237.42121810699658
17500,8957,187.79840000000263,245.1629629629628
17501,2797,142.83350354644426,237.38014709907907
17501,8957,187.80557765493313,245.19280777882858
17502,2797,142.78400000000033,237.4296296296301
17502,8957,187.8192711123745,245.17046914003805
17503,2797,142.7870755563447,237.40657613546068
17503,8957,187.82239999999888,245.19851851851814
17504,2797,142.7909276600417,237.39664302539487
17504,8957,187.78661899522717,245.184415474039
17505,2797,142.73925333356487,237.38141975055592
17505,8957,187.83190168389297,245.20574382149985
17506,2797,142.80834033155543,237.4180888081603
17506,8957,187.7679999999998,245.09851851851795
17507,2797,142.79440000006502,237.42534391534397
17507,8957,187.87550590564592,244.47784062585987
17508,2797,142.79040000000123,237.411111111111
17508,8957,189.08065454759821,245.54202023735883
17509,2797,142.79626666739205,237.42098765516317
17509,8957,171.11706668572992,230.66938242356215
17510,2797,142.82011428593364,237.4035978870086
17511,2797,142.80400000000668,237.44222222222254
17512,2797,142.8346400010298,237.39508231332306
17513,2797,142.7974865259671,237.41401629025893
17514,2797,142.7983999999924,237.43851851851906
17515,2797,142.82485333612271,237.40846913142045
17516,2797,142.78793191695058,237.40324665242474
17517,2797,142.8135999999938,237.41629629629622
17518,2797,142.80262666705994,237.4203045264438
17519,2797,142.80400000000668,237.411111111111
17520,2797,142.78959999999188,237.38888888888843
17521,2797,142.80656698285839,237.39408100021265
17522,2797,142.8150070938159,237.4147990582649
17522,9158,495.4628803205992,124.20493905779084
17523,2797,142.83440000000382,237.4074074074075
17523,9158,478.81884845644095,161.0516061010554
17524,2797,142.78497777816028,237.42052674998314
17524,9158,461.5426720940718,198.06666690822604
17525,2797,142.8029521129531,237.41038602308782
17525,9158,440.73198212733024,227.73728885578558
17526,2797,142.80560000000264,237.43333333333382
17526,9158,415.58663557956834,245.75722396586497
17527,2797,142.81040000071243,237.42037037202323
17527,9158,389.857120064986,258.5332352216987
17528,2797,142.80257143056474,237.40521163802987
17528,9158,367.6651200200172,265.3453335689282
17529,2797,142.82640000000129,237.39407407407364
17529,9158,355.62417454739375,268.682882181515
17530,2797,142.78684444535088,237.3878271529486
17530,9158,351.7890570146403,268.96448222947123
17531,2797,142.79552907821653,237.40410822247958
17531,9158,350.8807295876454,269.12331682961053
17532,2797,142.81760000000077,237.39851851851856
17532,9158,350.7418890607721,269.14867280544263
17533,2797,142.80542666678002,237.41323456806907
17533,9158,350.76319999999896,269.144888888889
17534,2797,142.83280000052514,237.39506173595416
17534,9158,350.74577797781103,269.1018476899849
17535,2797,142.81199999999785,237.39111111111154
17535,9158,350.715604494452,269.0922397002744
17536,2797,142.84976000009237,237.3844444461235
17536,9158,350.6923199999971,269.0955555555561
17537,2797,142.84127659814203,237.39550829419076
17537,9158,350.67949303393675,269.09090304041206
17538,2797,142.82240000000002,237.39407407407364
17538,9158,350.6753914807552,269.0690055950711
17539,2797,142.81687513896486,237.40316350193868
17539,9158,350.63491801714804,269.01347695930997
17540,2797,142.8069900714206,237.42886262204354
17540,9158,350.6249828191494,269.00582875401733
17541,2797,142.79999999999404,237.3540740740745
17541,9158,350.5977629031247,268.9595344819722
17542,2797,142.83116889022267,237.38753497146382
17542,9158,350.6245718571415,268.99972491249866
17543,2797,142.80585531965926,237.4213186252734
17543,9158,350.67644058930455,269.07009103489133
17544,2797,142.82240000000002,237.37259259259247
17544,9158,350.6628504245498,269.0598552930361
17545,2797,142.79658994428814,237.40889716747526
17545,9158,350.6754223566236,269.0567593895634
17546,2797,142.80383098773086,237.40785081580285
17546,9158,350.55912596039553,268.86124433648064
17547,2797,142.80400000000668,237.4296296296301
17547,9158,350.5119040125385,268.7672971930883
17548,2797,142.817933333356,237.4370987648744
17548,9158,350.46441180379816,268.65373406084393
17549,2797,142.80882253793266,237.4022430910505
17549,9158,350.385842243511,268.55018745006754
17550,2797,142.8575999999964,237.40888888888924
17550,9158,350.2817805608754,268.0456950106649
17551,2797,142.82839111120325,237.39715226357205
17551,9158,350.2247999999952,267.4562962962961
17552,2797,142.81040000040548,237.40330158730094
17552,9158,350.22963636935737,266.82975085424874
17553,2797,142.82559999999194,237.39407407407364
17553,9158,350.1748366603874,266.6264204275268
17554,2797,142.80861333342614,237.40821810728673
17554,9158,350.1888568920117,266.58252345626863
17555,2797,142.81960283842068,237.3711741536715
17555,9158,350.06785231444496,267.3462629168184
17556,2797,142.82559999999194,237.37777777777768
17556,9158,350.0788430786122,267.7518990625376
17557,2797,142.79999999999404,237.33703703703713
17557,9158,350.20672000000104,268.0291851851855
17558,2797,142.81445106476554,237.4081639002379
17558,9158,350.2204183491233,268.0552907059599
17559,2797,142.83599999999979,237.39481481481505
17559,9158,350.24170458728,268.0581560098236
17560,2797,142.83346666778698,237.41762962827283
17560,9158,350.3437819950909,268.4160897303003
17561,2797,141.61171359262994,238.73607149262787
17561,9158,350.35610190502325,268.49930748855735
17562,2797,141.1639999999977,239.09037037037018
17562,9158,350.4175191015645,268.5481731158474
17563,2797,141.1877555566491,239.09353909084373
17563,9158,350.55519999999547,268.7610370370366
17564,2797,141.20912676195303,239.07810120623884
17564,9158,350.3588800000159,268.3518123459072
17565,2797,141.19759999999815,239.07555555555592
17565,9158,350.29576584386405,268.3157753900753
17566,2797,141.19715555987113,239.0970205728422
17566,9158,350.2633919079381,268.28061981098995
17567,2797,141.18382535237401,239.0894627010789
17567,9158,350.2589801127828,268.1912578774719
17568,2797,141.20159999999942,239.08888888888845
17568,9158,350.24524000025855,268.01550617226775
17576,4641,10.323679999999056,288.0742222222228
17577,4641,27.29231999999911,288.2908148148158
17578,4641,45.64588000112508,283.8691111338718
17579,4641,64.75562424392706,279.772507324842
17579,7661,499.9428728738053,123.79528650570926
17580,4641,83.0155473127138,277.14949064100745
17580,7661,490.2903999999978,144.4392592592587
17581,4641,100.49750669299101,275.5579095791452
17581,7661,480.1418001202876,164.53918554312062
17582,4641,118.13503999999853,274.3712592592598
17582,7661,469.13813342195,184.69462988516017
17583,4641,136.4072400023963,271.2060000422083
17583,7661,457.53693702131386,205.36930333057768
17584,4641,155.7067866690477,268.5231605333989
17584,7661,443.93062149630964,218.94567740865978
17585,4641,176.22136000052595,270.2608395137951
17585,7661,429.39129039743875,221.49216462264997
17586,4641,196.9860218208987,274.20498311926787
17586,7661,414.8518396359691,224.0362596121277
17587,4641,217.2308945472628,280.3643097338335
17587,7661,400.41199999999435,222.5577777777792
17588,4641,237.2346285944866,289.6464759659256
17588,7661,387.2014545480795,226.33420879515742
17589,4641,257.27550706532156,296.8199468954942
17589,7661,373.5240000023623,228.81670037705982
17590,4641,276.9139520015539,299.7542221923879
17590,7661,360.45839999999885,230.2459259259264
17591,4641,295.90681600227185,303.5060147737052
17591,7661,346.58640000000105,231.30962962962997
17592,4641,315.0496640016923,308.7452444198737
17592,7661,331.83200000000284,233.1570370370364
17592,10184,3.5969920002753493,286.04743703138837
17593,4641,333.8598400001195,306.255555557444
17593,7661,316.9343999999967,239.09259259259065
17593,10184,20.414160003793995,287.80601481636546
17594,4641,352.34374401141054,297.9984297375171
17594,7661,302.9658285744006,243.3738272199699
17594,10184,36.95164801072224,285.56343713360974
17595,1325,12.360079999998563,289.18525925925854
17595,4641,370.5952960145771,288.83497119281867
17595,7661,288.86581818348986,245.90976434002454
17595,10184,53.44269090925537,281.5590707101707
17596,1325,29.443128914033995,288.1428148870997
17596,4641,387.2208727430825,278.90626276190835
17596,7661,274.2871200016225,249.28459262346703
17596,10184,68.87128324891364,279.7079494908472
17597,1325,46.278755566453924,283.45274077172047
17597,4641,401.51802182561937,270.3656431537973
17597,7661,259.5684571470599,252.42980607502807
17597,10184,83.25775844751206,277.76888882288574
17598,1325,62.59102667616845,279.87871615057844
17598,4641,414.2946141072764,263.5565217699769
17598,7661,245.08400000000847,256.0940740740736
17598,10184,97.04342400017028,275.9543555522701
17599,1325,77.96600312819578,277.8068788817216
17599,4641,427.24056940974606,256.5708540717324
17599,7661,230.4924000010601,259.06392594758773
17599,10184,109.57182933437707,275.4400395006644
17600,1325,92.85819626006457,276.15988987252126
17600,4641,440.00874666992445,248.07479015828426
17600,7661,215.72000000000457,259.6422222222217
17600,10184,123.06332606246997,274.518051664294
17601,1325,105.98598933401661,276.1111851851854
17601,4641,450.77439999999797,235.3057777777803
17601,7661,201.47456000114516,259.0485185130824
17601,10184,138.22757091065455,271.85872999811875
17602,1325,118.9281760110697,274.8445482653816
17602,4641,461.2449599999991,219.89511111111025
17602,7661,187.40640000000326,259.5740740740744
17602,10184,154.03184000125975,269.1962666918808
17603,1325,133.16332800516705,270.9208593095025
17603,4641,472.29612803238416,202.83951121516907
17603,7661,172.71120000319797,262.25281487834627
17603,10184,170.83087999999975,269.43437037037035
17604,1325,148.7538240010275,267.8642962962967
17604,4641,483.644512021591,183.5490074767807
17604,7661,157.99200000000155,263.66074074074055
17604,10184,188.63109818269209,273.45862624797167
17605,1325,165.4375360003462,268.19777777777756
17605,4641,495.2255999999977,162.123703703704
17605,7661,142.32640000000174,264.49481481481405
17605,10184,206.5271127307699,277.38117165855925
17606,1325,183.17056001188288,271.56293315729306
17606,7661,125.70260000361486,265.9663704444704
17606,10184,224.28107200138356,282.83785183386766
17607,1325,201.3785309253393,275.84117417052556
17607,7661,108.22239999999397,272.87629629629805
17607,10184,241.98188800555158,288.88414807621297
17608,1325,219.76067071925627,280.7740013163058
17608,7661,90.00189964197034,275.5646400906755
17608,10184,259.2297600005373,294.0346666565374
17609,1325,237.90156267594398,286.8266764299625
17609,7661,72.8273545923912,277.6867185218497
17609,10184,276.507520002142,297.1081481076281
17610,1325,255.5313440093852,291.94957849934553
17610,7661,56.09418181899173,279.5392592657089
17610,10184,293.72799999999984,300.297777777778
17611,1325,273.05512001489154,295.99107633404986
17611,7661,41.04470000042397,281.55981482247915
17611,10184,311.3998400000594,305.6788518515257
17612,1325,290.7687377896815,299.1311784512023
17612,7661,27.53039999999487,275.33185185185016
17612,10184,329.4930763667867,310.55373739716094
17613,1325,309.3216533482121,304.6452244817439
17613,7661,14.718690913713317,269.61602688344357
17613,10184,344.93326546621574,302.8985051494135
17614,1325,326.877244018072,307.96417413852237
17614,7661,2.6675200096690332,264.18780233611193
17614,10184,363.1254080019585,292.10631113302264
17615,1325,343.1410869256558,302.66149820504705
17615,10184,380.8544320084616,282.9927556508844
17616,1325,361.09151519281625,291.862892635695
17616,10184,394.16014855665145,276.4096060248398
17617,1325,376.75615113316894,281.7257326793983
17617,10184,406.72668580093614,270.38612123237573
17618,1325,389.05500607352167,274.2420899135072
17618,10184,419.4701811426114,263.5138845642253
17619,1325,400.8255054589074,267.82156233715625
17619,10184,432.593979224622,256.4388710520542
17620,1325,412.69615111123534,261.086592592592
17620,10184,445.4041599999982,247.03629629629464
17621,1325,425.4916444508024,253.83697122990378
17621,10184,455.86591999999763,230.95807407407088
17622,1325,438.7688267573162,246.28385225301886
17622,10184,467.29728000000136,214.50814814814768
17623,1325,449.8727394890136,233.95723515303834
17623,10184,478.46151274037305,195.7888619968402
17624,1325,460.47400542200364,218.96401746848193
17624,10184,490.50503765603594,176.20100364127867
17625,1325,471.3425840748613,202.36179289772505
17626,1325,482.57543424635,184.40881366294514
17627,1325,493.9194853287336,164.58194478218192
17666,92,482.5758857987893,163.5981484066904
17667,92,459.22319181879055,205.68343075510208
17668,92,431.45404888221606,238.2552824245563
17669,92,398.23491429233405,252.815978880784
17670,92,367.75497143960933,258.3901270714288
17671,92,353.2828000094923,262.79155567419446
17672,92,351.5537386252703,264.0465944309833
17673,92,351.5344053451315,263.1347426117001
17674,92,351.7238379905933,262.5504481602805
17675,92,351.75309753254845,262.5149794844823
17676,92,351.65166863509114,262.6700178605068
17677,92,351.57774237327146,262.8765976148477
17678,92,351.52811621003076,263.1613428589088
17679,92,351.44149121049395,263.4494426088767
17680,92,351.38817500046,263.59402567589376
17681,92,351.3955999999979,263.6225925925921
17682,92,351.3762326035845,263.7439104669315
17683,92,351.3742326035867,264.11020676322795
17683,3431,101.85211639808927,494.5643503305299
17684,92,351.4684839831489,264.58905257391893
17684,3431,115.64814559235401,468.65695687767663
17685,92,351.5708839895865,264.89152820744664
17685,3431,137.02304000000026,444.2359999999956
17686,92,351.549200006437,265.0580311890836
17686,3431,156.68867204823528,417.3572296704022
17687,92,351.6016795580754,264.97061182606217
17687,3431,171.38828819295782,385.1469927556934
17688,92,351.7687148885301,264.9841412003118
17688,3431,177.4577760450711,344.7440444477301
17689,92,351.95903533045515,265.33760344832433
17689,3431,180.6259042229431,305.04324446195443
17690,92,352.113745860791,265.34441782402564
17690,3431,180.58482684938895,267.293525873703
17691,92,352.04672176453465,265.16352982897183
17691,3431,175.38607996438145,240.6906134247977
17692,92,351.9581029755926,265.1225537893629
17692,3431,161.29714931864214,233.13633139901913
17693,92,351.9686011053892,265.07753836648783
17693,3431,151.05622528943854,235.64765448905422
17694,92,351.94574642802644,264.95549171798484
17694,3431,143.33167999999884,237.85555555555504
17695,92,351.9034723944827,264.7232469877649
17695,3431,141.48400000000265,238.85999999999962
17696,92,351.8675910805882,264.2899648192916
17696,3431,141.48208000000295,238.87037037037052
17697,92,351.8896083897289,263.7065469257065
17697,3431,141.4758400000028,238.8656296296301
17698,92,352.03641730913944,263.1036191434517
17698,3431,141.48127999999815,238.87079835390935
17699,92,352.2691381221591,262.69597502514165
17699,3431,141.47953600000164,238.87237860082246
17700,92,352.5563129666182,262.5726184118613
17700,3431,141.47926400000188,238.87111111111125
17701,92,352.8211748444562,262.56442116449796
17701,3431,141.4823679999995,238.86980740740847
17702,92,353.0352000005962,262.60012345221105
17702,3431,141.47075200000245,238.87552592592897
17703,92,353.1855895453674,262.6669038882523
17703,3431,141.47519999999986,238.87111111111125
17704,92,353.2799895447681,262.75455821381934
17704,3431,141.47311999999943,238.87032098765437
17705,92,353.34135384768786,262.8310317421656
17705,3431,141.47888000000194,238.87918024691257
17706,92,353.3735138512213,262.89288358335773
17706,3431,141.48243555555837,238.87790617284122
17707,92,353.4457600035352,262.62777776711823
17707,3431,141.47646222222534,238.86720987655428
17708,92,353.46319344291146,262.797516693269
17708,3431,141.48130909091037,238.85775084175287
17709,92,353.3871934429044,263.14751669327086
17709,3431,141.4937163636364,238.86537373738025
17710,92,356.0370400370061,266.47214803430376
17710,3431,141.48240000000214,238.86115555555597
17711,92,367.910458223983,273.943696936368
17711,3431,141.47760000000062,238.8625481481481
17712,92,382.69821818765024,276.23791928369235
17712,3431,141.48272000000247,238.86281481481487
21798,1167,497.16376009681085,135.88851879992058
21799,1167,483.2743999999991,161.92962962962508
21800,1167,469.437818271075,188.08101035952097
21801,1167,455.8228800912673,213.5872595327759
21802,1167,440.7678655771008,232.87828904641293
21803,1167,422.9936000000009,245.23925925925872
21804,1167,403.3165818328996,255.2249159720572
21805,1167,383.7616800056537,262.751851929893
21806,1167,370.0660000009407,265.84466667987726
21807,1167,359.9264000000005,266.9533333333336
21808,1167,353.97250909107925,267.7234343469832
21809,1167,351.7736000000127,268.41703703703666
21810,1167,351.8757334431996,268.55851910113483
21811,1167,351.4824000000033,268.75407407407414
21812,1167,351.53300311442877,268.9855421204646
21813,1167,351.47992044970806,268.9150480562621
21814,1167,351.3839999999959,268.6866666666672
21815,1167,351.3787322408234,268.73870066711845
21816,1167,351.43161967275205,268.78223841356606
21817,1167,351.44639999999754,268.8481481481475
21818,1167,351.42585333351803,268.8525185183359
21819,1167,351.4536000001044,268.8556408943503
21820,1167,351.46160000000464,268.9199999999994
21821,1167,351.4548314617514,268.8471743661693
21822,1167,351.4376000000027,268.7866666666672
21823,1167,351.41360000000077,268.8207407407408
21824,1167,351.39740000005304,268.759259258758
21825,1167,351.4075111112277,268.70596707832203
21826,1167,351.40799999999217,268.66296296296264
21827,1167,351.38148380065104,268.6412911210956
21828,1167,351.3842698834537,268.59680499727136
21829,1167,351.38000000000034,268.72000000000054
21830,1167,351.3564743195559,268.67551913101596
21831,1167,351.3751135165023,268.60508222360414
21832,1167,351.36159999999563,268.5466666666665
21833,1167,351.3536353598738,268.53679557939205
21834,1167,351.35524848521413,268.562314814291
21835,1167,351.35760000000005,268.4903703703703
21836,1167,351.3626666678192,268.50765432183346
21837,1167,351.3687914895229,268.5422616235136
21838,1167,351.3915371438543,268.67067195635894
21839,1167,351.4105812163507,268.63704931130815
21840,1167,351.428381651408,268.688426775727
21841,1167,351.4555955070193,268.7259425711894
21841,4062,487.7722769306388,145.41651315971893
21841,4233,2.6627199999995805,288.50414814814826
21841,4364,497.7738105895753,140.44287624350903
21842,1167,351.4928530386783,268.7974913033986
21842,4062,470.90445720500895,182.0939837921971
21842,4233,15.960032000368756,290.71102221486746
21842,4364,485.2364221767499,163.59466105593313
21843,1167,351.52991453170443,268.8667869559884
21843,4062,453.4727155563047,216.36517556707568
21843,4233,28.93638400781697,291.52351111735396
21843,4364,468.95672275834215,191.48634895643312
21844,1167,351.50041471738973,268.83921961421487
21844,4062,432.9112283897473,240.94014912767437
21844,4233,39.917647184688576,285.34972024878846
21844,4364,450.2244917579469,219.90605325269885
21845,1167,351.49646927379763,268.85294434112114
21845,4062,408.6379334002828,254.6276674486041
21845,4233,52.467804637713016,281.6663174706318
21845,4364,426.0483340806786,242.87986853002286
21846,1167,351.46672000086596,268.7809422192109
21846,4062,382.8450954131597,265.91287109563933
21846,4233,66.48818520027588,279.80759462031915
21846,4364,396.89487777366196,261.0330374830445
21847,1167,351.4834469471509,268.7616577266554
21847,4062,357.4018954564366,281.7061304385156
21847,4233,81.15605457624952,277.53977841846387
21847,4364,366.56904008137246,282.4614819492175
21848,1167,351.4899041745025,268.8133238424486
21848,4062,332.3907334146241,296.41104983852927
21848,4233,97.05336858443957,275.45231009885396
21848,4364,336.76496003345505,302.92108662750053
21849,1167,351.48815295137297,268.8552505198818
21849,4062,306.79101337310044,304.1570126435007
21849,4233,115.94216582185594,274.3703502146435
21849,4364,305.17653333986914,311.99437039792866
21850,1167,351.7404416419481,268.9996027839814
21850,4062,281.2420000779042,314.2167414545214
21850,4233,136.24940800347304,271.9898371002787
21850,4364,274.16570672449893,323.1378620239842
21851,1167,351.7244210529725,269.0170890214034
21851,4062,256.7662110709108,332.2966542570045
21851,4233,154.51127466841854,269.5886321115579
21851,4364,248.22900816089543,352.1217486121557
21852,1167,351.73253877559887,269.003824641892
21852,4062,233.0608729515774,354.4928632376001
21852,4233,169.35530666759973,269.3983703716507
21852,4364,224.33827212483152,389.0007115571901
21853,1167,351.7928269670847,268.93660424396046
21853,4062,209.68458200668465,376.2903209461248
21853,4233,181.72663272919291,270.80914025799865
21853,4364,195.73986669586816,411.6242472471119
21854,1167,351.8474823542988,268.9203050168798
21854,4062,187.91400008532548,397.5335189911764
21854,4233,192.90678691526864,273.3639487344901
21854,4364,167.48546916016608,424.814352862902
21855,1167,351.90197468566,268.9154711747677
21855,4062,173.6750666953668,414.0928395847414
21855,4233,203.916704010187,277.88145173727673
21855,4364,146.57497468870017,440.34018938907394
21856,1167,351.9520000038426,268.7743377275584
21856,4062,165.82670672769666,428.8058396597319
21856,4233,215.25962182830426,281.92514466509186
21856,4364,130.20461338598068,454.554716374755
21857,1167,351.94180465217073,268.78949182194333
21857,4062,159.6068400324583,440.67472846943457
21857,4233,226.8025832779506,285.3423271923834
21857,4364,118.48497337784126,464.98325124264795
21858,1167,351.9229707317493,268.7867615168551
21858,4062,157.62694974030467,444.0776729098701
21858,4233,238.54834400303733,288.85517772852575
21858,4364,108.99145097413965,476.2077645773335
21859,1167,351.87326480489673,268.7744713417659
21859,4062,158.06846752045374,444.4000371155408
21859,4233,250.34108444833353,292.63257607866166
21859,4364,100.61432003477023,488.64162976125834
21860,1167,351.8880000000081,268.7874074074075
21860,4062,158.13583865961505,444.4518296775843
21860,4233,262.2742400030734,296.43860077254834
21860,4364,98.89008728215799,496.105984847881
21861,1167,351.8959999999993,268.791111111111
21861,4062,158.15206389670212,444.3741037225899
21861,4233,274.5126488941196,299.38433325211446
21861,4364,98.93501866687073,497.8408432103609
21862,1167,351.8498666670439,268.8026337460541
21862,4062,158.15022779997605,444.3453863713591
21862,4233,286.86154667943697,301.1441479657091
21862,4364,98.85560800000405,497.8259777777634
21863,1167,351.801038674472,268.84824227748317
21863,4062,158.14688478261303,444.3316123188317
21863,4233,299.18339394370145,303.80822890437867
21863,4364,98.84919878788935,497.84240291807214
21864,1167,351.82239999999183,268.90222222222195
21864,4062,158.14760000000092,444.31851851851854
21864,4233,311.2090618226011,308.774895543765
21864,4364,98.84960072727836,497.8295286195622
21865,1167,351.80240000000254,268.8429629629636
21865,4062,158.142879602201,444.30526626135025
21865,4233,323.6002909232821,310.7453018856401
21865,4364,98.86568800000475,497.82767407406834
21866,1167,351.74559999999815,268.83925925925854
21866,4062,158.14407960219796,444.33304403912774
21866,4233,335.1016000412085,306.3614126081686
21866,4364,98.86302400001625,497.82934444443214
21867,1167,351.6986285721032,268.7849735379828
21867,4062,158.1348674157283,444.35370370370373
21867,4233,346.9801600297887,298.5775706245297
21867,4364,98.84009600002969,497.8300308641976
21868,1167,351.64800000000014,268.76444444444456
21868,4062,158.1350191398741,444.3747254151602
21868,4233,359.2992000723916,291.6919412704941
21868,4364,98.85043200000723,497.83881481480205
21869,1167,351.5895999999998,268.7133333333336
21869,4062,158.15695172414053,444.4054661559007
21869,4233,371.86010668285803,285.4649285608002
21869,4364,98.85587200003783,497.8559999998873
21870,1167,351.59854285835195,268.62095238129456
21870,4062,158.15508791557704,444.4168844107934
21870,4233,384.62710304420625,278.85032113292294
21870,4364,98.8444800000758,497.8279259256948
21871,1167,351.58400000000256,268.6148148148151
21871,4062,158.14792106491495,444.44219237044115
21871,4233,397.2890445808832,272.33201181459776
21871,4364,98.84693090913402,497.8267138046324
21872,1167,351.57839999999396,268.749629629629
21872,4062,158.1461358815801,444.4716224707976
21872,4233,409.8747324399403,265.8856762556014
21872,4364,98.85088727273228,497.8179461279559
21873,1167,351.55999999999494,268.6518518518519
21873,4062,158.14724612850455,444.46800214232195
21873,4233,422.42343856615094,259.5876231048544
21873,4364,98.85288090909967,497.82686868689785
21874,1167,351.54640000000086,268.51629629629656
21874,4062,158.1481182615164,444.4312889261919
21874,4233,434.6765782064062,253.3139362390373
21874,4364,98.85201909090767,497.82920538720975
21875,1167,351.4255999999989,268.4370370370375
21875,4062,158.15253573482835,444.4175682837446
21875,4233,445.7704480387031,245.49176310794851
21875,4364,98.84918254545651,497.8423138047186
21876,1167,351.42640000000256,268.47777777777804
21876,4062,158.1510900731189,444.402555648201
21876,4233,454.71089608202533,232.3352595311603
21876,4364,98.84848533333468,497.82741234566254
21877,1167,351.43039999999814,268.5888888888888
21877,4062,158.1465403147348,444.401841745748
21877,4233,463.55721608923545,217.40764471107244
21877,4364,98.8525777777795,497.82852016459555
21878,1167,351.42159999999194,268.3496296296297
21878,4062,158.1603378871478,444.44100738705197
21878,4233,472.635360094447,201.63108180226996
21878,4364,98.85216000000582,497.8272740740617
21879,1167,351.4160000000004,268.40592592592594
21879,4062,158.1585267759607,444.47523578226145
21879,4233,481.5075734506024,185.23326449960197
21879,4364,98.84836000000519,497.8306203703575
21880,1167,351.3927116022444,268.3804870060644
21880,4062,158.14322608801774,444.48021739002064
21880,4233,489.7645258526927,168.12287163410699
21880,4364,98.86340000000928,497.84400925929464
21881,1167,351.42159999999194,268.4274074074071
21881,4062,158.13404714112377,444.49322212467536
21881,4233,497.7850897688256,151.8000154417709
21881,4364,98.86464000001467,497.8423395062068
21882,1167,351.3743999999974,268.4296296296289
21882,4062,158.12842105310665,444.5204121420623
21882,4364,98.85432000001686,497.8288740741534
21883,1167,351.41266087010194,268.2703381649907
21883,4062,158.12739750197125,444.4908333336195
21883,4364,98.85660363638863,497.82969158246647
21884,1167,351.40159999999696,268.2911111111115
21884,4062,158.13459750241066,444.4648429954548
21884,4364,98.8464290909252,497.8145656565083
21885,1167,351.42960000000016,268.2333333333335
21885,4062,158.1432000004412,444.4451207729467
21885,4364,98.85201163636737,497.8251784511818
21886,1167,351.4624000000026,268.22592592592633
21886,4062,158.153200000001,444.4433333333333
21886,4364,98.85703200001046,497.8294444444236
21887,1167,351.45919116032474,268.22667485225173
21887,4062,158.15680000000043,444.4622222222219
21887,4364,98.86016000001632,497.8224259258828
21888,1167,351.4975999999933,268.192592592593
21888,4062,158.1379535912106,444.4833292407076
21888,4364,98.86374666667508,497.8239444444592
21917,622,95.95609723486403,494.20435669785735
21918,622,98.1783481894837,493.88972710553867
21918,8985,494.9856000000011,132.64666666666923
21919,622,98.82625095462458,497.2131949905061
21919,8985,485.4678546140633,154.54511804949922
21920,622,98.81280000048493,497.77753091637766
21920,8985,474.7078000738554,174.8159878724742
21921,622,98.80265635439969,497.7737394822801
21921,8985,463.70828809058935,195.48943066875913
21922,622,98.80656837758579,497.75964844299426
21922,8985,452.5263999999993,216.58740740740322
21923,622,98.82037056025581,497.75979776946366
21923,8985,439.2548926931113,232.22722135661235
21924,622,98.8119657194261,497.7727664721587
21924,8985,424.6495999999979,243.70888888888877
21925,622,98.80630718283498,497.77636177474017
21925,8985,409.2110400051979,250.34244450743293
21926,622,98.81488284048883,497.7535809793947
21926,8985,394.0080000000023,256.2444444444445
21927,622,98.8186161738696,497.7493834484359
21927,8985,378.4599999999955,255.44666666666637
21928,622,98.80250322594009,497.77266626829777
21928,8985,363.34000000000515,248.99481481481422
21929,622,98.79193875484873,497.7549609380916
21929,8985,348.63454546754724,241.2441076315488
21930,622,98.80442472838524,497.73916065977454
21930,8985,334.52239999999733,231.95407407407376
21931,622,98.8180558661071,497.74631604619213
21931,8985,318.65359999999896,238.75555555555715
21932,622,98.804268235304,497.7357841157164
21932,8985,305.88218183746676,248.72141425943715
21933,622,98.79773490195873,497.74127233120424
21933,8985,293.6055999999951,257.20370370370426
21934,622,98.80714666666393,497.75068724282323
21934,8985,280.87653333953995,263.4439506853026
21935,622,98.80181406733186,497.75891679118314
21935,8985,267.40560000000073,269.4533333333338
21936,622,98.80258449724124,497.7670611308072
21936,8985,253.3935999999983,274.823703703702
21937,622,98.81143107517687,497.766059778157
21937,8985,239.70960000000332,279.30148148148004
21938,622,98.8049806452665,497.7809318994133
21938,8985,225.7656000000054,277.1503703703708
21939,622,98.80034917130445,497.7765909552665
21939,8985,211.62024000082056,274.6077777608775
21940,622,98.79314917130557,497.78251688119246
21940,8985,197.38894545556604,272.60828280754134
21941,622,98.79600000000438,497.7818518518513
21941,8985,183.56269091040076,270.2537373467451
21942,622,98.80156364225174,496.69814814651846
21942,8985,169.9200000000019,267.8059259259262
21943,622,98.81556364224481,492.81740740578005
21943,8985,156.76559999999995,266.5903703703698
21944,622,104.65192732050923,482.78097669501483
21944,8985,143.82640000000038,267.8281481481477
21945,622,125.26699404617148,461.64270541169583
21945,8985,131.13520000043764,268.7606666715281
21946,622,156.532733406641,434.2550621705981
21946,8985,118.90600000035647,269.22444444444494
21947,622,192.15486669873485,412.6796299704971
21947,8985,107.73013333879362,273.17265437703986
21947,9151,498.82672012979015,119.80222247895256
21948,622,224.8996001614529,383.2480005470471
21948,8985,96.9061818185196,274.64962962962926
21948,9151,488.4148445245728,144.77366270984305
21949,622,254.33744015628008,341.79414860806554
21949,8985,84.10629425429192,275.89319916269386
21949,9151,478.8242911230668,169.04585890350089
21950,622,290.533840013822,314.964543356365
21950,8985,70.82196363791127,277.38774413809364
21950,9151,468.8532800589712,190.81496330444315
21951,622,331.16264001678246,302.334839664115
21951,8985,56.29759999999351,279.7762962962962
21951,9151,457.3468800730666,209.83925940252712
21952,622,370.11012576174664,286.36782055087326
21952,8985,40.90959999999768,281.5170370370368
21952,9151,445.9713089638626,224.034129534743
21953,622,406.1939429176278,266.0958206558037
21953,8985,28.771999999997888,278.4037037037017
21953,9151,432.88199835461114,224.37351456664433
21954,622,440.08342876552155,240.28873099461535
21954,8985,17.856000000006134,274.87925925925947
21954,9151,419.7926514441235,224.71261250979023
21955,622,471.3241716676322,200.95124951241905
21955,8985,7.1296000020197425,272.08451175255743
21955,9151,405.90640000147005,225.43185185185231
21956,622,499.5109334997494,151.4377041497086
21956,9121,495.8612010154411,127.53407663566074
21956,9151,389.5149818192692,225.6792592592589
21957,9121,483.84220008942407,152.80518542546483
21957,9151,372.5632000095459,226.15893014544142
21958,9121,472.4428000807336,176.4959261415233
21958,9151,355.76024000064876,226.91333333333307
21959,9121,460.80992088539006,198.76133686469834
21959,9151,340.18688001564215,228.12340757711613
21960,9121,450.322880072531,219.9702223803357
21960,9151,325.1391272884689,231.70579148112026
21961,9121,436.1652705942902,224.2819302278578
21961,9151,309.6148444446271,236.41999999999962
21962,9121,421.24504094353483,226.19156012248288
21962,9151,294.16024000880725,241.22244453969822
21963,9121,405.29880000468097,225.2091974574264
21963,9151,278.71498181926313,245.18518518518562
21964,9121,387.48926666752936,223.14092592410773
21964,9151,263.2266400088213,250.11133342844815
21965,1285,174.8308800000012,231.6014814814813
21965,9121,369.45839999999635,222.68296296296276
21965,9151,247.51984001568417,254.91377794725167
21966,1285,190.5584000000016,280.19651851852024
21966,9121,351.6396666680009,221.3364197261971
21966,9151,231.51093333435142,259.505925925926
21967,1285,196.96200001372972,332.64627163878833
21967,9121,334.59454546120924,221.42255901188656
21967,9151,215.0931200006653,261.23481481481446
21968,1285,186.4855201451951,378.9846012184777
21968,9121,317.6240000000121,228.986666666666
21968,9151,198.56024000065986,261.3577777777776
21969,1285,162.97569620461275,410.78303789642524
21969,9121,300.7022000168888,238.48981495832498
21969,9151,182.31984001569685,262.32118535413787
21970,1285,138.20401076465603,441.64108685206884
21970,9121,283.84400001488075,248.4326600599389
21970,9151,166.71984001569058,264.7900742429066
21971,1285,114.25080009938767,470.4470374953087
21971,9121,266.55759999999304,257.959259259259
21971,9151,152.16320000071732,267.0370370370365
21972,1285,98.78376002201662,492.01818181818146
21972,9121,248.54813334367236,266.58425937863626
21972,9151,137.64843636471937,267.5311111111105
21973,1285,98.7560000000701,499.62363636363636
21973,9121,229.84992000625084,262.96777768694744
21973,9151,123.09608888961066,268.2718518518521
21974,1285,98.7199999999973,499.5788148148148
21974,9121,210.92596363738494,259.7606060619655
21974,9151,109.61336000016217,272.46888888888907
21975,1285,98.72000000001094,499.56908905852384
21975,9121,191.72959999999648,259.9911111111113
21975,9151,95.22421818242037,274.69111111111124
21976,1285,98.72000000012008,499.5778015267174
21976,9121,172.39900000134867,262.211358049842
21976,9151,80.49517373846697,276.39178854096747
21977,1285,98.7199999999973,499.5799999999999
21977,9121,154.7597818195186,263.8584512053121
21977,9151,65.51984001573601,278.49377794580874
21978,1285,98.7199999999973,499.5799999999999
21978,9121,138.07839999999487,264.9614814814816
21978,9151,50.182036364719806,281.35777777777827
21979,1285,98.7199999999973,499.58125925925924
21979,9121,120.91199999999276,268.60740740740783
21979,9151,34.94835556471685,278.77892998967104
21980,1285,98.71929733335492,499.59198395075254
21980,9121,103.766933334839,273.60475311696473
21980,9151,19.493120008854703,271.8642221279082
21981,1285,98.71367600023177,499.58612755677655
21981,9121,86.57265047121996,275.78311094767383
21981,9151,3.896088898608241,265.44559660439535
21982,1285,98.72000000014054,499.58370725925903
21982,9121,69.40813333541769,277.70444448566553
21983,1285,98.7199999999973,499.59133333333284
21983,9121,51.41847619499913,280.91216940143096
21984,1285,98.7199999999973,499.5799999999999
21984,9121,33.07776000644367,280.8786665784071
21985,1285,98.7199999999973,499.5799999999999
21985,9121,14.541600000006838,273.65925925925796
21986,1285,98.7199999999973,499.5799999999999
21987,1285,98.7199999999973,499.5799999999999
21988,1285,98.7199999999973,499.5799999999999
21989,1285,98.7199999999973,499.5799999999999
21990,1285,98.7199999999973,499.5799999999999
21991,1285,98.7199999999973,499.5799999999999
21992,1285,98.72000000001776,499.57938765432084
21993,1285,98.72000000018147,499.57448888888865
21994,1285,98.7199999999973,499.5788148148148
21995,1285,98.72136000001716,499.56893827160445
21996,1285,98.73624001115444,498.99129629629545
21997,1285,100.78353343889887,491.17560497512017
21998,1285,121.88780006596858,465.3148151726825
21999,1285,150.82066672115047,436.2709879301858
22000,1285,179.74136008957373,405.2489880741086
22001,1285,207.9961121195845,372.61785985687857
22002,1285,237.43043208499557,341.9501041483279
22003,1285,269.1574560209477,318.53678543192945
22004,1285,304.59970667488676,307.8406964120044
22005,1285,339.94613337595416,305.4494200842099
22006,1285,372.4295333783897,283.058210208021
22007,1285,406.0177200307328,263.4687286941164
22008,1285,439.8838133902984,244.650062164951
22009,1285,468.76512022242815,207.4594928151585
22010,1285,496.4073335427099,164.83917006313598
22033,8350,495.9384,133.0503703703707
22034,8350,483.62559999999917,157.9022222222226
22035,8350,472.2028008328948,179.51185411941273
22036,8350,460.8727269261635,201.84108844119342
22037,8350,449.85520006699176,223.7194446359858
22038,8350,433.45117155030266,224.98083471271357
22039,8350,416.7298024136812,224.8796349044344
22040,8350,398.89704001163864,219.60799987209768
22041,8350,379.7643333342421,216.1988271573918
22042,8350,361.1556000020073,216.0802962739512
22043,8350,342.90960000000155,216.61481481481525
22044,8350,323.93880002671835,217.6718523941552
22045,8350,304.08800000000156,225.00888888889014
22046,8350,283.8096000000007,235.30740740740663
22047,8350,268.96264001427994,254.33977792827767
22048,8350,248.5756666683244,258.22006176116474
22049,8350,228.53200000000697,259.96518518518496
22050,8350,209.1256800091969,255.31037026857373
22051,8350,192.5360000000012,246.79037037037065
22052,8350,189.31946666674548,243.43592592509134
22053,8350,189.57439999999792,243.5125925925934
22054,8350,189.74025436726834,243.01466068782517
22055,8350,189.738543016756,242.9755886612839
22056,8350,189.7572266687746,243.05420576392956
22057,8350,189.7166400004494,243.09451851775356
22058,8350,189.70718651801235,242.95319600325936
22059,8350,189.55839999999853,242.7792592592588
22060,4252,499.9186909587934,135.38080822080656
22060,8350,188.17374549256556,243.75117850402495
22061,4252,491.1080000000027,152.55703703704037
22061,8350,175.57472000229382,263.63362960187266
22062,4252,481.7654222674321,169.06271618520807
22062,8350,155.49244444550823,265.43275721868656
22063,4252,471.4304000000027,188.4481481481477
22063,8350,136.07002106029427,265.7406629245529
22064,4252,459.7162182407999,209.8389227443933
22064,8350,117.23636365762786,269.318586119361
22065,4252,448.4327200538587,231.7109631630816
22065,8350,98.77874286129895,273.8669842014283
22066,4252,432.25568001702186,243.99362980068062
22066,8350,79.68422565396622,276.5055084739987
22067,4252,413.9024000129666,251.77858601204827
22067,8350,60.45288889355902,279.890535072054
22068,4252,394.5920000000001,259.6740740740746
22068,7359,496.45464006374596,119.97800014778836
22068,8350,41.22826666763899,282.0205761156658
22069,4252,380.8480002165538,281.3843664717337
22069,7359,487.44056148152595,140.95145447253742
22069,8350,22.522545547116124,276.09043646041374
22070,4252,382.4858666720047,294.18197530279923
22070,7359,477.6136000000008,163.8148148148153
22070,8350,3.535520012951565,269.77214797285166
22071,4252,383.4824000000026,293.74962962962735
22071,7359,465.5221989499694,188.2208434580619
22072,4252,383.4576685723448,293.5317460318356
22072,7359,453.5400000832112,213.65162985959097
22073,4252,383.4519999999941,293.4799999999995
22073,7359,440.3064552746116,226.9132278117747
22074,4252,383.45409347140844,293.4636206092793
22074,7359,426.1310756496812,235.14956928149445
22075,1670,490.6624000000022,137.45333333333343
22075,4252,383.4602742865286,293.49934391331647
22075,7359,409.88021819151754,228.12343423751003
22076,1670,479.88096009331116,161.31592613289536
22076,4252,383.44399999999723,293.4444444444442
22076,7359,392.0536000000027,227.43185185185166
22077,1670,468.4703452392,185.01058438483707
22077,4252,383.4318666673994,293.44617284164644
22077,7359,374.5200000000068,229.1851851851847
22078,1670,455.99999999999454,211.11111111111057
22078,4252,383.4194285718979,293.49625396729493
22078,7359,357.630545455379,230.92814816465014
22079,1670,443.1884596589555,225.47880813289666
22079,4252,383.43439999999873,293.446666666666
22079,7359,341.2909090917765,231.55555555555617
22080,1670,426.5229465180937,225.2862654231904
22080,4252,383.427111116589,293.38827985102967
22080,7359,325.0332000302592,234.50629683977687
22081,1670,409.7098400035179,224.82903697001655
22081,4252,383.45359999999573,293.41111111111087
22081,7359,308.2050909137706,238.76989906963675
22082,1670,391.1775999999975,226.73481481481517
22082,4252,383.44000000000165,293.29629629629636
22082,7359,290.2571200037926,244.8318519176129
22083,1670,373.7096000000008,229.67925925925869
22083,4252,383.4796888890537,293.3478600837709
22083,7359,272.32632727749433,249.41212129484725
22084,1670,358.05200000000355,232.4348148148152
22084,4252,383.43439999999305,293.25925925925554
22084,7359,255.01360000000662,253.90148148148106
22085,1670,342.96648000074583,234.26703705038432
22085,4252,383.4319999999991,293.2925925925929
22085,7359,238.12000000000353,258.1355555555549
22086,1670,328.2978400057118,236.63088895802554
22086,4252,383.41840000203433,293.2627160422503
22086,7359,221.4280000007875,259.9397036941449
22087,1670,312.77800000106026,240.4108889089731
22087,4252,383.420000000001,293.29037037037085
22087,7359,204.29359999999406,259.6911111111107
22088,1670,295.89384000358905,242.80503708997725
22088,4252,383.3695999999975,293.2222222222225
22088,7359,186.6135999999983,260.6170370370371
22089,1670,279.91112727461314,246.21292933185845
22089,4252,383.3816000003253,293.2424691358029
22089,7359,168.98264000119525,263.218518542613
22090,1670,263.3370909123812,249.38262632426466
22090,4252,383.3904000000018,293.18518518518545
22090,7359,152.73640000180535,264.67592589933986
22091,1670,247.0191272789748,254.7333334170412
22091,4252,383.44735111111845,293.2054691359429
22091,7359,137.2026909111696,262.99191915007736
22092,1670,230.46560000000227,259.8837037037038
22092,4252,383.4301066668729,293.1985802439208
22092,7359,122.24145455230087,266.55804722768096
22093,1670,213.27080000078809,258.52392592405704
22093,4252,383.40660773488935,293.18334765682465
22093,7359,107.60000000000787,273.0496296296294
22094,1670,195.27985454653276,257.5571043621252
22094,4252,383.4135999999944,293.2481481481488
22094,7359,91.92466820915115,274.77967431547313
22095,1670,176.82305455187475,260.3016836024175
22095,4252,383.38640000000623,293.23582716049333
22095,7359,75.74794533111913,276.88785508732394
22096,1670,159.57839999999806,264.2185185185182
22096,4252,383.4015999999963,293.2481481481488
22096,7359,59.519999999992024,279.7037037037038
22097,1670,143.74400000091896,265.7055219013955
22097,4252,383.4104000000025,293.279259259259
22097,7359,43.466640004606916,278.3545184531311
22098,1670,127.86036363825701,268.0991919565203
22098,4252,383.4158364644111,293.265140169221
22098,7359,27.33069091576681,272.5901009322833
22099,1670,112.53839999999968,271.20592592592516
22099,4252,383.37999999999965,293.1681481481481
22099,7359,11.293066670873486,267.08129622915624
22100,1670,97.0268800009535,273.8677777965466
22100,4252,383.37439999999674,293.2037037037034
22101,1670,80.54032857162383,276.2636688575677
22101,4193,496.9828001148244,127.21651875164164
22101,4252,383.40180000088253,293.2124814807009
22102,1670,63.877600002388135,279.0429630090903
22102,4193,484.6055999999976,154.51259259259297
22102,4252,383.43039999999746,293.28296296296253
22103,1670,45.79576000175507,281.80570373932625
22103,4193,472.03528005170483,177.32814830847744
22103,4252,383.420000000001,293.24074074074025
22104,1670,27.121599999998125,278.4429629629619
22104,4193,461.08212798350223,198.9511445383163
22104,4252,383.41270222363164,293.2878271608854
22105,1670,8.73528000602164,273.04148138898654
22105,4193,450.9711273373455,219.6892257763423
22105,4252,383.4160000000054,293.2925925925929
22106,4193,436.14044123661984,224.41223909358564
22106,4252,383.4175999999957,293.2311111111112
22107,4193,420.52392445840496,226.52226976489365
22107,4252,383.41068889495205,293.2786543066568
22108,4193,403.62676363732817,226.63164981419604
22108,4252,383.44000000000165,293.24592592592546
22109,4193,384.5836444456211,225.4916872632724
22109,4252,383.4160000000054,293.2074074074069
22110,4193,365.7263999999998,225.85777777777793
22110,4252,383.4086666670544,293.2478024696552
22111,4193,347.41404444542354,226.29621400960366
22111,4252,383.4106133356556,293.2345925831161
22112,4193,329.59600000000364,229.24962962962957
22112,4252,383.40560000000323,293.1429629629634
22113,4193,310.7448000174543,236.55600023324808
22113,4252,383.42840000034926,293.19580246491194
22114,4193,291.9826909158644,243.20626271741673
22114,4252,383.39599999999905,293.2059259259252
22115,4193,273.952320008857,249.0764445809257
22115,4252,383.3943999999917,293.18518518518545
22116,4193,256.0368000028802,253.9632407932173
22116,4252,383.3775240231091,293.1183985085033
22117,4193,238.1048000053397,259.4625926694696
22117,4252,383.3624000000043,293.0999999999997
22118,4193,219.88984000098526,261.41703703015804
22118,4252,383.3663999999999,293.11481481481525
22119,4193,200.76060000192797,261.2098147832833
22119,4252,383.38437333351294,293.1698765436266
22120,4193,181.2894400016262,262.23518521723224
22120,4252,383.3904000000018,293.2074074074069
22121,4193,163.95199999999477,264.598518518518
22121,4252,383.38560000000257,293.16296296296287
22122,4193,148.18826666829068,265.9380247243304
22122,4252,383.3660640906146,293.14018825480036
22123,4193,132.3992727286111,266.4188552416833
22123,4252,383.3759999999984,293.10962962963004
22124,4193,117.48814545836126,269.60390578482316
22124,4252,383.36800000000153,293.0903703703707
22125,4193,102.38080000271452,273.64948153555923
22125,4252,383.3705251567096,293.13646593046917
22126,4193,86.06163103005997,275.66671012013444
22126,4252,383.3719999999971,293.1125925925919
22127,2728,494.5996640487306,135.0328741960236
22127,4193,69.72640000000183,277.498518518519
22127,4252,383.33840000000237,292.9718518518514
22127,10511,489.71955760947594,151.0389416506752
22128,2728,485.710181836979,153.75925931417856
22128,4193,52.529600000002574,280.6207407407402
22128,4252,383.35677333509466,292.9967983454307
22128,10511,473.12989000703965,183.39353648614275
22129,2728,476.73245676959255,171.1821630901673
22129,4193,34.587127276324736,280.6737373182673
22129,4252,383.31440000000043,292.96666666666613
22129,10511,454.38972829229897,215.2131305597591
22130,2728,467.5410586648775,188.7042318805232
22130,4193,16.626560004959856,275.06222215080743
22130,4252,383.26639999999657,292.8592592592587
22130,10511,431.13355413534464,239.58942017876961
22131,2728,458.4734839655402,206.02162920140142
22131,4252,383.2350444542726,292.82190944696373
22131,10511,402.26920385314884,256.217947493633
22132,2728,448.1574278824985,219.54396923639473
22132,4252,383.24799999999755,292.8051851851856
22132,10511,371.38834673092447,274.0181486047555
22133,2728,434.84954247909627,224.93570813879217
22133,4252,383.2655999999986,292.76888888888885
22133,10511,341.3048686241939,293.898920924486
22134,2728,420.00450098302736,226.2457425374116
22134,4252,383.2743999999991,292.7496296296297
22134,10511,309.7943862984573,304.45864543165357
22135,2728,403.903679999994,224.92711111111197
22135,4252,383.2464000000016,292.72222222222166
22135,10511,278.46880005204866,315.83967443746076
22136,2728,386.3961599999993,221.21037037036984
22136,4252,383.25439999999844,292.79259259259203
22136,10511,250.38796815133762,340.0781782331659
22137,2728,369.177890910687,222.12439059642097
22137,4252,383.22239999999965,292.6985185185187
22137,10511,230.4061258653246,381.6890586619661
22138,2728,352.35384970028235,227.05216615912406
22138,4252,383.1895999999915,292.73333333333375
22138,10511,205.35140065241418,405.84071042524505
22139,156,491.7392640521592,146.62625937295059
22139,2728,336.00836000137974,231.2082963226638
22139,2947,495.5484726397151,119.3505075008392
22139,4252,383.2304000000022,292.7703703703706
22139,10511,182.59687113645555,414.73838378804317
22140,156,481.6106982020029,169.05084181389518
22140,2728,319.15872000000036,235.66355555555575
22140,2947,486.74686313166944,142.6125301501706
22140,4252,383.22874223283065,292.7747036914161
22140,10511,163.5195556285544,425.4832136370235
22141,156,470.4346691690489,189.46771741455782
22141,2728,302.00392727393023,240.66875422952427
22141,2947,478.7098118430674,161.24743207639435
22141,4252,383.1735999999978,292.63703703703703
22141,10511,145.7742368641516,439.257241131342
22142,156,458.9438400724049,209.84651874185678
22142,2728,284.98363636685895,245.08826941748052
22142,2947,471.06280976433595,177.11563480014837
22142,4252,383.1684000065309,292.7102468871816
22142,10511,131.6413382396138,451.607151838582
22143,156,446.4397209728645,228.73559980345902
22143,2728,267.9968581839478,249.12433673942246
22143,2947,463.5892125933549,192.34030387543655
22143,4252,383.2329777783457,292.7300000002444
22143,10511,119.92392897111813,463.6448892680607
22144,156,430.4061465175658,241.34265772879536
22144,2728,251.21183999999857,253.62800000000064
22144,2947,456.0646384245638,207.6590030532548
22144,4252,383.25439999999844,292.8422222222227
22144,10511,107.39436290475624,477.9608083776965
22145,156,412.0124334703098,250.9323637962566
22145,2728,235.18918400018833,258.1992592592604
22145,2947,446.8152130950034,218.64068068303854
22145,4252,383.2896000000005,292.8799999999998
22145,10511,99.39003642651868,490.40040415605614
22146,156,392.7942760337828,261.0321409918721
22146,2728,220.05219200052693,260.79881481695134
22146,2947,435.23985178753713,223.36157874432593
22146,4252,383.3424800378907,292.9925184402906
22146,10511,98.81402909494795,497.74609427638626
22147,156,373.57555605814923,273.92504480100024
22147,2728,204.9744712735992,261.56171045118714
22147,2947,422.86883942582335,225.84154076274078
22147,4252,383.3176000000037,292.89407407407396
22147,10511,98.74939821658245,497.9966652512566
22148,156,354.60672000034094,290.3428148215286
22148,2728,189.76535757686182,262.76419530738247
22148,2947,409.28112714334134,228.02306106499137
22148,4252,383.24160000000234,292.8533333333334
22148,10511,98.74794191084334,497.95349941041513
22149,156,335.39877333486686,301.47548148227867
22149,2728,174.97144000051776,263.9332222308901
22149,2947,394.07284800141156,229.73074076775978
22149,4252,383.32202906818225,292.85194286988127
22149,10511,98.75082462298677,497.95929271528803
22150,156,315.3157253388565,303.3132345771039
22150,2728,160.4576320003423,265.2551111181134
22150,2947,378.88403200094336,231.85170372171604
22150,4252,383.32639999999856,292.8762962962963
22150,10511,98.75012651737507,497.9623135826952
22151,156,294.873608008943,308.70088899131656
22151,2728,146.20124800088888,266.69096298032423
22151,2947,364.07698909142937,233.9942895727587
22151,4252,383.30960000000687,292.86888888888905
22151,10511,98.75826547777251,497.96462561931867
22152,156,274.5044800000028,314.42844444444586
22152,2728,131.77424000055225,268.11322223250824
22152,2947,349.40679272761713,235.31950169048122
22152,4252,383.3447111112321,292.9957201668545
22152,10511,98.74992653380444,497.9663525993203
22153,156,255.1280799999961,326.1697037037048
22153,2728,116.9626181836918,270.54121215017403
22153,2947,334.60479999999734,236.55940740740732
22153,4252,383.38640000000055,293.0466666666667
22153,10511,98.7741713579669,497.96244554772164
22154,156,236.70920000000365,345.73851851851975
22154,2728,101.54805307433207,273.54842044072234
22154,2947,319.3639999999982,239.05422222222205
22154,4252,383.3656000000019,293.0022222222226
22154,10511,98.7608458599027,497.96284501059193
22155,156,218.36148001496383,365.3026445250216
22155,2728,86.03433040680669,275.5637445901178
22155,2947,304.10041600145064,242.27877039619284
22155,4252,383.39476000235777,293.1388682972842
22155,10511,98.75712349914579,497.9491196295096
22156,156,199.97244003491232,383.63713352134664
22156,2728,70.21153256293815,277.4576507892781
22156,2947,289.2171112747212,245.529007444357
22156,4252,383.3816000000013,293.098518518518
22156,10511,98.75368533412143,497.9428620998432
22157,156,181.70468001828337,401.8241186166489
22157,2728,54.090690912612445,279.0769696578137
22157,2947,274.961818182503,248.97185186500838
22157,4252,383.4104000000025,293.24592592592546
22157,10511,98.75786700648291,497.9545458834436
22158,156,163.3742800771114,420.4464340738101
22158,2728,38.1513890973315,277.216592512884
22158,2947,261.45358545580166,252.53989227844477
22158,4252,383.387813370166,293.18664192920994
22158,10511,98.75277735893177,497.97846729041663
22159,156,144.61541827755582,439.01875474206787
22159,2728,21.888145457780865,272.35486863004854
22159,2947,248.03012363719742,255.7025454695807
22159,4252,383.3976000000007,293.1740740740736
22159,10511,98.74343249258118,497.965018017841
22160,156,125.49194912671737,449.4946467573335
22160,2947,234.49295999999893,257.9214814814812
22160,4252,383.42400000000225,293.225925925926
22160,10511,98.75075363058272,497.9583581033624
22161,156,108.29782402723367,438.69192581436556
22161,2947,221.0032000003196,259.6862962979645
22161,4252,383.41244446738756,293.1813374176948
22161,10511,98.74183419678049,497.95566758388253
22162,156,94.25553606354299,419.2339997396846
22162,2947,206.5637333335485,261.10607407518603
22162,4252,383.38560000000257,293.08888888888896
22162,10511,98.74801041761772,497.9653973936682
22163,156,80.72533601725637,400.43131105033547
22163,2947,190.80144000000246,262.9242962962961
22163,4252,383.44399999999723,293.2948148148147
22163,10511,98.74520458598568,497.9634083510418
22164,156,67.49775738555286,381.47560228146403
22164,2947,176.64943999999878,264.28296296296304
22164,4252,383.4223334225044,293.2906788982599
22164,10511,98.73967832990957,497.96637221028675
22165,156,53.620177805659075,361.9527241728071
22165,2947,164.01775999999813,264.6570370370369
22165,4252,383.45600000000104,293.4444444444442
22165,10511,98.754417778232,497.9710741207697
22166,156,38.47335999999984,340.94266666666505
22166,2947,151.14975999999956,264.9822222222222
22166,4252,383.4079999999972,293.2237037037042
22166,10511,98.74658343957321,497.96687898118796
22167,156,23.355054576936706,318.7538854081726
22167,2947,137.66527999999994,266.06725925925946
22167,4252,383.47685337651,293.4093991737889
22167,10511,98.7400350916471,497.9879102315208
22168,156,10.87680008356017,298.4048548678269
22168,2947,123.70424000046116,267.53056297196844
22168,4252,383.4760000000017,293.41111111111087
22168,10511,98.73991718056686,497.9758541791275
22169,2947,109.59604000156219,271.00769632579903
22169,4252,383.44960000000015,293.41703703703746
22169,10511,98.75409834410561,497.9632234012601
22170,2947,95.28914562897627,274.0998800018339
22170,4252,383.4531200179697,293.3826666503889
22170,10511,98.75504115547756,497.95044566497637
22171,2947,80.73781050380944,276.0031778741254
22171,4252,383.43439999999873,293.3059259259254
22171,10511,98.74881990665472,497.96559771481543
22172,2947,65.74210820484723,278.1992693159212
22172,4252,383.4760000000017,293.5022222222221
22172,10511,98.74508025489034,497.9649417312884
22173,2947,50.258240000459864,280.84644445127196
22173,4252,383.45596448259016,293.47516043085363
22173,10511,98.75095540320785,497.9614611086482
22174,2947,34.675040002639435,279.7578765128024
22174,4252,383.45840000000067,293.4703703703705
22174,10511,98.74664148369449,497.9558562333657
22175,2947,19.28560000155585,275.4656296063234
22175,4252,383.43439999999873,293.3051851851851
22175,10511,98.74688611477382,497.96678367535986
22176,4252,383.45373333746124,293.3969135753942
22176,10511,98.75075450257101,497.96505470300787
26084,4761,7.395476364466729,292.31276766012405
26085,4761,25.12776728392282,292.34412124924745
26086,4761,42.27890910583369,286.4861953793332
26087,4761,59.75652363778294,280.63973066463376
26088,4761,77.78806075369516,277.7829553214948
26089,4761,96.06283294553009,275.4188908386686
26090,4761,114.27014400037477,273.80536296712773
26091,4761,131.76917963743904,272.13316904024845
26092,4761,148.7428254559893,269.7397239351473
26093,4761,165.49986000101396,270.1507777984398
26094,4761,182.04329600184337,274.79416293767287
26095,4761,198.31198400736866,280.4945036001274
26096,4761,214.41536000880205,286.1347554291274
26097,4761,231.01956364196894,291.53653729413634
26098,4761,248.11598545869515,297.5890504485683
26099,4761,266.04271999999577,304.9456296296296
26100,4761,284.62276364030345,313.23966325360806
26101,4761,301.6703854670129,322.10922817363087
26102,4761,312.5105600098266,329.3082666064964
26103,4761,315.51978282079745,331.448097618954
26104,4761,316.2013542311945,331.52162790991224
26105,4761,316.2936000035927,332.10400329218135
26106,4761,316.2885706720692,332.0744971191818
26107,4761,316.28605600002055,332.0349604935875
26108,4761,316.2928080447807,332.02620401273464
26109,4761,316.2872425648311,332.08238070654204
26110,4761,316.2964057464887,332.0710194385681
26111,4761,316.31377162080526,332.12384439780027
26112,4761,316.2946574312707,332.16569997141664
26113,4761,316.2800000000891,332.17697413614775
26114,4761,316.29521162043034,332.16343306782204
26115,4761,316.31881743065946,332.108309543798
26116,4761,316.32000000001995,332.0794065797645
26117,4761,316.3130524451185,332.077267488444
26118,4761,316.30936593026604,332.08214869792727
26119,4761,316.3091208938772,332.0811860127073
26120,4761,316.2936000000002,332.02725925925967
26121,4761,316.30416000013497,332.0314933497033
26122,4761,316.3145600002031,332.0308696541841
26123,4761,316.3064000036263,332.0714562383613
26124,4761,316.3059332651244,332.16777654070563
26125,4761,316.31657988953066,332.13314753400437
26126,4761,316.3281600018456,332.13069977239826
26127,4761,316.31953326243774,332.10716076970834
26128,4761,316.31929988950446,332.1161481481485
26129,4761,316.3290607734779,332.1088888888892
26130,4761,316.34389657460133,332.10123102097856
26131,4761,316.3354581228998,332.07626351024413
26132,4761,316.30706771157634,332.0050887406134
26133,4761,316.3057997866622,332.03641383852636
26134,4761,316.32779733342886,332.06110617255734
26135,4761,316.3191822225235,332.0512493852987
26136,4761,316.2870151115817,332.0945053535753
26137,4761,316.2349226666913,332.1038913578849
26138,4761,316.2356870721237,332.10321096699033
26139,4761,316.2460110509221,332.1156079374645
26140,4761,316.25636066411175,332.19489093417275
26141,4761,316.2784070719056,332.29036382284005
26142,4761,316.2721706079197,332.3152617154346
26143,4761,316.2558400000921,332.28809249028023
26144,4761,316.2560000003066,332.2793709911027
26145,4761,316.29434519391,332.2515017508769
26146,4761,316.3015177901741,332.22777900744546
26147,4761,316.28383822251976,332.21547160582764
26148,4761,316.27613081450477,332.2247506861251
26149,4761,316.27100022108834,332.21324084200177
26150,4761,316.2950873754687,332.26350424333083
26151,4761,316.28997810243163,332.27223256977913
26152,4761,316.3113805588421,332.2459457886555
26153,4761,316.35839822343087,332.3717843603367
26154,4761,316.32372024106417,332.5230243518833
26155,4761,316.2666243591548,332.77798468003095
26156,4761,312.60560000305424,335.7297037322693
26157,4761,301.82460808754513,347.31771858684925
26174,4235,497.6337600000022,114.28037037037319
26175,4235,489.3918399999996,138.74481481481183
26176,4235,481.08976000000723,159.2648148148106
26177,4235,471.6814982297785,177.8119193361132
26178,4235,462.0355612355246,196.45203631786168
26179,4235,452.24960781345146,215.4619007787708
26180,4235,439.05451451176475,222.1525630715162
26181,4235,424.59733889366254,224.1711359084939
26182,4235,409.7322789600304,224.63491138943746
26183,4235,393.8249333344447,222.0970864039893
26184,4235,377.9909400000929,221.3278086408683
26185,4235,361.8043999999992,220.84607407407387
26186,4235,345.445360000001,219.59785185185132
26187,4235,329.23376000000417,221.13644444444526
26188,4235,312.4684799999977,227.77755555555723
26189,4235,295.60230546423213,235.40445128090482
26190,4235,279.2212509278198,245.61115839960678
26191,4235,262.46760000469976,252.36387212020418
26192,4235,245.05717309515828,256.80849771071524
26193,4235,227.71077600043728,261.06319259947776
26194,4235,210.39647272848865,262.384343458147
26195,4235,192.5300363650024,264.0327475000892
26196,4235,173.92628363649806,264.8938181843401
26197,4235,157.34683636426837,265.45291582042285
26198,4235,141.6131978188838,265.61618652486254
26199,4235,125.58882400007008,267.8948370363004
26200,4235,108.89624000000084,271.9513333333332
26201,4235,90.79784380063359,275.1830653521954
26202,4235,71.93547597784288,277.76285088275387
26203,4235,52.99279999999499,279.66614814814704
26204,4235,35.079840000001916,272.41962962962907
26205,4235,16.203240003320047,268.50254068244817
26264,9302,498.00436434640574,130.73582707425356
26265,9302,484.42080035435424,160.11659347788498
26266,9302,466.0836111443075,193.10830491112506
26267,9302,452.3184002770847,220.10121288730767
26268,9302,438.46075366230934,236.7346350871149
26269,9302,420.420581871025,248.0750847949389
26270,9302,395.72749095981976,260.1818186979661
26271,9302,380.07880011238626,271.9340742393441
26272,9302,375.97888009610756,289.257777918422
26273,9302,374.6198400007984,297.9413333352396
26274,9302,374.8121454546265,296.755892255703
26275,9302,375.5464888889378,297.21004115199776
26276,9302,375.8096000000194,297.6092592592585
26277,9302,375.7710614550206,297.56921165878845
26278,9302,375.7921787716441,297.6297868814417
26279,9302,375.86944445192785,297.83563785788016
26280,9302,375.9038480452034,297.92699772475453
26281,9302,375.88799999999765,297.86074074074077
26282,9266,491.5005819261296,142.9930642418018
26282,9302,375.93422123267715,297.94787916774055
26283,9266,479.8663999999974,168.6666666666663
26283,9302,375.97760000071503,298.0865679012348
26284,9266,468.71294553596385,189.40740765512376
26284,9302,376.022105028062,298.2427188086083
26285,9266,455.62071116706306,212.20691375163514
26285,9302,376.00500000438615,298.2689259175615
26286,9266,441.98038777805095,231.0462292800919
26286,9302,375.9540088889196,298.11462551481196
26287,9266,426.1264000230369,243.5082718646653
26287,9302,375.962703910767,298.14647217002243
26288,9266,407.0956000426463,252.66666705172037
26288,9302,375.963816761265,298.1847506740196
26289,9266,387.47999999999365,260.9629629629635
26289,9288,499.6065778573211,135.64271622991475
26289,9302,375.991240000144,298.17215637806817
26290,9266,369.0400000000011,276.2466666666659
26290,9288,487.8019637080399,157.23414164347017
26290,9302,375.93028379916973,298.1402151869033
26291,9266,349.70666673460187,291.25703744410816
26291,9288,475.67200005145764,178.28525941851248
26291,9302,375.94724419979,297.99628811041214
26292,9266,332.5335999999993,310.2222222222224
26292,9288,463.73615413118046,199.37975172629808
26292,9302,375.9728357545441,298.1479619272993
26293,9209,493.0722693931125,139.7012218491196
26293,9266,314.7944000147163,307.62614799933255
26293,9288,453.03476369283544,218.66915842044898
26293,9302,375.9343999999942,298.0274074074063
26294,9209,478.6772801888298,169.7938771596832
26294,9266,296.0135999999977,305.468888888887
26294,9288,439.91832520653134,233.68715845598587
26294,9302,375.9713200097906,298.10467488371484
26295,9209,463.72410991565005,197.60296055304784
26295,9266,276.5736000000004,316.19777777777824
26295,9288,424.8545454664452,245.2973065085835
26295,9302,376.0090860361231,298.3295468686213
26296,9209,448.8251275173321,222.2238279205613
26296,9266,256.8584000254532,326.47723928521845
26296,9288,407.8084000003514,253.60629630340048
26296,9302,375.99200000000224,298.292592592593
26297,9209,432.0966910942201,239.18948051673982
26297,9266,239.0464005506317,343.9074103116928
26297,9288,389.6970400020052,257.38762966916994
26297,9302,376.0088000000735,298.20765432149864
26298,9209,411.49917336929377,251.12190162044
26298,9266,220.87235560363752,361.0441155011124
26298,9288,371.495600018784,253.07762946975208
26298,9302,376.0351284916453,298.2407407407406
26299,9209,388.9177920597592,261.92071162914135
26299,9266,202.78640000000223,377.62962962962933
26299,9288,354.28306670877987,242.45777744934728
26299,9302,375.9896000000026,298.2762962962957
26300,9209,365.9978080881939,275.81169702299155
26300,9266,185.89578187327334,397.709562524055
26300,9288,337.43200000018305,236.66000000266996
26300,9302,375.96023555560123,298.18120164585093
26301,9209,342.85348809367406,292.2525414591157
26301,9266,168.40000000000828,416.3948148148151
26301,9288,320.2631272968006,244.8374413038019
26302,9209,319.7674574937759,303.41165158112335
26302,9266,150.44664005624782,434.1306669745584
26302,9288,302.5063999999986,254.56518518518422
26303,9209,296.14680647243745,308.96869672974844
26303,9266,132.4109334265529,452.36444493551596
26303,9288,284.69440001455837,261.99753104745207
26304,9209,272.37770668862936,308.20541209237786
26304,9266,113.85359999999878,451.1607407407412
26304,9288,266.86240000000225,269.34666666666794
26305,9209,248.56826917049716,301.34143089539145
26305,9266,101.45608894048905,434.53522625101584
26305,9288,249.2024000000015,276.7429629629632
26306,9209,224.77969028225402,287.4918698717175
26306,9266,91.70421821507944,416.07494937662204
26306,9288,230.57136000104492,275.4408888741611
26307,9209,202.64457626609155,266.3769914315506
26307,9266,80.8400000000006,400.67925925925897
26307,9288,212.49257143023783,274.68550261278835
26308,9209,182.28086420535533,243.07062122630606
26308,9266,67.85736005152216,382.3024442444518
26308,9288,193.3866909134224,271.04740732344055
26309,9209,166.4946963316828,233.29448719106028
26309,9266,54.48376005994078,363.69481459913146
26309,9288,174.284960003655,265.97888882222674
26310,9209,154.895492234117,234.18943127299195
26310,9266,40.06640000000061,343.531111111111
26310,9288,156.802399999998,265.460740740741
26311,9209,146.63623147620856,236.6456807366357
26311,9266,25.28112006009451,322.70740716689915
26311,9288,139.87440000000788,264.1207407407411
26312,9209,144.59918545496691,238.5790168364097
26312,9266,10.159760043762844,301.9960738585188
26312,9288,123.94000001321501,266.46506188226573
26313,9209,142.5389042426565,239.23702132619252
26313,9288,108.60704000036208,273.1223703772716
26314,9209,141.26882400012107,239.26351111150313
26314,9288,93.1492492267239,274.74664026439945
26315,9209,141.11892406645836,239.24345144084836
26315,9288,77.47761515273623,276.7960666318636
26316,9209,141.13028694910102,239.25233433293292
26316,9288,60.987999999997555,279.39999999999986
26317,9209,141.12709333333555,239.24435802466704
26317,9288,43.50450909244046,282.4116498618956
26318,9209,141.09833333339623,239.2371962975044
26318,9288,25.789963644945146,276.8225588224915
26319,9209,141.03412400005539,239.2004111120456
26319,9288,7.528363642620661,270.8094275175299
26320,9209,141.04819600001233,239.20168888906778
26321,9209,141.04916773604998,239.22426395816564
26322,9209,141.03046464895783,239.20609877962696
26323,9209,141.11003200007644,239.25205432064578
26324,9209,141.1185392278088,239.2307841161454
26325,9209,141.1191385655286,239.18162021866073
26326,9209,141.11183381277272,239.23215428855426
26327,9209,141.12784800052623,239.22809629803643
26328,9209,141.14388920694122,239.24208578606087
26329,9209,141.14652737430845,239.25243782333604
26330,9209,141.13772000007202,239.23543209936972
26331,9209,141.12051333344937,239.26444650374546
26332,9209,141.0764200000358,239.23848765493315
26333,9209,141.09529244806367,239.21205267099177
26334,9209,141.1275662237705,239.25435061561063
26335,9209,141.12839466666398,239.28962962962964
26336,9209,141.1022200006778,239.26607531022603
26337,9209,141.04970533363542,239.16762839591743
26338,9209,141.09176800000967,239.10151851859408
26339,9209,141.09604622352552,239.20134978326035
26340,9209,141.11286133416857,239.2806296249699
26341,9209,141.1256880001241,239.23596296298254
26342,9209,141.13917171336428,239.2843597279064
26343,9209,141.15150470258186,239.2815276552529
26344,9209,141.16561333334914,239.25479876541766
26345,9209,141.1690933441639,239.22214807280872
26346,9209,141.13344000464053,239.1823703380822
26347,9209,141.1240000000049,239.1911111111109
26348,9209,141.11814541468902,239.22000163552192
26349,9209,141.11932879946383,239.24081521771944
26350,9209,141.15960563380838,239.27189254045
26351,9209,141.16232355626775,239.2548304502482
26352,9209,141.14525416055585,239.24403814957685
26390,2406,498.7107637340159,136.3927275197967
26391,2406,486.49520008412424,160.35511135199565
26392,2406,473.3703999999989,184.3259259259262
26393,2406,459.71096007097003,208.5783705886488
26394,2406,445.7358800171164,232.17969293814656
26395,2406,426.53999999999996,244.96814814814783
26396,2406,404.5212000142442,254.4731112633114
26397,2406,382.26167276604315,264.9837039901939
26398,2406,361.5944000000013,280.3222222222226
26399,2406,342.01080004824007,296.44792617844405
26400,2406,324.2464000000041,304.8681481481486
26401,2406,300.8237600036409,301.4814814065041
26402,2406,276.7744000013238,298.78214816432114
26402,10518,496.841818263141,139.34222245541795
26403,2406,253.10192000117127,299.60703704083215
26403,10518,484.81840008190034,162.52208776373277
26404,1018,488.6644000624983,147.77866684636388
26404,2406,229.35476363777525,299.02693601517626
26404,10518,471.4424000000008,186.66888888888832
26405,1018,477.66728005623236,167.51022239551583
26405,2406,208.87818181879538,298.99986532092447
26405,10518,457.8575999999998,211.92370370370693
26406,1018,467.29083624252894,187.39078689005927
26406,2406,200.76904000016498,300.36311111324807
26406,10518,443.0295451897109,233.5070409162503
26407,1018,456.98400005564395,207.13286209565408
26407,2406,201.58808888989483,299.36974484337077
26407,10518,423.66800000000353,245.62962962962897
26408,1018,447.02713203961935,225.0986601082472
26408,2406,201.67757778424402,299.55753908349436
26408,10518,402.010400012432,256.49274088049555
26409,1018,431.83845047134355,225.80164885701404
26409,2406,201.6887454554194,299.5967396197172
26409,10518,379.92167275675115,267.9299665676027
26410,1018,416.64971602012884,226.50394764487493
26410,2406,201.70103555596484,299.61271604761987
26410,10518,358.9583999999945,284.08000000000146
26411,1018,399.3296000009991,223.87764308261947
26411,2406,201.70228508287664,299.6570370370375
26411,10518,337.84239999999954,300.9296296296302
26412,1018,380.9736000051885,219.252222315524
26412,2406,201.69785454600628,299.60808080796573
26412,10518,314.47200001248916,303.8663578495091
26413,1018,362.8733090953176,225.0299664025519
26413,2406,201.70066666681237,299.60370370337165
26413,10518,291.2565090981104,295.9112456692481
26414,1018,344.8096000000021,230.4777777777771
26414,2406,201.70173701657177,299.617037037037
26414,10518,267.4936000000059,294.50740740740764
26415,1018,326.8581600031325,234.88659264954137
26415,2406,201.7026947369004,299.6339571143849
26415,10518,244.02960000000462,292.82222222222185
26416,1018,308.76213333685314,240.62855972599783
26416,2406,201.708635555849,299.63755143986725
26416,10518,224.2869091130217,292.7712459168037
26417,1018,291.01839999999584,247.70740740740837
26417,2406,201.72444000034488,299.69888065779605
26417,10518,220.28420003097722,306.19364199218404
26418,1018,273.4605090988282,254.52437719611586
26418,2406,201.69503031107183,299.55353533754516
26418,10518,215.6463334875582,327.39586446997373
26419,1018,255.76799999998912,260.8162962962972
26419,2406,201.65360000001442,299.44139917695554
26419,10518,204.67040000000338,356.0755555555557
26420,1018,237.4783999999977,266.51999999999964
26420,2406,201.62821005598062,299.3847672259462
26420,10518,190.41960008913748,379.5515743428237
26421,1018,219.41576000912164,272.5991112209343
26421,2406,201.64373333333856,299.3956228954906
26421,10518,178.05900009446418,400.80314839623554
26422,1018,202.38560001616293,266.23111091782636
26422,2406,201.59977458613412,299.2956783286387
26422,10518,168.12800000000152,421.19777777777824
26423,1018,185.1597333340237,263.1525925824949
26423,2406,201.6196000003731,299.33666666593626
26423,10518,164.30693340284392,439.0716049794681
26424,1018,167.5307636376033,263.87845120325903
26424,2406,201.6634424246604,299.4631088656632
26424,10518,161.70799999999872,451.1429629629635
26425,1018,150.6623999999988,265.50740740740684
26425,2406,201.67322011174633,299.48957169471123
26425,10518,158.17984000003094,459.62170370308274
26426,1018,134.08167273219078,267.58363645856645
26426,2406,201.69338666673298,299.5886913576913
26426,10518,159.1946666666786,458.93419753097066
26427,1018,117.36608000202295,270.24051855766993
26427,2406,201.69766718604478,299.6537687218519
26427,10518,159.20633043857038,459.0190016132403
26428,1018,101.17666667020444,274.0372840228871
26428,2406,201.7395644483031,299.8656460872149
26428,8147,495.9701600468634,139.55777791818514
26428,10507,494.01840034271913,131.3516303786737
26428,10518,159.2059777820964,459.0348971157967
26429,1018,83.58727656616907,276.5204634342133
26429,2406,201.70433333459528,299.68302469174546
26429,8147,485.1710667810721,158.74135837217062
26429,9780,497.327583352411,137.86216183858534
26429,10507,483.813600000002,152.6051851851853
26429,10518,159.20965335448614,459.08399998083473
26430,1018,66.01360000000795,279.15185185185186
26430,2406,201.66358182207773,299.4715432125268
26430,8147,475.2536000867053,177.5582224790937
26430,9780,485.7274640082301,159.89377780096547
26430,10507,474.0874910071909,172.28532016469612
26430,10518,159.17549473713848,458.85267056680834
26431,1018,48.358909092121394,281.42505052901544
26431,2406,201.64631113929659,299.4190328827535
26431,8147,467.0559058265269,192.30350118997075
26431,9780,474.6893029917851,181.11995803879165
26431,10507,464.24408845242624,191.52523105462095
26431,10518,159.22239999999874,458.7392592592592
26432,1018,30.907999999999447,279.67925925925806
26432,2406,201.69074918679826,299.549907890996
26432,8147,458.51944002730534,205.54111120429775
26432,9780,463.29721148693693,201.68555926883357
26432,10507,454.27156372063564,210.6230979012289
26432,10518,159.2086133649218,458.85160502409116
26433,1018,13.519288892416625,275.06427977565727
26433,2406,201.69083637782705,299.59286191503475
26433,8147,449.2000140543098,221.41120273691573
26433,9780,451.59741962163025,222.28282981567182
26433,10507,442.1152336315629,221.14178027123964
26433,10518,159.21985392183728,459.090653777795
26434,2406,201.74752008142036,299.8955554022646
26434,8147,434.48068223648306,222.8225059843978
26434,9780,435.56316729252904,228.68905059012113
26434,10507,427.4478403073431,223.41369924602805
26434,10518,159.26032912623214,460.0427325144143
26435,2406,201.77402671732807,300.5606913909744
26435,8147,419.7612827241983,224.2324666973654
26435,9780,418.0627765571154,230.46675894317949
26435,10507,412.78034217182267,225.68346534034168
26435,10518,159.2355112339817,460.25887243399956
26436,2406,201.60263642191012,301.64247481795445
26436,8147,404.2416000000003,223.35333333333284
26436,9780,398.9206722701681,230.2491967619269
26436,10507,395.6061333345474,223.81209878824347
26436,10518,159.1883448835972,460.71197963846265
26437,2406,201.51611111533043,301.95830041840367
26437,8147,386.45173333546836,223.66012348678942
26437,9780,379.0218400012566,230.48150372036557
26437,10507,377.77338182003746,225.19319868866526
26437,10518,158.98842672718274,461.63073252290985
26438,2406,201.44155556023406,302.218934173081
26438,8147,368.80087272882633,225.63818185022376
26438,9780,359.6555840001139,233.09651111261996
26438,10507,360.11973333591527,226.2901235098198
26438,10518,158.91390055283523,461.86364232337576
26439,2406,201.44172826411477,302.2256233177476
26439,8147,351.2421600010441,226.85466667912445
26439,9780,340.82064800528036,237.88770378383538
26439,10507,342.7464000000043,227.16074074074078
26439,10518,158.94298947703192,461.63858350584917
26440,2406,201.41046225160153,302.27924289865604
26440,8147,333.5499555563274,226.66584361503374
26440,9780,321.57391200361127,242.49570376845475
26440,10507,325.4321600065964,230.66444455605796
26440,10518,158.94046666925306,461.6166543414171
26441,2406,201.3038222869625,302.41079035020357
26441,8147,316.3842182052747,236.29360287806978
26441,9780,301.68144888922313,246.98387654941567
26441,10507,307.46664000358805,235.59777783485058
26441,10518,158.9758266666763,461.57512345660524
26442,2406,201.334857158389,302.32399335991647
26442,8147,298.61760002185065,247.93212139558608
26442,9780,282.12695999999994,252.06785185185265
26442,10507,289.5578181850908,240.61030308266717
26442,10518,158.89961739452474,461.6522383069355
26443,2406,201.34209343941052,302.31653118603583
26443,8147,280.8681600188322,259.82577793824555
26443,9780,262.8964581831792,255.09387207914358
26443,10507,271.9805333399677,246.9149795197665
26443,10518,158.8643403335709,461.8249928234921
26444,2406,201.368573385912,302.2267285423883
26444,8147,262.0468800060394,268.38762971697696
26444,9780,242.88821090924444,256.97261953142726
26444,10507,254.14053334151276,252.76543220683044
26444,10518,158.78773333431582,462.0578600807606
26445,2406,201.24940010379078,302.38333378926654
26445,8147,242.72021818391636,274.3907071139196
26445,9780,223.89648000517866,256.8503702679472
26445,10507,236.08320000503227,258.4593416361949
26445,10518,158.97029566226024,461.7937198315398
26446,2406,201.29164445769447,302.4192593008459
26446,8147,225.80378185106724,267.1973734859614
26446,9780,204.54420002104712,250.08323686013688
26446,10507,218.35064000094349,259.4582222117632
26446,10518,158.93132000031187,461.83315638066927
26447,2406,201.1351111152578,302.56716052914044
26447,8147,209.89584000146237,259.8800000300274
26447,9780,196.28812000275218,249.45217035044308
26447,10507,199.56824000111055,258.98740740740743
26447,10518,158.8989022329713,462.0557489668551
26448,2406,200.9805818332154,302.6816162707333
26448,8147,192.17484444544652,261.9706996074975
26448,9780,196.26968000005377,251.0565185183482
26448,10507,180.53672727374988,261.3447811558707
26448,10518,158.86416553286153,461.884137976132
26449,2406,201.0339093955679,302.6414896888723
26449,8147,174.0708800013408,263.71851853405184
26449,9372,496.9886401100189,120.97849053004373
26449,9780,196.42815076930844,251.16790842478753
26449,10507,161.36000000000195,263.91333333333364
26449,10518,158.79498784726707,462.1262656078988
26450,2406,201.0271733440959,302.67574899327764
26450,8147,157.50213333642478,265.62000004588594
26450,9372,487.32056005063214,145.67122235050167
26450,9780,196.41139630770567,251.14880834340926
26450,10507,144.94936000113512,266.158222243446
26450,10518,158.9149600486678,461.83800009489494
26451,2406,201.18716366077365,302.47012918043237
26451,8147,142.78856000120754,267.1499999752809
26451,9372,478.4013333670862,166.30076551761852
26451,9780,196.4271094430785,251.08010135220061
26451,10507,128.67978182162005,267.8303704384133
26451,10518,158.988382608743,461.73565217467205
26452,2406,201.1657812500971,302.52136708623146
26452,8147,126.78577778447107,266.56320995246443
26452,9372,469.04923244124916,185.65439681044916
26452,9780,196.46543340599806,251.02183604305074
26452,10507,112.51978182806397,271.1302358272498
26452,10518,158.99040000019795,461.645037035209
26453,2406,201.2246320803797,302.41704124127165
26453,8147,110.80224000317571,272.4016296830596
26453,9372,459.2668725718056,204.5764576857465
26453,9780,196.47448868884453,251.04869059031287
26453,10507,96.15984000247977,274.9311111614934
26453,10518,159.0210044483058,461.5858889074307
26454,2406,201.34741819717306,302.35855225472676
26454,8147,93.78025043159823,275.28390655508093
26454,9372,447.9612408639275,218.96553608279933
26454,9780,196.4125447202082,251.06323013086106
26454,10507,79.53382572428609,276.49869884892684
26454,10518,159.09008000402878,461.1511111157864
26455,2406,201.41997333806216,302.242962976085
26455,8147,76.11489022572187,277.1615985061346
26455,9372,434.09385734737043,224.37800423710308
26455,9780,196.48435505637224,250.99409987395393
26455,10507,62.58936000211861,278.48911115277275
26455,10518,159.06139555880827,461.3856872483939
26456,2406,201.26304982316015,302.4289792594861
26456,8147,57.83985455062748,279.5993266873786
26456,9372,419.11726391040935,225.7198749472351
26456,9780,196.51882379238486,250.93971312820364
26456,10507,44.93872000154511,281.3924444621176
26456,10518,159.0554784650351,461.29595251874343
26457,2406,201.36755494146428,302.34335299574667
26457,8147,38.93088000598368,281.23466658088046
26457,9372,403.11464632447155,223.76923281394178
26457,9780,196.5252081367305,250.85478719412714
26457,10507,27.367520005134338,277.82711101576774
26457,10518,159.06376347984974,461.4512399385362
26458,2406,201.4810845070997,302.144740977395
26458,8147,20.669200013219324,273.7418517183943
26458,9372,385.63184000000086,224.37777777777688
26458,9780,196.52900363660308,250.87235016808228
26458,10507,9.204463172704891,272.0110329441725
26458,10518,159.03626667385424,461.5521152034985
26459,2406,201.4949289132801,302.1339712761162
26459,8147,2.019840010171947,265.1757776575663
26459,9372,367.91527272995495,228.51393943635935
26459,9780,196.5061267534918,250.86648100462548
26459,10518,159.00675555707267,461.4712921816522
26460,2406,201.46143032907275,302.17499448015127
26460,9372,350.63367272982305,232.41468017870992
26460,9780,196.55939428574584,250.80655026501387
26460,10518,159.04898620690346,461.32557471275135
26461,2406,201.43395555564325,302.2200493831326
26461,9372,333.003723639049,236.15002025193132
26461,9780,196.54557752838116,250.8461048695454
26461,10518,159.05120000371653,461.45444444112485
26462,2406,201.4356558660893,302.23340368406815
26462,9372,314.6466909105425,240.08130642358094
26462,9780,196.52342951834953,250.83661428787752
26462,10518,159.0976000003593,461.3082098797521
26463,2406,201.46303157922603,302.1775048759956
26463,9372,296.0343840022722,244.39303707638783
26463,9780,196.5395615819358,250.77683239162107
26463,10518,158.98980869757793,461.5218357424649
26464,2406,201.44880001662955,302.15259266950346
26464,9372,277.16409600151565,249.11777780401144
26464,9780,196.5355593223131,250.72351161375917
26464,10518,159.0595668826495,461.27977082868154
26465,2406,201.415666670556,302.16697530954775
26465,9372,257.95722666907176,254.30854324926733
26465,9780,196.5570250861066,250.74050847381812
26465,10518,159.0865162022567,461.08131181479183
26466,2406,201.4016601504295,302.19928153641007
26466,9372,238.8282844460457,258.9448559933387
26466,9780,196.54112047477213,250.7777642180884
26466,10518,159.16746667259645,460.84317089410274
26467,2406,201.3942000004647,302.23351851458636
26467,9372,219.6038545460192,260.9030168414097
26467,9780,196.54330461066422,250.7196318898468
26467,10518,159.18988893714072,460.3446871872132
26468,2406,201.4221600218832,302.213539173001
26468,9372,200.26235636401452,262.0737643140263
26468,9780,196.577137626511,250.68062254685097
26468,10518,159.20936000107417,460.3741152279317
26469,2406,201.43961217031006,302.1832100242414
26469,9372,181.3118240005599,263.47109630294983
26469,9780,196.58595307312683,250.66469604992568
26469,10518,159.15666086975193,460.33559420478286
26470,2406,201.51121774223952,302.04744847850094
26470,9372,163.62041600037173,264.55994074517685
26470,9780,196.37507376698633,250.38615149885035
26470,10518,159.19635556044227,460.3577613040357
26471,2406,201.52588603365302,301.98246637875224
26471,9372,146.67831272774833,265.18014814814796
26471,9780,195.6370617213145,249.86903408831628
26471,10518,159.1566400007423,460.3659259229622
26472,2406,201.52661213256806,302.0211784978699
26472,9372,129.54459636600973,266.7292929636495
26472,9780,189.21536709035877,249.0448330818862
26472,10518,159.1837913093059,460.3689468678274
26473,2406,201.58026670202958,301.9330865329506
26473,9372,112.59831273091436,270.9785993915972
26473,9780,172.34088266894844,232.74732588368852
26473,10518,159.16080000409352,460.40641976196304
26474,2406,201.60704001214071,301.8587160890831
26474,9372,95.93544824644368,274.54897608211246
26474,10518,159.05826603418518,461.1700022360437
26475,2406,201.58458189223438,301.9280810334466
26475,9372,79.28045669276457,276.8111038868033
26475,10518,159.05350961223235,461.3843156866273
26476,2406,201.435200226058,302.2209881834748
26476,9372,62.06220609207662,279.5123099355821
26476,10518,158.8880310042498,461.86614281476767
26477,2406,201.3706578209849,302.3545680149955
26477,9372,44.1719040011435,280.7582518727363
26477,10518,159.05486413487893,461.1299160899156
26478,2406,201.41456981983197,302.25849080566445
26478,9372,25.899403640570426,277.4509763727058
26478,10518,159.17138249103004,460.9147044103443
26479,2406,201.53955567622006,302.0019261854079
26479,9372,7.533325097454056,272.16246320460203
26479,10518,159.14551115468498,461.13950609844625
26480,2406,201.5669480665224,301.9474115024303
26480,10518,159.22318660420842,460.4081316103445
26481,2406,201.5522666685797,301.96382715878343
26481,10518,159.2080842191706,460.8460558809799
26482,2406,201.59582224226256,301.8419341976206
26482,10518,159.24564001430213,460.4298888770331
26483,2406,201.66386666858784,301.69102881069773
26483,10518,159.33476000160454,460.01992594273935
26484,2406,201.67858182091436,301.62634680735124
26484,10518,159.20725517241863,461.0520561942617
26485,2406,201.67173333350092,301.5450617307893
26485,10518,159.17646674541857,460.93870377657333
26486,2406,201.6511600132901,301.6678889102486
26486,10518,159.23521777812084,460.8516872419142
26487,2406,201.65709090997552,301.71641414187087
26487,10518,159.1734736864339,461.243339826781
26488,2406,201.63999116063565,301.75245753973144
26488,10518,159.2606577780714,460.41466667219134
26489,2406,201.5515555559773,301.96707819173275
26489,10518,159.20152967588024,460.78456655878307
26490,2406,201.6370666710202,301.7478114532792
26490,10518,158.98086261584012,461.40238968686754
26491,2406,201.66632044418407,301.65532637922877
26491,10518,159.25424108139055,460.4186745476069
26492,2406,201.68806222226294,301.54644444441624
26492,10518,159.09934748777346,461.3824374160671
26493,2406,201.69086666668363,301.5163973065513
26493,10518,159.22055652573022,460.8938679598298
26494,2406,201.69842681600585,301.45051107127085
26494,10518,159.15008008189488,461.0771851604525
26495,2406,201.70283314917583,301.41324739106756
26495,10518,159.2710703955504,460.43830747294857
26496,2406,201.7259272736112,301.33070707102826
26496,10518,159.24959999999828,460.58148148147905
30554,5133,0.02959999999916363,292.0259259259255
30555,5133,18.0624000000023,294.3518518518515
30556,5133,34.383854563594696,287.51865333019475
30557,5133,50.85846666785869,281.7960494055396
30558,5133,67.52399999999739,279.66666666666697
30559,5133,83.79232821909568,277.6599942434901
30560,5133,100.15309090991309,276.059797988047
30561,5133,116.97439999999801,276.5629629629622
30562,5133,133.8656666702434,272.1508025331878
30563,5133,151.10064763572382,269.33245183895036
30564,5133,168.13359999999875,269.5866666666673
30565,5133,186.44946666828446,270.7478394729186
30566,5133,204.34791746665155,276.65292216614625
30567,5133,222.21808000410874,284.288296232875
30568,5133,240.54960000000278,289.8570370370359
30569,5133,259.08000000000015,294.81111111111045
30570,5133,277.4866909136847,299.63420868295356
30571,4825,499.13440000000264,121.22592592592562
30571,5133,295.7942000068442,305.05018508441583
30572,4825,488.19199999999796,151.18148148148137
30572,5133,314.193599999993,311.2577777777792
30573,4825,472.06560000000763,181.97999999999936
30573,5133,332.57600000000025,309.80370370370383
30574,4825,454.60800000000745,212.23851851852294
30574,5133,350.81440000000725,299.779259259259
30575,4825,435.3159196477634,233.97193447463627
30575,5133,368.0439999999976,287.3348148148145
30576,4825,413.00584001812695,247.46807427867367
30576,5133,385.33866683856104,277.3479028642325
30577,4825,389.5751273121107,260.0592596854894
30577,5133,402.9192000110811,268.76237048689245
30578,4825,368.1535238354911,269.6384483046301
30578,5133,420.5076000152701,260.1903705283197
30579,4825,349.3576000551684,285.4451853914908
30579,5133,438.48239999999805,250.98888888888936
30580,4825,332.47178192688693,307.84424272441123
30580,5133,452.7120000000025,231.01703703703657
30581,4825,322.08800000000224,328.7355555555558
30581,5133,466.5396364356923,209.7000002475824
30582,4825,316.18400000000406,331.9925925925908
30582,5133,479.3595054502305,189.2962280845585
30583,4825,316.91709090908944,331.77057239060616
30583,5133,492.27840000000356,168.7688888888885
30584,4825,316.93200000000843,331.62444444444475
30585,4825,316.76995555556005,331.31827160490747
30586,4825,316.42384000001584,331.2092592592393
30587,4825,315.67040000011843,331.6674074079806
30588,4825,315.4703999999981,332.8111111111114
30589,4825,315.42160000000194,332.731111111112
30590,4825,315.4264000000069,332.7974074074067
30591,4825,315.4187200000081,332.7479259259445
30592,4825,315.41760000000636,332.7866666666668
30593,4825,315.45563636363454,332.8125925925931
30594,4825,315.4727955313433,332.80234636986637
30595,4825,315.4571039116661,332.85468653470616
30596,4825,315.4319999999984,332.8281481481474
30597,4825,315.4502033530264,332.9065383830927
30598,4825,315.46240000000694,332.90148148148126
30599,4825,315.4295999999988,332.8644444444442
30600,4825,314.8291486291612,333.560583666237
30601,4825,314.4731556405361,334.0725928677564
30602,4825,314.34959999999705,334.1148148148143
30603,4825,314.38601104972577,334.16835277288646
30604,4825,314.3404692750778,334.13153320573554
30605,4825,314.33039999999437,334.13703703703715
30605,4884,492.4640000000011,136.8318518518552
30606,4825,314.3215111114273,334.0943621400041
30606,4884,475.79039999999964,171.71111111111537
30607,4825,314.3221765386613,334.09537761247844
30607,4884,458.23454561445374,205.3793270539428
30608,4825,314.293600000002,334.08740740740785
30608,4884,438.2416466161658,233.48227231065155
30609,4825,314.30137777787195,334.0494238677756
30609,4884,413.61360000000786,249.9666666666662
30610,4825,314.2670666678214,333.9654320963512
30610,4884,386.80640000001176,261.3051851851849
30611,4825,314.28240000000756,333.98518518518586
30611,4884,361.81199999999194,281.3888888888898
30612,4825,314.26488398014385,333.9802619170833
30612,4884,336.7055999999991,301.6459259259261
30613,4825,314.2294769609066,333.87839313321723
30613,4884,309.6304000152543,305.01845089054757
30613,5021,377.0600029073239,297.5363378811808
30614,4825,314.23200000000406,333.9644444444447
30614,4884,282.8824727781864,295.6010768655468
30614,5021,377.04082705008835,297.5770251558836
30615,4825,314.21760000000063,333.7851851851854
30615,4884,256.3583999999935,283.9022222222225
30615,5021,377.03410667338005,297.6426913534924
30616,4825,314.2330666974033,333.90868307781795
30616,4884,229.00959999999486,281.2948148148151
30616,5021,377.0142241442096,297.5565208182915
30617,4825,314.2655999999988,333.90222222222167
30617,4884,203.2717600343915,284.09770390780096
30617,5021,377.003367174122,297.5263952679159
30618,4825,314.31195555583713,334.0353909450289
30618,4884,200.7385600065902,291.6170370452229
30618,5021,377.01680000521833,297.48908641426783
30619,4825,314.31605333362995,334.04662963190225
30619,4884,199.59360000000288,290.17777777777366
30619,5021,377.059440000001,297.7051851851844
30620,4825,314.2719999999997,333.96074074074124
30620,4884,199.55359999999587,289.9237037037041
30620,5021,376.9538400000033,297.2262962962957
30621,4825,314.26407514491643,333.8437405249808
30621,4884,199.55295999999976,289.8567407407151
30621,5021,377.02296000000274,297.5270370370373
30622,4825,314.2711028208737,333.90812351623845
30622,4884,199.5456000000047,289.70222222222253
30622,5021,376.9943201565525,297.5028887181539
30623,4825,314.24240000000054,333.77777777777817
30623,4884,199.54864444593454,289.67472016561027
30623,5021,377.01845335072846,297.65091356127596
30624,4825,314.2570740402846,333.82124001843636
30624,4884,199.54960000125652,289.6523121992058
30624,5021,376.99496000000124,297.4268148148149
30625,4825,314.1938254174022,333.7080294661923
30625,4884,199.5424000000071,289.70518518518463
30625,5021,376.99608022447705,297.48266645546107
30626,4825,314.19070666879634,333.57441357986886
30626,4884,199.5382541442723,289.76502148492386
30626,5021,376.9924533582764,297.56585182838455
30627,4825,314.17792000323743,333.477222221171
30627,4884,199.54213631673952,289.7440389000521
30627,5021,377.029440000004,297.52407407407367
30628,4825,314.18738121578826,333.41763044939967
30628,4884,199.5442547487471,289.75530726268863
30628,5021,376.99836035355474,297.4745222173227
30629,4825,314.19200000000274,333.41999999999985
30629,4884,199.55951111149943,289.6908559660447
30629,5021,377.0008844837281,297.4102967072745
30630,4825,314.2073162011229,333.49048210226016
30630,4884,199.54660909090762,289.6592592592588
30630,5021,376.960559999996,297.3583703703697
30631,4825,314.21361325979547,333.46567628241576
30631,4884,199.56668636579025,289.75303450933995
30631,5021,377.43240024097986,296.7668895626572
30632,4825,314.2070400024579,333.45253088797233
30632,4884,199.5406732277388,289.7893665234121
30632,5021,375.20341336582476,297.99528412315635
30633,4825,314.1499575428611,333.5318725421461
30633,4884,199.54925715142622,289.7705290997325
30633,5021,350.11682668867934,302.8681238357973
30634,4825,314.1629050390179,333.4571404899669
30634,4884,199.55973184565323,289.728367470379
30634,5021,321.14425693846954,304.75072523629086
30635,4825,314.12285139924734,333.3773018750299
30635,4884,199.55887085787936,289.8367619084075
30635,5021,291.4165743553093,295.33621817156796
30636,4825,314.124118520067,333.3590123520751
30636,4884,199.5897072686148,289.8385060798281
30636,5021,262.1191956727057,285.0218250955763
30637,4825,314.18048276318586,333.3140613259664
30637,4884,199.5519999999999,289.844444444445
30637,5021,232.42010621460906,274.65212008701025
30638,4825,314.1568933340352,333.3270370412256
30638,4884,199.54420332973655,289.80100675514376
30638,5021,203.12464295360027,264.8014747779199
30639,4825,314.14170635838445,333.2926782273917
30639,4884,199.54540224807715,289.8786933010891
30639,5021,173.53586183023594,262.4747744474698
30640,4825,314.1394139535123,333.2827476314235
30640,4884,199.53830562077997,289.935659587542
30640,5021,142.9957049400986,262.4877430731527
30641,4825,314.11192486744426,333.27194597605467
30641,4884,199.54922908727326,289.8271756522623
30641,5021,113.05795433484604,271.6510268249248
30642,4825,314.130166082748,333.29696772759564
30642,4884,199.5495999999946,289.9170370370372
30642,5021,80.54611155821362,276.70586648168637
30643,4825,314.149052632348,333.3708382043792
30643,4884,199.5495999999946,289.90370370370334
30643,5021,48.00060973075858,281.24652787493454
30644,4825,314.13293333426964,333.3767283934852
30644,4884,199.5644896186377,290.0900708381571
30644,5021,19.229986965248145,269.68896641876717
30645,4825,314.12225798817417,333.35015121628953
30645,4884,199.5691775578223,290.10200996921685
30646,4825,314.11957127270966,333.34926130359554
30646,4884,199.5559999999955,290.10888888888877
30647,4825,314.12228508567637,333.37540414452917
30647,4884,199.55025539433677,290.1241891523845
30648,4825,314.14421818224696,333.4297912460413
30648,4884,199.58799999999997,290.19629629629674
30649,4825,314.1531681080835,333.355828217865
30649,4884,199.54159999999774,290.1466666666659
30650,4825,314.1741675981791,333.48582660665625
30650,4884,199.54923636900617,290.2099326629821
30651,4825,314.1746222237032,333.3890123435386
30651,4884,199.56400000000372,290.4170370370367
30652,4825,314.1422222231313,333.3520576092115
30652,4884,199.5658079098746,290.21547603976705
30653,4825,314.1421878468748,333.3180765254973
30653,4884,199.57115978205593,290.2616056306784
30654,4825,314.1152603774344,333.2512928018123
30654,4884,199.55439999999385,290.2762962962959
30655,4825,314.1187392418374,333.2648476272475
30655,4884,199.60159999999973,290.3962962962956
30656,4825,314.11621215663104,333.2990096128357
30656,4884,199.56998437098719,290.28726256201077
30657,4825,314.11463376715574,333.3154016357793
30657,4884,199.55439999999385,290.21259259259267
30658,4825,314.1190503247401,333.30401911239903
30658,4884,199.55760000002556,290.1748481065334
30659,4825,314.10092513988275,333.2789282017128
30659,4884,199.5416359581384,289.95938411043664
30660,4825,314.1102077936637,333.2794516582265
30660,4884,199.5336000000009,290.05333333333283
30661,4825,314.12106107847535,333.34372809872303
30661,4884,199.55321797762053,290.2209488138352
30662,4825,314.106225698373,333.2190357950993
30662,4884,199.55668700573597,290.1862690947026
30663,4825,314.11383376693607,333.2343097646413
30663,4884,199.53865496007666,290.0400325568355
30664,4825,314.10462337786385,333.15080327148115
30664,4884,199.5390463456431,290.04178697665475
30665,4825,314.1271508414434,333.18457273459967
30665,4884,199.545262244186,290.0874156440203
30666,4825,314.09647058825954,333.26474945580145
30666,4884,199.55359999999587,290.15777777777794
30667,4825,314.12526034173993,333.1474570571822
30667,4884,199.5495999999946,289.997777777778
30668,4825,314.1222629857623,333.16168200654175
30668,4884,199.5471692422143,290.0868375962977
30669,4825,314.1411231864538,333.27761589185087
30669,4884,199.545599999999,290.0385185185186
30670,4825,314.1601458742514,333.2011172434868
30670,4884,199.5615999999984,290.1725925925922
30671,4825,314.13200000000074,333.1681481481483
30671,4884,199.5588737875437,290.0834802050367
30672,4825,314.142773333333,333.140493827208
30672,4884,199.55048636870742,290.0547769375774
30817,2048,129.0576000000044,460.1962962962967
30818,2048,142.8104001128645,444.9139263887878
30819,2048,158.354400074586,428.37259307015563
30819,6370,499.0481601853219,117.54622269763514
30819,8364,494.9134400527669,145.1959260376321
30820,2048,174.59440008485103,414.15160535007243
30820,6370,487.29576009559423,145.014963163679
30820,8364,485.37344004276974,163.04162976299662
30821,2048,189.36640013068313,395.768519054809
30821,6370,478.55413337451864,165.94946513869036
30821,8364,475.00784003198646,179.6518519670054
30822,2048,186.48576020049745,392.1988157475573
30822,6370,468.90003941160217,183.6562658332477
30822,8364,464.40751587600744,196.98208787991467
30823,2048,162.34799999999723,420.24296296296626
30823,6370,458.9643433182516,202.1372825521406
30823,8364,454.12760007175166,215.43814834036047
30824,2048,136.09440000000177,448.7829629629627
30824,6370,449.3805539713378,221.7113960135564
30824,8364,442.3084265370278,226.12055570505896
30825,2048,117.48290911953063,468.2676769248719
30825,6370,436.27288536131346,224.10354367251983
30825,8364,428.0852500173296,226.19602896155212
30826,2048,105.1616000000081,481.6274074074072
30826,6370,423.1651141656016,226.4936646265874
30826,8364,413.8620321695157,226.27143286233874
30827,2048,98.83240000118576,490.9637037021426
30827,6370,409.70115555793996,227.70617288231443
30827,8364,398.4745454559288,224.9775757863437
30828,2048,99.58145454547207,496.38518518518526
30828,6370,394.41360000000714,229.28518518518493
30828,8364,382.45696002898626,229.00607459845568
30829,2048,99.64800000000196,496.22962962963027
30829,6370,378.67031111176743,230.37876543905077
30829,8364,365.89839999999754,232.57555555555464
30830,2048,99.66549834255716,496.2258358912066
30830,6370,362.7454400009469,231.03200001825508
30830,8364,349.14159999999583,235.55185185185246
30831,2048,99.65599999999881,496.23851851851896
30831,6370,346.8068800010542,232.1241481510512
30831,7054,493.14959999999814,130.1866666666669
30831,8364,332.6636000017686,238.00679015026782
30832,2048,99.64985027942248,496.2971073865563
30832,6370,330.9856727307704,234.0402020783783
30832,7054,483.08640000000196,154.43481481481024
30832,8364,315.77824000305554,240.9088889416644
30833,2048,99.63334972067628,496.301481481481
30833,6370,314.5805818225426,238.46713811252783
30833,7054,473.6343999999974,173.49999999999955
30833,8364,299.46800000000735,244.83481481481428
30833,10528,498.5277600993527,120.9076298645586
30834,2048,99.64184888904128,496.2602469131141
30834,6370,298.8199111145491,243.13967083350985
30834,7054,463.3978661688957,193.21532511235006
30834,8364,283.082160002283,248.1735555996707
30834,10528,488.7976000730987,144.66666683953156
30835,2048,99.66318222225254,496.2286419755895
30835,6370,282.98136000261707,247.17125930600514
30835,7054,453.2951273716776,214.31494971811048
30835,8364,266.3245090938233,251.58538725627344
30835,10528,478.7291200635707,166.56562980354428
30836,2048,99.68545454565856,496.25892255564884
30836,6370,266.73723636721434,251.08471386425336
30836,7054,441.5267753786907,224.31746762639858
30836,8364,249.23440000000028,255.54222222222145
30836,10528,467.54090778958926,187.46753748479426
30837,2048,99.63816574592101,496.23772457544015
30837,6370,250.09360000000814,255.35703703703683
30837,7054,427.75025460001643,225.71673469599517
30837,8364,231.86264000178198,259.924296332648
30837,10528,456.4341819046433,209.3344783544211
30838,2048,99.65406222233355,496.2379259246721
30838,6370,233.14312000431414,259.34281488693676
30838,7054,413.97367199643327,227.11475629801404
30838,8364,214.28559999999948,262.27777777777715
30838,10528,444.248170952244,224.97481816797827
30839,2048,99.6927264370072,496.299216689791
30839,6370,215.80400000001987,260.07555555555695
30839,7054,399.11064000190777,223.79703700245622
30839,8364,197.38456000111455,263.9991111333353
30839,10528,428.861028405106,225.67012580055112
30840,2048,99.64469720670195,496.2518518518517
30840,6370,198.91200000000708,261.3237037037039
30840,7054,383.3904000000018,220.27259259259236
30840,8364,180.52336000099558,264.36874075781856
30840,10528,413.4738318614666,226.36474219577508
30841,2048,99.64277541899378,496.2483509206945
30841,6370,181.746560001028,262.5880000122065
30841,7054,367.64654545668805,217.67528615323118
30841,8364,163.96240000000262,264.5014814814812
30841,10528,395.5839111118337,226.296296296296
30842,2048,99.64612865498452,496.24961663416366
30842,6370,163.791040001189,264.09318520860216
30842,7054,351.77840000001197,214.97407407407331
30842,8364,147.86560000075042,263.9088888826515
30842,10528,377.287127275315,227.01797982700933
30843,2048,99.66051111117054,496.24618930119425
30843,6370,146.44720000101756,264.7962963095638
30843,7054,335.88960000000725,211.72222222222237
30843,8364,132.05309091891877,265.39912467643757
30843,10528,358.8607272753279,226.9202019893848
30844,2048,99.64240000000473,496.242731222843
30844,6370,128.96160000000805,266.6051851851854
30844,7054,319.86799999999675,218.73703703703873
30844,8364,117.31221818472477,270.13750846107246
30844,10528,340.5214000122953,226.8473149978709
30845,2048,99.65200000022492,496.2375308631335
30845,6370,112.16327273062348,271.91259264847866
30845,7054,303.75300000563357,226.5151235398839
30845,8364,103.03440000000137,273.87037037037044
30845,10528,321.8694400117556,232.40874094220953
30846,2048,99.67553777782427,496.26717695467136
30846,6370,94.66418152149458,274.8967420910633
30846,7054,287.4976000000004,232.85777777777605
30846,8364,87.96682318319426,275.5246052703271
30846,10504,499.35120012978587,129.20985203642687
30846,10528,303.1307200161109,237.92829652966896
30847,2048,99.66136759779829,496.2662321535918
30847,6370,76.53302376610895,277.38500353906636
30847,7054,271.0132363746368,239.9090910255117
30847,8364,72.47613984173427,277.4659623279763
30847,10504,487.6242183011243,154.6462629782903
30847,10528,284.3691555685268,243.44592611826798
30848,2048,99.67257831547158,496.26287371800925
30848,6370,57.27697778099241,280.8747325728933
30848,7054,254.0456000000006,247.95703703704052
30848,8364,55.943781821235916,279.84666672429006
30848,10504,475.49621830114575,179.46107779289866
30848,10528,265.2984000131994,248.7383705838424
30849,2048,99.65651111114653,496.26387654262305
30849,4176,11.57280000000469,288.48370370370355
30849,6370,37.18552000231625,282.3135555089555
30849,7054,237.85984000907092,256.1185186120307
30849,8364,39.139854555941156,281.10377090005636
30849,10504,462.00000000000614,203.95037037036957
30849,10528,245.6754666819677,254.44024714704216
30850,2048,99.71401318686617,496.2589336581251
30850,4176,34.40560000000517,287.2703703703696
30850,6370,19.22400000000266,270.0592592592628
30850,7054,224.00800000000345,255.03851851851843
30850,8364,22.74702222419478,277.3524279463857
30850,10504,448.9120000000014,228.8096296296338
30850,10528,226.03774545867168,260.8237037713559
30851,2048,99.65512242425234,496.2493153762479
30851,4176,57.324800000003506,281.5488888888884
30851,6370,2.687200091207842,252.5925921687844
30851,7054,215.01552000232778,249.41155553148863
30851,8364,6.743854550734341,272.8579123842818
30851,10504,433.280000000002,243.99851851851872
30851,10528,205.98560000448742,262.3074074969589
30852,2048,99.65036444472162,496.25127571908513
30852,4176,81.24618174492468,277.27164128927706
30852,7054,212.29400516792225,248.7094721027099
30852,10504,413.8264000336392,252.12311139705014
30852,10528,186.55200000274021,263.44948151238447
30853,2048,99.64006256990956,496.2207531553533
30853,4176,106.06366175996129,271.9608266088187
30853,7054,212.40784000045778,249.74251851982655
30853,10504,393.0663999999922,262.09851851851784
30853,10528,166.45328000295194,264.78281484692246
30854,2048,99.64864000000944,496.23814814806934
30854,4176,127.95228001504027,257.6614075417658
30854,7054,212.30678882687926,249.86255327983463
30854,10504,372.2399999999993,274.276296296295
30854,10528,148.00453333513133,265.1316049158259
30855,2048,99.68514157440609,496.23047856459704
30855,4176,139.3567000000104,243.07555555567296
30855,7054,212.20064000188472,249.99690535169705
30855,10504,351.58160005822765,290.7510441149348
30855,10528,130.5376000088529,265.4817285348174
30856,2048,99.66812961105234,496.25932132034677
30856,4176,141.39740000011614,239.09314814859295
30856,7054,212.18400000125257,250.04011180992336
30856,10504,330.8023999999989,306.6666666666671
30856,10528,113.13616001594937,270.8542224432797
30857,2048,99.71991899095656,496.31018282828455
30857,4176,141.32870000011337,239.03500000032895
30857,7054,212.09999116023823,250.0851360754126
30857,10504,309.4840000017882,307.53111111111076
30857,10528,95.61040000527896,274.6074815875963
30858,2048,99.6932266668864,496.2517037028662
30858,4176,141.27180994475168,239.01657867812176
30858,7054,212.08848268202019,250.08556176894592
30858,10504,288.42944002349213,312.2717039576437
30858,10528,77.19106547089609,277.1886828575021
30859,2048,99.6647600001154,496.23836625455175
30859,4176,141.27072327808037,239.013315303632
30859,7054,212.0640000000094,250.12622958362107
30859,10504,269.74945490587174,314.1749505543647
30859,10528,58.16140000521273,280.0309260278273
30860,1833,11.148213334325874,290.83580244904806
30860,2048,99.65550256410438,496.231851851852
30860,4176,141.26884190477824,239.0151625514827
30860,7054,212.0584000000008,250.06666666666644
30860,10504,255.08130944922414,340.1002030631748
30860,10528,39.07760000392386,281.8533332543545
30861,1833,28.855851333576084,289.05982352050484
30861,2048,99.66354413447789,496.2508752274091
30861,4176,141.2667285714491,239.01683803974373
30861,7054,212.09392000086495,250.05489711678064
30861,10504,239.67528909009275,367.2016464748733
30861,10528,20.834981841483113,275.32538692729935
30862,1833,46.347032741371095,283.41191255232025
30862,2048,99.63359999999852,496.2346989447537
30862,4176,141.26316424581375,239.01588573264343
30862,7054,212.15670943396958,250.01481481481514
30862,10504,223.62384034807405,394.7654824911129
30862,10528,7.490100011136747,269.99222210327645
30863,1833,64.82194909441775,279.78962969953193
30863,2048,99.66364444537703,496.2220866642142
30863,4176,141.2603642458123,239.01530018795603
30863,7054,212.18273591159118,250.0222713320823
30863,10504,204.02944002327672,408.6914076588244
30864,1833,84.1875039090553,277.2669901975744
30864,2048,99.65266516856559,496.2358967957468
30864,4176,141.26301229050569,239.01364283228443
30864,7054,212.17014806655357,250.043691426312
30864,10504,182.66680009315337,417.6537042316919
30865,1833,104.18031411989546,275.6733020813094
30865,2048,99.65093038674127,496.2319828114943
30865,4176,141.26781229050493,239.01399958618842
30865,7054,212.16712452937827,250.03160028422732
30865,10504,165.05687273369176,425.64693613086615
30866,1833,124.69534545753731,273.4809158776321
30866,2048,99.64717880801004,496.2314937459713
30866,4176,141.26800245399522,239.0160065450353
30866,7054,212.07908950283354,250.0846613469394
30866,10504,155.54072735793056,437.77057263815044
30867,1833,145.65693964004709,270.43100073288764
30867,2048,99.63902417609347,496.22375254422036
30867,4176,141.26720245399437,239.01411951834373
30867,7054,211.9378666768739,250.19209881662553
30867,10504,151.5917333477546,453.4918518755424
30868,1833,166.39159854780243,269.5759757532807
30868,2048,99.63910718232682,496.2310456312975
30868,4176,141.2716402234878,239.01045727312575
30868,7054,211.61237764001726,250.27469979059026
30868,10504,149.06960002217033,462.0302057613177
30869,1833,185.47710545995304,272.3562962063071
30869,2048,99.68149273768176,496.25278708980744
30869,4176,141.27364022349127,239.01416097682926
30869,5584,158.66639999999848,445.18518518518533
30869,7054,211.6109688889253,250.31445267519038
30869,10504,150.13040002019125,464.36197530864234
30870,1833,203.7937163690424,276.9104645544336
30870,2048,99.67599999999948,496.23851851851896
30870,4176,141.27000000001146,239.01867901234542
30870,5584,158.00000002017782,445.5143209876551
30870,7054,211.49281768254014,250.31886637088817
30870,10504,148.81579360738328,466.8347438903777
30871,1833,222.34981818557682,281.92234336930323
30871,2048,99.58191533426088,495.97346786200956
30871,4176,141.26752444445287,239.01668724279125
30871,5584,158.01611940869407,445.45971253069473
30871,7054,211.48538868135915,250.3032564680252
30871,10504,147.73599999999192,467.6540740740747
30872,1833,240.0967127287356,287.2003366752689
30872,2048,110.52385488261507,474.53198803061935
30872,4176,141.26261675214946,239.0157575182601
30872,5584,158.13359999999648,445.55555555555617
30872,7054,211.39485586598994,250.29735568006205
30872,10504,148.32750940822166,467.87892753367146
30873,1833,257.4258618242641,292.80762280447715
30873,2048,131.5876001682568,451.7574082485485
30873,4176,141.2621856410425,239.01292624252736
30873,5584,158.03182222288683,445.4912345653601
30873,7054,211.34417777809062,250.24923456576943
30873,10504,147.96370507368692,467.8136067158363
30874,1833,275.12118255141223,298.05253862566406
30874,2048,150.74200013049222,432.4640747513753
30874,4176,141.26309333333893,239.0106337448361
30874,5584,157.92575878324442,445.5311281293903
30874,7054,211.24211677042126,250.26737979793867
30874,10504,147.7967780261281,468.02444444444416
30875,1833,292.4582720066712,302.69919990701146
30875,2048,169.74800011759044,413.4248566044845
30875,4176,141.26199483872026,239.01347351649616
30875,5584,157.86639999999466,445.55555555555617
30875,7054,211.10974222223717,250.21333333333385
30875,10504,148.0476314930172,467.8737657545033
30876,1833,309.4261280070725,308.3621332358133
30876,2048,188.87884459218185,395.01547403997716
30876,4176,141.26319483872007,239.01616487452105
30876,5584,157.70761105441693,445.51626763230456
30876,7054,211.07605745969522,250.21155310366018
30876,8887,8.420433335379585,287.786419721211
30876,10504,147.66002653298074,468.04289728160995
30877,1833,326.1739520023218,310.4340740402816
30877,2048,207.66967290695675,376.1890918481965
30877,4176,141.2606488888855,239.0166666666662
30877,5584,157.73360000000594,445.55555555555617
30877,7054,210.9807204978722,250.23043478896523
30877,8887,23.86043333538055,290.0949382397309
30877,10504,148.1335999999999,468.2718518518518
30878,1833,341.3657120096673,305.52962970806294
30878,2048,226.7012001634555,357.10000092023364
30878,4176,141.2663646783585,239.01827972711365
30878,5584,157.73360000000594,445.55555555555617
30878,7054,210.83667039123952,250.0733002267197
30878,8887,37.86656000096969,286.6701481668088
30878,10504,147.530363844146,468.64222222222287
30879,1833,355.49944437983413,296.7505186441188
30879,2048,245.85280017885225,338.247778731374
30879,4176,141.26730014701536,239.01985018024163
30879,4897,11.162560000000212,288.5288888888893
30879,5584,157.5865921794673,445.5481067596623
30879,7054,210.8069333381536,250.0391275821352
30879,8887,51.04656000096952,281.71977779643663
30879,10504,147.41068604674865,468.6600829618228
30880,1833,369.56128292114727,287.56754084244295
30880,2048,267.6484444804885,318.8888893832591
30880,4176,141.26638435754157,239.01675563831247
30880,4897,24.90239999999858,291.51496296296295
30880,5584,157.56681905017444,445.533891808138
30880,7054,210.6763776397827,249.95186105294232
30880,8887,62.826799999999125,280.432222222222
30880,10504,147.20239999999194,468.7651851851857
30881,1833,383.44108800980166,279.32442972464065
30881,2048,292.4588000355641,312.52851898432255
30881,4176,141.26987651006573,239.01296296296292
30881,4897,36.53440000100659,285.20385186178055
30881,5584,157.60000000000218,445.55555555555617
30881,7054,210.5630800029587,249.72141974498396
30881,8887,74.23547084637221,279.2382852498485
30881,10504,147.42516243521777,469.1355555555552
30882,1833,397.24411200965056,271.527718613956
30882,2048,316.93200002275717,309.94111070363516
30882,4176,141.26568880056712,239.0116780467566
30882,4897,49.35459200219156,282.321451893365
30882,5584,157.4913932623133,445.51441943727485
30882,7054,210.5660444444709,249.83972016493428
30882,8887,86.38764286875471,277.4542625702487
30882,10504,147.37061662137876,469.2960545701699
30883,1833,410.7743680198973,263.29860757308853
30883,2048,339.2796367151277,304.7389236246474
30883,4176,141.26927006827827,239.01352989860825
30883,4897,61.902673456960436,280.721996008501
30883,5584,157.3723840019568,445.44856294055404
30883,7054,210.49570683293268,249.77091326530876
30883,8887,98.19897202238224,276.18523657965886
30883,10504,147.33039999999278,469.1355555555552
30884,1833,424.0740800107824,255.2918519376064
30884,2048,351.9488002670357,274.17703747912947
30884,4176,141.27088791476865,239.01216641300405
30884,4897,73.44416034329583,278.96013957635637
30884,5584,157.34960000000342,445.44074074074035
30884,7054,210.32222222229962,249.66120164464934
30884,7448,7.543999999998619,298.38296296296085
30884,8887,109.70932000020922,276.09259259259255
30884,10504,147.2376090060095,469.2377150534621
30885,1833,436.73520000243684,249.02170374121923
30885,2048,353.92099546951385,267.6417108397604
30885,4176,141.27223013699108,239.00957382041145
30885,4897,84.48186604390116,277.2446281324572
30885,5584,157.24349171569543,445.40091264715875
30885,7054,210.25233074490188,249.86074483312072
30885,7448,21.91599999999596,318.1737037036998
30885,8887,121.97932000055972,274.7950370442604
30885,10504,146.8741511132407,469.6296296296294
30886,1833,446.49296002657024,241.15725936559352
30886,2048,354.28640000000655,268.8629629629631
30886,4176,141.27339889503787,239.01248004907893
30886,4897,95.25108376284038,275.7188595993194
30886,5584,157.17600000035645,445.3020788474846
30886,7054,210.20864001577024,249.75170368302767
30886,7448,35.987809585796526,338.48977048220877
30886,8887,134.85890000148686,272.0509321259357
30886,10504,146.6664000000037,469.5059259259262
30887,1833,453.9714560290077,230.62007417165086
30887,2048,354.2218177845484,268.7279382660437
30887,4176,141.27417336313786,239.0175391506544
30887,4897,105.51129600075797,275.71259259500613
30887,5584,157.20000000000027,445.30888888888853
30887,7054,210.25114666675222,249.85132510225029
30887,7448,50.01205725955912,358.7011635683888
30887,8887,147.87570000113703,269.9533024890828
30887,10504,146.52039573296634,469.5733484443954
30888,1833,461.08476003695046,218.84554085810538
30888,2048,354.28400000000124,268.82222222222254
30888,4176,141.27724113476748,239.02070107687524
30888,4897,115.85323733509995,274.51209879818174
30888,5584,157.11093335368673,445.349876426723
30888,7054,210.29310222263007,249.92627160513382
30888,7448,63.29544767376091,377.25583753062233
30888,8887,161.06679999999756,269.26555555555564
30888,10176,9.168000000079244,292.86251851967404
30888,10504,146.70935835098362,469.6884082035255
30889,1833,468.14446404311184,206.35848901930575
30889,2048,354.3282577786499,268.8589259222196
30889,4176,141.2743533333355,239.01856995883654
30889,4897,127.6872969719568,272.6245701917327
30889,5584,157.20404000007875,445.41117283921983
30889,7054,210.31008302051077,249.970538085464
30889,7448,75.92199999999991,394.6529629629627
30889,8887,175.04800000030798,269.5982592549142
30889,10176,19.84008000002063,293.12603703732634
30889,10504,146.79759999999646,470.2466666666665
30890,1833,475.2334933639372,193.56199515972915
30890,2048,354.17509273790415,268.7351996645582
30890,4176,141.26898019184753,239.0169034698124
30890,4897,140.0647709102475,271.06171045512804
30890,5584,157.06639999999652,445.30888888888853
30890,7054,210.26952849317126,249.90677839505105
30890,7448,89.4880000000029,413.01962962962955
30890,8887,189.2548000003103,271.6104814771365
30890,10176,29.98479999999404,288.6475555555552
30890,10504,145.66485746097442,470.7407407407405
30891,1833,482.4953157062953,180.71801696938473
30891,2048,354.2714994431037,268.83253052130726
30891,4176,141.26589352520682,239.0111516679825
30891,4897,152.60099272950697,270.1862458354387
30891,5584,157.1549171300603,445.40091260270765
30891,7054,210.22321768807046,249.8493636020165
30891,7448,101.10920000000192,438.1011111111108
30891,8887,203.09360000000254,276.4074074074081
30891,10176,40.24879999999257,283.3481481481477
30891,10504,146.23035029478615,471.8336805542302
30892,1833,489.26643211243913,169.12500777688334
30892,2048,354.14914917807323,268.66634740767535
30892,4176,141.26299889505276,239.0072130141152
30892,4897,165.59003151695947,268.91813247125265
30892,5584,157.06550000697916,445.32461725134164
30892,7054,210.18656000087503,249.7442962899894
30892,7448,113.51228000055755,459.2235185291329
30892,8887,216.87709091168873,282.32558919608744
30892,10176,50.55224000016551,281.36970370182524
30892,10504,144.53359999999975,471.4800000000006
30893,1833,489.58940801229346,164.28536299821417
30893,2048,354.2207545485269,268.7802230588128
30893,4176,141.26479170078028,239.012437578471
30893,4897,179.0582044458415,268.45988476127536
30893,5584,156.97599999999738,445.2274074074074
30893,7054,210.21027182402463,249.76102721338034
30893,7448,128.5587466859738,458.5090433177128
30893,8887,230.4902909116862,288.3133669738649
30893,10176,61.08496181851819,280.6770993283434
30893,10504,138.94000002609914,472.1648148012874
30894,1833,477.2528728114503,176.74490261248232
30894,2048,354.1974972195874,268.6670018357682
30894,4176,141.26878051525293,239.01407879283144
30894,4897,192.5650417830616,269.59467975496307
30894,5584,157.04000000000065,445.3222222222224
30894,7054,210.14172444495784,249.59896296548288
30894,7448,142.3104666854158,445.1773766404314
30894,8887,244.2721090921367,293.53390570221325
30894,10176,70.97342545462197,279.2993535359065
30894,10504,139.9846416219816,466.0707066685277
30895,1833,459.8298329526551,203.15060000887897
30895,2048,354.13556923491,268.550598287149
30895,4176,141.2714677094982,239.0116039726966
30895,4897,206.10985600545519,273.11041472923716
30895,5584,157.10000001088247,445.3514814358146
30895,7054,210.171200013815,249.6794828471356
30895,7448,155.86881924630234,431.78388107080235
30895,8887,258.15501818386224,297.4512794246953
30895,10176,80.22578504398437,278.0281571580021
30895,10377,11.497680000265973,292.8097407357315
30895,10504,144.0264464889708,466.8875293853598
30896,1833,440.8698299965431,220.2966088871159
30896,2048,354.10831629874906,268.5347458828531
30896,4176,141.27528000000495,239.01147927031684
30896,4897,219.57332729141626,277.94326411613304
30896,5584,157.1079999999995,445.37037037037
30896,7054,210.1783865922073,249.67656941858672
30896,7448,168.92998290032324,417.9780562352151
30896,8887,271.48610909195554,301.1402255706974
30896,10176,89.37453771570176,276.79984985638504
30896,10377,28.791520000177115,288.5218518485129
30896,10504,146.53839999999718,466.0496296296297
30897,1833,420.2210841759029,225.46882759456577
30897,2048,354.1054622242598,268.51843209729776
30897,4176,141.27358222223452,239.01543400281167
30897,4897,232.33471516609146,284.90252733811536
30897,5584,157.20000002243637,445.37037037037
30897,7054,210.20181333425398,249.76903703221387
30897,7448,181.40916365402404,403.36195294219056
30897,8887,284.6564000002246,303.88951851488156
30897,10176,98.22369286367461,276.5430915306102
30897,10377,46.31599999999935,282.71111111111094
30897,10504,151.22597651154592,468.168401663525
30898,1833,401.3601309555827,218.66049799243493
30898,2048,354.3419777797851,268.88227160064116
30898,4176,141.27169555557373,239.0171234567573
30898,4897,244.71128534104082,290.1896492747214
30898,5584,157.60392727322596,444.4487542063185
30898,7054,210.29216000109727,249.9201481410791
30898,7448,194.0024727388078,389.4613468667414
30898,8887,298.03640000119174,305.8427036859244
30898,10176,105.83635047756843,276.4931075614001
30898,10377,64.28064000000292,279.6798518518513
30898,10504,150.86203645363412,457.8898987339406
30899,1833,388.97150548064815,204.40859242118293
30899,2048,354.3183905467515,268.8383256264977
30899,4176,141.26974410265518,239.02003482126233
30899,4897,257.7110080067451,293.7424295155753
30899,5584,160.33600006722963,439.18979431551185
30899,7054,210.20649385487218,249.79173184346948
30899,7448,207.2084727388074,376.3328283482221
30899,8887,310.1454909111368,308.40822555562306
30899,10176,113.52896762040814,277.0069953943624
30899,10377,81.53022115819566,277.56187089036354
30899,10504,148.00240000000144,447.5311111111109
30900,2048,354.4191384646524,268.9470655161645
30900,4176,141.27652410265057,239.01932288713334
30900,4897,270.4551466734506,297.104760381592
30900,5584,169.64843641433163,419.3398656197882
30900,7054,210.1254470594995,249.69714597015846
30900,7448,220.75079999999903,363.2955555555548
30900,8887,323.08229090993734,309.7077440919187
30900,10176,121.67037333445023,275.86151605793117
30900,10377,97.81364077212857,276.10825960592143
30900,10504,152.30349090946902,444.0740740740741
30901,2048,354.2760844445297,268.82268724384375
30901,4176,141.2786933333365,239.01504938271546
30901,4897,283.0891333679756,300.3353946173126
30901,5584,183.10283643560297,406.599394148222
30901,7054,210.1295503108588,249.7107016354645
30901,7448,234.1617818345526,349.4409091641333
30901,8887,338.707163644105,305.4491583199974
30901,10176,131.14969333354338,273.4509753116867
30901,10377,113.20576000000187,275.0905185185188
30901,10504,158.93360006317607,431.55004115226393
30902,2048,354.3179373495036,268.86617581357353
30902,4176,141.27059999999574,239.01623090276857
30902,4897,295.39626667632433,303.6359998712319
30902,5584,194.82144002857922,392.7214816231228
30902,7054,210.2072893861532,249.86675770557133
30902,7448,247.73818183455776,337.2235017567262
30902,8887,355.0871636441087,296.5847138755542
30902,10176,141.8550545458038,271.6381818243043
30902,10377,129.08304000000612,272.6371851851859
30902,10504,163.90800001942694,418.4814075135437
30903,2048,354.4953679776256,267.32148126099986
30903,4176,141.27000000000578,239.01388836134063
30903,4897,308.6781822305454,308.42818917757796
30903,5584,208.28366322518832,379.58467866803056
30903,7054,210.15095111267783,249.71657612290255
30903,7448,261.3892000000021,327.71777777777845
30903,8887,371.5667999999994,287.2837037037028
30903,10176,152.89534545553806,270.2808080998966
30903,10377,146.1430400000006,268.75688888888914
30903,10504,170.53599999999847,414.19777777777745
30904,2048,354.83366160632954,266.49128237859276
30904,4176,141.26854222222673,239.0113529318072
30904,4897,323.15901156260225,313.4086484486005
30904,5584,222.52266669618734,365.75176976504497
30904,7054,210.19870311274076,249.81834364691147
30904,7448,274.8227999999983,319.1362962962962
30904,8887,387.44025455655446,277.63286203493175
30904,10176,164.46942545642628,271.06978045239737
30904,10377,164.6331199999952,266.8319999999997
30904,10504,176.43075555589576,410.12370370370377
30905,2048,360.7371636979451,271.8558918885752
30905,4176,141.26713734417535,239.01209836392746
30905,4897,336.6400960136969,310.44314084706093
30905,5584,240.12349100026427,348.53097694098165
30905,7054,210.20706666669753,249.7760123451791
30905,7448,288.7153000112818,311.9971668738073
30905,8887,402.2395692176872,268.77949243619213
30905,10176,176.82158545531593,273.1963340033703
30905,10377,184.48836000467963,268.51544437955675
30905,10504,183.24140000641478,402.0300000264347
30906,2048,374.05146666852147,282.16419749238054
30906,4176,141.26931734418235,239.01241935155704
30906,4897,349.4162952913314,304.1787772981557
30906,5584,260.8452000263924,329.85392617311015
30906,7054,210.26915801242012,249.8902639602234
30906,7448,304.2373000112832,308.48864835528957
30906,8887,415.0329146611284,262.1651489197796
30906,10176,189.20763636372612,273.2018316504501
30906,10377,204.66291637314723,274.7490840573401
30906,10504,192.44176001943742,390.0865927015291
30907,2048,387.2261818347454,278.61353555076727
30907,4176,141.27152222222605,239.0126790123135
30907,4897,362.6732218313259,296.8609339324646
30907,5584,283.64168892885004,315.16897140120426
30907,7054,210.26355781617667,249.9093028012389
30907,7448,321.6873200013424,309.3619259522247
30907,8887,427.0935999999949,256.2348148148148
30907,10176,196.472407319161,259.8409293801107
30907,10377,224.58765091335067,282.63400668434934
30907,10504,198.79570911668907,384.5505725660263
30908,4176,141.27256198347595,239.0127574396923
30908,4897,376.0460800604938,287.86561021521084
30908,5584,307.2858181859658,307.6594612126049
30908,7054,210.2962666669555,249.9403127568076
30908,7448,338.9997200013454,306.4574815077803
30908,8887,439.7278909306408,248.83245798121112
30908,10176,202.1946618297943,244.17878790058322
30908,10377,244.4818618262366,290.3846194287807
30908,10504,210.18977778126668,379.61925932820174
30909,4176,141.2733619834853,239.0122348059478
30909,4897,388.20733481085085,278.5148949025247
30909,5584,332.7883555716369,305.6984363737676
30909,7054,210.17457778732478,249.75140739790058
30909,7448,355.78903334146617,297.4427161309543
30909,8887,450.74109093064294,237.31393946269108
30909,10176,203.19212449094493,240.54296333603543
30909,10377,263.9428145522277,295.6636968749773
30909,10504,225.52880006360851,375.0066670302521
30910,4176,141.2737200000095,239.01295473250482
30910,4897,398.951457733516,271.7045462417444
30910,5584,355.9954224943965,291.40218336547207
30910,7054,210.34888449428308,250.04312389974424
30910,7448,372.50583334146086,286.9982716865107
30910,8887,460.06000000000427,222.89518518518082
30910,10176,203.05557334531272,240.32770380074476
30910,10377,283.57573333427126,299.77407405530056
30910,10504,238.53600001991708,361.6461728395066
30911,4176,141.27407213674985,239.0149332067084
30911,4897,408.3334955387204,266.80576910863454
30911,5584,378.7258909845036,276.49030348486644
30911,7054,210.2660066300814,249.9457172094679
30911,7448,387.704000006633,276.4496667206204
30911,8887,468.8466545619405,209.08080813160268
30911,10176,202.9558779545789,240.1969751059656
30911,10377,304.0265200018098,302.8957036678255
30911,10504,227.46960000000058,356.2962962962957
30912,4176,141.27235213675533,239.01659987338
30912,4897,417.17541335265196,262.45661310296333
30912,5584,398.7198400154682,266.8887409104046
30912,7054,210.37893333420357,250.07711933729925
30912,7448,401.0189600100574,268.50529639905665
30912,8887,477.3334545619405,195.27821553901003
30912,10176,202.98918726816285,240.25711207975274
30912,10377,323.8316533345403,305.2057283711427
30912,10504,215.70200006840992,367.3455557574228
30912,10555,498.0951000215583,118.35203709311793
30913,4176,141.26800000001367,239.01605967078132
30913,4897,426.365400620831,258.1054208366003
30913,5584,418.2761777855376,257.7508642981419
30913,7054,210.3520000222602,250.05170357074257
30913,7448,413.8447600069952,262.75303712655204
30913,8887,485.7067000041184,181.01370371769752
30913,10176,203.04935111180498,240.35237859664971
30913,10377,342.16846325919846,300.9601569022147
30913,10504,204.90880001464689,377.9260741596464
30913,10555,484.8399999999998,147.85185185185145
30914,4176,141.2639642857215,239.01751998823917
30914,4897,435.5369730828352,254.3837707359493
30914,5584,438.34560005834646,249.45733383109902
30914,7054,210.5242000000601,250.20335802377835
30914,7448,427.08100000357376,256.7314815221897
30914,8887,494.5199000041157,166.5137037176998
30914,10176,203.0136805281177,240.30434467986782
30914,10377,360.1288421727986,291.1803515150566
30914,10504,194.23742223821137,388.1741564677219
30914,10555,470.55356213737696,178.1360399305596
30915,4176,141.26297657622615,239.01845038575465
30915,4897,443.9969815678217,249.35319708079783
30915,5584,454.5495273961137,232.60397351398777
30915,7054,210.4232933333833,250.09446913537502
30915,7448,439.7585333369875,249.23691359834987
30915,10176,203.0460156895981,240.32000387082553
30915,10377,376.4635199999998,281.69288888888923
30915,10504,183.2696889225133,399.24238691351246
30915,10555,454.34394255084385,209.34509532070987
30916,4176,141.2631642458194,239.0186178357263
30916,4897,450.6350781313961,241.32963683776265
30916,5584,468.42248895329135,210.04699617469046
30916,7054,210.4113811325078,250.06761704502756
30916,7448,449.85813333698553,237.4165432279809
30916,10176,203.0436977793761,240.37955555989487
30916,10377,390.5073600330013,274.63977819012996
30916,10504,171.79672743564538,411.5824922092739
30916,10555,433.8407232881053,234.85619845829996
30917,4176,141.26535195530892,239.02037860918003
30917,4897,456.6588318652998,230.89440129860984
30917,5584,482.709600176031,186.09138098294275
30917,7054,210.4721422242676,250.19868312182615
30917,7448,458.6375999999973,222.88888888889048
30917,10176,203.07212415690287,240.3932079115747
30917,10377,403.4339080941061,268.03134876537825
30917,10504,160.63555561863723,426.9683129318791
30917,10555,408.9503428746383,251.10418010518387
30918,4176,141.2688000000003,239.0161582491581
30918,4897,462.74695834505906,221.07991812457374
30918,5584,498.41952009163606,159.27118548874785
30918,7054,210.4656000005491,250.18579087374704
30918,7448,468.197600000002,208.6859259259253
30918,10176,203.0999954848187,240.43449950747785
30918,10377,416.2767813877042,261.36842991484775
30918,10504,150.36269092744874,430.707003266819
30918,10555,384.78680000000054,266.3766666666656
30919,4176,141.27061111111345,239.00941358023476
30919,4897,468.75063552449774,212.19082577676508
30919,7054,210.5009192628188,250.21811361380287
30919,7448,477.2560000000027,194.52222222222403
30919,10176,203.16179555586132,240.54999176927416
30919,10377,429.48166400420064,254.5610370750364
30919,10504,151.02426666708766,425.18370370370405
30919,10555,377.2422667110334,285.58024678947527
30920,4176,141.27061111111345,239.00912002742268
30920,4897,473.7456869701873,203.24482147687073
30920,7054,210.35839999998984,250.11621399186222
30920,7448,486.13799999999975,179.8337037037081
30920,10176,203.22546823595417,240.6180566470033
30920,10377,442.251359999999,247.24177777777555
30920,10504,159.2392727296442,422.33481485194943
30920,10555,382.4686667110285,296.3024690116973
30921,4176,141.2696960893868,239.00698825972145
30921,4897,479.02169616225933,193.4432153289296
30921,7054,210.51659888403265,250.23202565622339
30921,7448,496.5097818523958,164.07188559889187
30921,10176,203.27576972650832,240.68123514917826
30921,10377,453.02479999999946,234.56355555555385
30921,10504,164.56080001483997,418.4937778636977
30921,10555,383.7371579203932,296.3566670279478
30922,4176,141.2701716449476,239.0033188495706
30922,4897,485.2793854710478,181.98769730270635
30922,7054,210.4886807471189,250.20124682409707
30922,10176,203.27025552913483,240.66468710022605
30922,10377,462.89760000000456,218.0339259259283
30922,10504,169.09857777808384,415.9244444444441
30922,10555,383.4317018245173,296.59828060461456
30923,4176,141.26807943905533,239.0055735346994
30923,4897,491.82726253269266,170.41743228350992
30923,7054,210.87022229775698,248.89478199299498
30923,10176,203.2176105497524,240.61318905731687
30923,10377,472.8192400295791,202.37714824407126
30923,10504,174.5829091132066,410.7037711990136
30923,10555,383.9089196004352,297.43736357603944
30924,4176,141.26407902161304,239.00844850913018
30924,4897,499.109477462431,158.43224978456894
30924,7054,212.78266667511048,253.15333334470756
30924,10176,203.20831888050975,240.6031356111391
30924,10377,482.8186933879136,186.34879030739614
30924,10504,181.56840000035572,404.6911111111111
30924,10555,384.4834666657903,297.2272652329595
30925,4176,141.26407513811614,239.00843052998644
30925,7054,197.54000001726126,261.2752594690206
30925,10176,203.2626351382612,240.6484166135716
30925,10377,493.86000002324636,168.88059267258714
30925,10504,187.89360005807225,396.9877038752212
30925,10555,384.7354909694758,296.67336708543803
30926,4176,141.2661600000007,239.0092592592592
30926,7054,177.52097778015923,264.61201650653845
30926,10176,203.21840619250452,240.61066298794853
30926,10504,193.80408003327148,388.87925936164214
30926,10555,384.69678889798615,296.5447530924923
30927,4176,141.27016000000197,239.00851851851846
30927,7054,155.6192000026101,266.12577779125513
30927,10176,203.18832000134535,240.5692621578168
30927,10504,200.56444444472845,382.4688888888892
30927,10555,384.6200774800309,296.8644421847424
30928,4176,141.5643333340597,239.0654938344503
30928,7054,130.99866667033666,267.88320994940153
30928,8148,6.8370333490094035,280.77064805926113
30928,10176,203.18720889151336,240.5201646115127
30928,10504,210.9638222225442,382.8392592592589
30928,10555,384.32968858204504,297.3874668700278
30929,4176,147.62811804505418,236.9946945029433
30929,7054,105.0640000120552,274.11370394901735
30929,8148,21.240633353266958,288.78635180735523
30929,10176,203.21555869393706,240.55531057527935
30929,10504,222.43155555586327,380.37185185185194
30929,10555,383.9838077352681,297.6916676858603
30930,4176,161.8725847109971,232.46549696478968
30930,7054,79.18351831880273,276.49476822505426
30930,8148,36.34008000495896,286.8598519100334
30930,10176,203.25561279192584,240.60030910181007
30930,10504,233.49475557157575,376.76288075319553
30930,10555,383.92122672975404,297.7582867622459
30931,4176,177.78400002258365,240.83055549103926
30931,7054,53.96410000265064,279.52231486819534
30931,8148,51.2944800007034,282.06674075453407
30931,10176,203.2182679384414,240.58742353882278
30931,10504,240.39760006196502,369.69720164609174
30931,10555,384.0438189944848,297.751804261571
30932,4176,191.96541830515056,264.8509592891288
30932,7054,31.54981820802618,276.2286865146997
30932,8148,65.63879999999926,280.05370370370383
30932,10176,203.20726383227338,240.5960370034288
30932,10504,238.49890910971112,357.4969695888002
30932,10555,384.1606234641631,297.72795779545436
30933,4176,206.53666274044156,289.29583580532545
30933,7054,10.043200003178754,269.76510282043176
30933,8148,79.09546082392183,278.1877280149196
30933,10176,203.21854432246025,240.56388040362543
30933,10504,228.8942400003691,358.27185185185175
30933,10555,384.1748634642613,297.71744224146613
30934,4176,223.63612446003742,303.0135060390684
30934,8148,92.21666082392515,276.57217245936397
30934,10176,203.202415783486,240.56677722167774
30934,10504,217.7221818250814,362.6629630411613
30934,10555,384.19424000009315,297.69318814971604
30935,4176,241.76568000216605,305.7054814392397
30935,8148,104.61919999999907,275.69925925925884
30935,10176,203.13011580906505,240.42230308325796
30935,10504,205.98728892429108,367.9287243851639
30935,10555,384.19359999999756,297.6851851851856
30936,4176,258.8058666677029,303.8052675078466
30936,8148,116.44479999999362,274.6296296296291
30936,10176,203.1229824841546,240.41611812914087
30936,10504,198.13360000000557,383.20962962962966
30936,10555,384.2916491847973,297.57417729590287
30937,4176,274.29802667061267,301.41467487141813
30937,8148,129.19599999999036,272.1000000000005
30937,10176,203.12240333954946,240.44487342778754
30937,10504,188.09781820017974,392.2559596988291
30937,10555,384.444849184797,297.45084396256914
30938,4176,290.2874266742799,302.52662950786123
30938,8148,143.2011999999986,269.4666666666676
30938,10176,203.1791532537784,240.5060290520842
30938,10504,179.29890916203703,405.0053874166457
30938,10555,384.4868000001185,297.4474012686716
30939,4176,309.66104850019184,306.91031966039486
30939,8148,158.31600000000492,268.512962962963
30939,10176,203.3323929774565,240.6897139794806
30939,10504,169.82770913181184,418.5690237594801
30939,10555,384.5209176630533,297.3658544492399
30940,4176,328.728524714802,310.5950556166026
30940,8148,174.8830909100093,269.07242422366903
30940,10176,203.37934177373654,240.75265071737385
30940,10504,160.36400011314527,434.01925955474496
30940,10555,384.6273176629353,297.0421568842716
30941,4176,346.33810290270907,305.10851377732286
30941,8148,192.10116364117198,271.983030235492
30941,10176,203.3217163636505,240.6930774411651
30941,10504,151.14080001677053,450.1510289871984
30941,10555,384.71073558456226,296.85934875883333
30942,4176,365.81477821228816,291.39039416063594
30942,8148,209.03727273116317,277.72171712293357
30942,10176,203.36112000122512,240.15353535592098
30942,10504,144.5336000145346,447.7530370370379
30942,10555,384.6995873090748,296.9863698305004
30943,4176,384.6186181984024,278.2530977665878
30943,8148,225.66600000000108,284.66629629629693
30943,10176,203.8007127279991,239.057575757619
30943,10504,150.1582400148493,442.5678519397407
30943,10555,384.6952517245114,296.9233173679631
30944,4176,400.2099636480836,268.7803704742591
30944,8148,241.5500000000037,290.4951851851869
30944,10176,208.29866673407196,244.9279010155916
30944,10504,157.4139200220145,436.46918531626875
30944,10555,384.7368066308462,296.69980765498093
30945,4176,413.93316364950294,261.8719754439769
30945,8148,257.4224000000015,294.5548148148158
30945,10176,217.9188587597639,260.33068608372554
30945,10504,162.56760001738826,430.83351861920073
30945,10555,384.8015004370268,296.57073849559225
30946,4176,427.79320000426253,255.80679017842021
30946,8148,274.444240000841,297.3669999828008
30946,10176,228.6151361168686,278.1771255744343
30946,10504,167.4695999999983,425.3074074074075
30946,10555,384.8310938061786,296.4201900998704
30947,4176,441.6816000239095,247.64577784399756
30947,8148,292.5374400266094,300.1205180532205
30947,10176,239.8869920244499,288.13327400378364
30947,10504,173.10436365455075,420.2131314215467
30947,10555,384.83320000100605,296.26789429879284
30948,4176,454.1796000239089,232.16281488103485
30948,8148,312.217920029164,304.9354439354446
30948,10176,252.32083200388615,292.475407342542
30948,10504,178.66639999999734,414.9385185185179
30948,10555,384.8446142902617,296.3978413851991
30949,4176,466.0047999999961,211.68074074074104
30949,8148,330.12832001004426,308.1404814743882
30949,10176,265.5360480065872,295.6211110164848
30949,10504,183.60240001929924,409.9626666666678
30949,10555,384.84461428925556,296.50661375307294
30950,4176,478.35560000000044,190.9611111111109
30950,8148,345.60960000664807,302.4404074612146
30950,10176,279.447407752233,299.1084442790446
30950,10504,188.6663999999996,405.80222222222216
30950,10555,384.83678888933355,296.4813271618276
30951,4176,491.4296000000036,168.81925925925722
30951,8148,363.0363636453865,291.15673409806897
30951,10176,292.59110195222434,302.9639109190423
30951,10504,193.76836365497638,402.1882829381085
30951,10555,384.83678889577675,296.4093801689627
30952,8148,382.10400001703704,280.4253873713716
30952,10176,306.74540801309035,310.04540723226825
30952,10504,198.8381818363166,398.36127956358513
30952,10555,384.8068000064444,296.26768263676473
30953,8148,399.14207637560537,270.94976442174533
30953,10176,321.66220655072607,316.04434479090673
30953,10504,204.80000001568897,393.4295473251028
30953,10555,384.73129450730715,296.14895399592257
30954,8148,412.9301127347589,263.6149495650293
30954,10176,332.865338197447,312.086316650773
30954,10504,210.82625459971496,382.67131328578887
30954,10555,384.72398022177003,296.03568415099255
30955,8148,425.7657527333379,256.9081717770678
30955,10176,344.67607276699255,302.9496703547152
30955,10504,218.40000001435556,375.40725925925835
30955,10555,384.7917968260589,296.1237466168893
30956,8148,438.73026184093646,248.5546364664968
30956,10176,358.8577102168722,293.6372514742023
30956,10504,225.103490981013,367.21643118943126
30956,10555,384.80527594676914,296.2307201655232
30957,8148,450.9377818384053,235.0562290319409
30957,10176,374.85396577724487,285.8571010684619
30957,10504,231.3649777935666,359.10823054141684
30957,10555,384.7992341422184,296.18723872560304
30958,8148,462.586690931866,217.58569031553043
30958,10176,390.6092266946075,277.01288912383035
30958,10504,238.028640014619,355.03688897156894
30958,10555,384.81306930704307,296.17501650338073
30959,8148,474.3607909684272,199.31575216196683
30959,10176,404.6090788232402,269.9308263630542
30959,10504,243.20560007573135,346.0985925925917
30959,10555,384.8067999999956,296.16037037037034
30960,8148,486.45410003656764,179.94561740199043
30960,10176,416.06228049543796,264.44188950087687
30960,10504,237.5608800003647,338.3948148148153
30960,10555,384.8024480037367,296.20259259633343
34997,5393,9.58991999999796,288.60192592592625
34998,3810,12.29960000060544,292.87437035997567
34998,5393,23.23006000444991,289.9920741311448
34999,3810,25.919155555625938,292.3048477354706
34999,5393,37.659980002480324,284.6486667022683
35000,348,12.39599999999541,288.69525925925933
35000,3810,40.38228800067088,283.96644445724115
35000,5393,52.633542858167175,281.25310901480384
35001,348,27.52688001109277,290.0872296844106
35001,3810,55.52483200166364,281.66542090676285
35001,5265,0.08400000000392538,301.0318518518509
35001,5393,67.0090480007491,279.72034816281786
35002,348,42.25815111446764,283.14187327554305
35002,3810,69.79032000017128,279.58984512116893
35002,5265,10.306400000007443,303.2851851851848
35002,5393,80.34672598602641,277.76736119720977
35003,348,57.2092977779198,280.858238685832
35003,1415,6.466400000002182,288.3103703703695
35003,3810,82.99439349205386,277.8111861354473
35003,5265,17.75469092159483,312.5389225054327
35003,5393,93.2708745653639,275.8525442153053
35004,348,71.15347941122764,279.3611621954015
35004,1415,19.36454545499373,291.91430977341116
35004,3810,95.82192905505906,276.22152850563
35004,5265,24.334399999997913,321.5185185185225
35004,5393,106.12164800036282,276.2703333262606
35005,348,84.35820033257983,277.54086892456553
35005,1415,32.32534545499277,288.43838384748534
35005,3810,107.7147352732419,276.5649676838984
35005,5265,30.641236377414316,330.7270706553365
35005,5393,119.30011200172771,275.27266332290634
35006,348,97.32793761994003,275.97062607541045
35006,1415,45.49545454579232,282.7511111164993
35006,3438,7.309280000347939,289.4688888819921
35006,3810,119.69579636369303,274.9433939401256
35006,5265,37.48800000000756,340.28000000000014
35006,5393,134.10308000483155,272.0577958185766
35007,348,110.11715200035951,276.83807407221985
35007,1415,58.87727272782115,280.7814814868701
35007,3438,21.49673454656238,290.57316499094685
35007,3810,134.1506400010246,271.6691852061244
35007,5265,44.91840000000025,350.5281481481486
35007,5393,149.6204254569352,269.733636404363
35008,348,123.67425244642618,274.25523459617995
35008,1415,71.39659486159076,279.501628372367
35008,3438,35.369854546217994,286.89131314599206
35008,3810,149.1604417783941,269.86034239103793
35008,5265,52.07359999999994,360.7244444444404
35008,5393,165.4218909093493,269.65201347220824
35009,348,138.49050311222982,270.71536792151085
35009,1415,83.18273080832626,278.07347278302166
35009,3438,49.445200000010914,281.9555555555553
35009,3810,164.4828196372822,269.05235422144915
35009,5265,58.774399999992966,369.83555555555125
35009,5393,181.67552000000114,273.31518518518516
35010,348,153.71188800058007,269.49653334055415
35010,1415,94.72715412876198,276.78295552176604
35010,3438,63.382800000007926,280.3225925925923
35010,3810,181.26725818190778,268.2560673414547
35010,5265,63.8879999999972,377.7570370370373
35010,5393,198.18408000446027,278.33573057465964
35011,348,169.51827200112345,269.6197036839676
35011,1415,106.04239999999265,276.6307407407407
35011,3438,76.43656123499056,278.54027749941343
35011,3810,198.86712000000045,272.7328888888889
35011,5265,68.66959999999267,385.5911111111117
35011,5393,215.17360000641872,283.47989822313457
35012,348,186.01635200966936,273.2943850602183
35012,1415,117.6923999999957,276.04629629629596
35012,3438,89.01942790236033,276.73515405669224
35012,3810,216.65800000000218,278.4759259259242
35012,5265,73.44560000000797,392.6000000000001
35012,5393,232.34512000193092,288.777859231198
35013,348,202.81358934464836,278.7105776246239
35013,1415,130.7943999999992,273.3548148148144
35013,3438,101.44666666756734,275.79109877993346
35013,3810,234.67332000518408,285.31991104312795
35013,5265,78.42356002046813,399.80970362951786
35013,5393,249.82496000074323,292.93295554327625
35014,348,220.1656678903464,284.846915672168
35014,1415,144.8096800004521,270.1580740833838
35014,3438,113.74620000019604,275.12177777821023
35014,3810,252.86188000057734,291.22623702948493
35014,5265,84.60160000000201,407.8800000000002
35014,5393,268.05289454761635,295.01668750165
35015,348,237.60743564341055,290.94778440968815
35015,1415,158.61968000045295,267.9040000093105
35015,3438,126.99088000057374,273.063703714838
35015,3810,271.68087999999676,294.7951851851849
35015,5265,91.65439999999307,417.52592592592964
35015,5393,286.8146836410154,297.67763627322097
35016,348,255.41836072964998,295.1044309338358
35016,1415,172.62938181992524,269.4202019937637
35016,3438,141.1064800005704,270.1074074185421
35016,3810,290.70991999999643,301.4847407407419
35016,5265,98.63796365658004,427.95198646390986
35016,5393,305.9826690925644,301.63744104515365
35017,348,273.2538359622697,298.12066736874266
35017,1415,187.11818181992896,273.959090882653
35017,3438,155.22389091088374,267.9973063718
35017,3810,309.2950721257665,310.46644318947256
35017,5265,104.17360000000713,443.251851851854
35017,5393,324.28023999999766,305.03562962963036
35018,348,291.43068444503575,301.66525101881314
35018,1415,202.13520000000642,278.3555555555568
35018,3438,169.83509091088536,269.32434340883617
35018,3810,326.093520022809,312.702059203914
35018,5265,109.4754286732666,460.7611285435145
35018,5393,341.21080802236577,299.2339112651015
35019,348,310.170720000001,305.1917037037033
35019,1415,217.65858182071725,283.26767673380004
35019,3438,184.9048000000039,273.0788888888878
35019,3810,343.3364116501503,303.4279812819627
35019,5265,117.93781819939113,461.2355556542185
35019,5393,359.0959120095869,288.2963852511813
35020,348,327.4850909178497,307.23388560736686
35020,1415,233.2945818207179,288.8117508078736
35020,3438,200.15879999999981,276.73222222222194
35020,3810,362.78501818324116,292.49346129366495
35020,5265,128.64799999999832,452.81259259259366
35020,5393,376.44807999999784,278.5900000000003
35021,348,344.44138185025963,299.9600541466483
35021,1415,248.9600000000053,293.4185185185185
35021,3438,215.86040000214834,280.71296292916026
35021,3810,382.0335999999958,281.7008148148146
35021,5265,138.84400000000028,444.27629629629763
35021,5393,391.3451200000031,271.5259999999995
35022,348,362.81137458165745,289.1157578781449
35022,1415,264.6320000000003,296.5540740740742
35022,3438,231.73240000215287,285.01666663286375
35022,3810,397.7919999999983,273.1670370370372
35022,5265,148.7914400116324,434.97014821752214
35022,5393,405.0592799999964,264.93851851851804
35023,348,380.09525819619626,279.0180876761108
35023,1415,280.33653335344576,299.3704934259065
35023,3438,247.4514545469873,288.81673397826233
35023,3810,412.3516126678038,264.75843933784415
35023,5265,158.37040000000115,425.53481481481435
35023,5393,418.960080004926,258.0209630062722
35024,348,394.48378183123504,271.2190977780757
35024,1415,296.57613335344877,302.8108637962772
35024,3438,263.5063636400872,292.4724915196641
35024,3810,427.0960183065449,256.2921542511904
35024,5265,168.18720001411975,416.3754074742272
35024,5393,433.14416001380897,250.82846574968508
35025,348,408.05322714874706,264.7727688657231
35025,1415,313.2876363703275,307.60821542985093
35025,3438,279.83570909453306,296.332201956782
35025,3810,441.318966604332,245.49583728690982
35025,5265,178.13600001327927,407.35414822003935
35025,5393,446.2941600050141,240.14274079330855
35026,348,421.7301613365055,258.34976128448005
35026,1415,328.7076363703278,309.406363577998
35026,3438,296.2720000014315,300.10792589686173
35026,3810,454.3053309559548,228.909643275653
35026,5265,188.0976727423615,397.7952862725207
35026,5393,458.66482187760766,223.53866688793732
35027,348,435.69016727387066,251.66418856512652
35027,1415,343.8058001427663,302.81055662778545
35027,3438,313.2991200053169,304.7694814339503
35027,3810,466.95085099070974,208.67606760507428
35027,5265,198.7760000000037,387.1407407407408
35027,5393,471.3633059203278,204.70230475142336
35028,348,447.68262405563974,237.58562982041687
35028,1415,360.50840015149674,291.76977892498536
35028,3438,328.9927200053142,307.10577773024727
35028,3810,479.29823474499983,187.5389681638233
35028,5265,210.1987636556089,376.647340174453
35028,5393,484.46688495134885,184.99926411554958
35029,348,459.7285440439816,220.1287705521886
35029,1415,376.91420000873563,281.5718148897912
35029,3438,344.07068000801644,301.42296302557605
35029,3810,492.1405921318524,165.9438967306903
35029,5265,221.88560000000166,365.43851851851804
35029,5393,498.2091782601833,165.00085552961187
35030,348,472.0466631570457,201.5254437924987
35030,1415,391.00160000000415,273.4496296296287
35030,3438,360.9198800080236,291.5018519144641
35030,5265,233.70160000000055,354.04592592592786
35031,348,484.901315600182,182.55015656265573
35031,1415,403.7014916535554,266.8852725885227
35031,3438,377.59419052434,282.92594404669205
35031,5265,245.7456000000036,342.5466666666679
35032,348,499.6110364928734,163.89379445935904
35032,1415,416.56949165355286,260.0945318477823
35032,3438,391.9097905279557,275.59698112166586
35032,5265,257.98960000000193,330.6518518518509
35033,1415,429.83490909677755,252.96494954364147
35033,3438,404.75657337928504,269.1071685324531
35033,5265,270.00880000247207,319.64333335631557
35034,1415,442.7607757822841,244.15519653790696
35034,3438,417.69722792502364,262.78872408976196
35034,5265,282.29780000618234,314.06277783846593
35035,1415,454.7416485243559,231.15489354258844
35035,3438,430.90345454935175,255.8844444841335
35035,5265,294.2543999999998,307.425925925924
35036,1415,466.0331636802255,214.24919207692028
35036,3438,443.448399999997,246.1362962962954
35036,5265,307.74560000000406,308.25407407407226
35037,1415,476.8839273244055,195.4378116127473
35037,3438,454.5620000000042,230.93407407407597
35037,5265,321.6574545465903,310.34646462410853
35038,1415,487.54654548303057,176.32659941748295
35038,3438,465.2495999999985,212.41814814814975
35038,5265,333.5748000019919,312.6770370534557
35039,1415,498.6055999999991,157.6803703703704
35039,3438,475.92768002536445,193.51977785756836
35039,5265,344.81873334501074,303.7257408323091
35040,3438,486.52408002537015,174.63125933905022
35040,5265,358.2144000000085,294.19777777777824
35041,2933,484.2920000000049,155.44666666666274
35041,3438,496.72356367873647,154.641447904283
35041,5265,372.2572363822337,284.9567004736675
35042,2933,469.33585470620756,183.71683548636298
35042,5265,384.88800000449714,276.1237037491184
35043,2933,453.56008012767575,213.0044448214541
35043,5265,395.28000000000816,270.70518518518674
35044,2933,434.0146626652938,223.11139623021492
35044,5265,405.63999999999965,265.7577777777793
35045,2933,413.36092374641566,226.46544476016618
35045,5265,416.1535150106033,260.5080816662342
35046,2933,392.0856800028673,229.159333392819
35046,5265,426.6756000419548,254.97592638203258
35047,2933,370.40436363906224,232.5488216036109
35047,5265,437.58840000338637,249.68162967272445
35048,2933,348.72960000000717,234.15703703703673
35048,5265,447.47309094677234,241.63555567523875
35049,2933,326.37208000198257,234.44555559621995
35049,5265,456.12239999999247,227.18370370370366
35050,2933,304.40626667799506,240.76271620355993
35050,5265,465.54160000000024,212.01259259259243
35051,2933,283.3120000080555,248.1351112179402
35051,5265,474.7026667032003,197.03413592601814
35052,2933,261.63480001205244,256.4769631213879
35052,5265,483.6468800348882,181.88333344303854
35053,2933,240.5399999999986,261.1607407407406
35053,5265,492.6576000000068,166.85333333333352
35054,2933,219.03381818405592,261.3503703245457
35055,2933,197.91064000814913,256.1914813670443
35056,2933,179.69767279059283,241.76579095473193
35057,2933,161.98814592793838,233.1483345430918
35058,2933,145.98799999999983,242.0274074074078
35059,2933,141.7726666677254,238.78265432417754
35060,2933,141.89999999999827,238.40148148148498
35061,2933,141.89440000000104,238.39259259259228
35062,2933,141.88960000000748,238.38740740740704
35063,2933,141.88560000000052,238.401481481481
35064,2933,141.89832000000706,238.39259259259228
35065,2933,141.89759999999865,238.3777777777818
35066,2933,141.89359999999738,238.40592592592213
35067,2933,141.89359999999738,238.401481481481
35068,2933,141.8839999999932,238.39407407407398
35069,2933,141.89360000000306,238.40348148148195
35070,2933,141.89359999999738,238.38740740740704
35071,2933,141.8903999999941,238.40592592592614
35072,2933,141.8839999999932,238.40592592592614
35073,2933,141.89359999999738,238.39259259259228
35074,2933,141.88800000000583,238.401481481481
35075,2933,141.88800000000583,238.39865319865373
35076,2933,141.89039999999977,238.3948148148154
35077,2933,141.8881454545442,238.3985185185189
35078,2933,141.8960000000027,238.40592592592614
35079,2933,141.89359999999738,238.4037037037041
35080,2933,141.89359999999738,238.40592592592614
35081,2933,141.88640000002692,238.39049382716016
35082,2933,141.90109090909004,238.401818181875
35083,2933,141.88159999999925,238.39999999999927
35084,2933,141.88800000000583,238.40888888888955
35085,2933,141.89033333333327,238.40728395061527
35086,2933,141.89039999999977,238.38518518518504
35087,2933,141.89330909090927,238.3977777777775
35088,2933,141.8984000000023,238.3977777777775
35089,2933,141.89759999999865,238.39111111111055
35090,2933,141.8839999999932,238.40962962962965
35091,2933,141.88778181818407,238.3977777777775
35092,2933,141.8882181818219,238.40350168351466
35093,2933,141.8878545454561,238.39750841749364
35094,2933,141.89440000000104,238.40148148148498
35095,2933,141.8839999999932,238.4051851851845
35096,2933,141.89359999999738,238.39474747474742
35097,2933,141.88400000001025,238.41059259259345
35098,2933,141.89032727272206,238.3984511784496
35099,2933,141.88656000000606,238.40155555555077
35100,2933,141.88399999999888,238.40592592592213
35101,2933,141.88800000000583,238.41296296296255
35102,2933,141.8984000000023,238.39259259259228
35103,2933,141.89759999999865,238.39259259259228
35104,2933,141.8935999999917,238.39259259259094
35105,2933,141.89614545455242,238.4051851851845
35106,2933,141.88632727273784,238.39811447811488
35107,2933,141.87767272727,238.4021548821531
35108,2933,141.8938399999945,238.3985185185189
35109,2933,141.88800000000583,238.40962962962965
35110,2933,141.8896000000018,238.40592592592614
35111,2933,141.88800000000583,238.41111111111135
35112,2933,141.88567272727255,238.40114478116337
35113,2933,141.89039999999977,238.39999999999796
35114,2933,141.8939636363632,238.3910437710517
35115,2933,141.89759999999865,238.39259259259228
35116,2933,141.88399999999888,238.39750841750805
35117,2933,141.89359999999738,238.39259259259228
35118,2933,141.8957818181923,238.3878787879119
35119,2933,141.87840000000733,238.3944444444446
35120,2933,141.8837599999904,238.40014814815703
35121,2933,141.88800000000583,238.3948148148154
35122,2933,141.88014545454735,238.405723905734
35123,2933,141.8864000000042,238.4000000000006
35124,2933,141.89200000000142,238.401481481481
35125,2933,141.88159999999925,238.39999999999927
35126,2933,141.8839999999932,238.3977777777775
35127,2933,141.8903999999941,238.40222222222263
35128,2933,141.89360000003148,238.40437710437647
35129,2933,141.89200000000142,238.38666666666674
35130,2933,141.89614545455242,238.39279461278574
35131,2933,141.88239999999723,238.39407407407532
35132,2933,141.88159999999925,238.39259259259228
35133,2933,141.89327999999932,238.3977777777775
35134,2933,141.8867368421104,238.38740740740704
35135,2933,141.8943272727347,238.4035016834989
35136,2933,141.91978181817717,238.41265993266504
35149,6367,495.5840001507738,113.65939420139526
35150,6367,485.62660586438255,143.46574041624584
35151,6367,475.42458190944217,171.65555576641145
35152,6367,462.9553850523962,194.46954631009737
35153,6367,450.9560000000022,216.6800000000002
35154,6367,435.514938725953,222.51351632417317
35155,6367,419.4506047206687,225.62267293073134
35156,6367,401.68981818314364,225.0932659660909
35157,6367,382.9775999999981,224.49037037037021
35158,6367,363.7615999999923,223.9592592592592
35159,6367,345.9104000000025,223.3407407407404
35160,6367,327.61840000000007,224.7125925925919
35161,6367,308.54050910110686,230.89912470520346
35162,6367,289.2865454655805,238.49070720959008
35163,6367,269.74087273480336,245.337912562809
35164,6367,250.92639999999733,250.88148148148193
35165,6367,232.25199999999973,257.53925925926
35166,6367,213.62778181930935,260.1890909255835
35167,6367,194.5695999999998,261.5096296296302
35168,6367,175.3756363658738,263.3106397757463
35169,5724,494.38007285444314,125.34202050112175
35169,6367,157.4774400006561,265.0366666638413
35170,5724,485.4744451128113,147.7775937546275
35170,6367,141.45439999999212,265.1718518518524
35171,5724,476.43792011409687,167.81585219250638
35171,6367,125.42181818502627,267.23771048939835
35172,5724,466.48968003483446,185.98852128721677
35172,6367,110.61720000257083,271.8950370800257
35173,5724,457.4881891943903,204.13612836250715
35173,6367,95.41360000000054,274.4392592592597
35174,5724,448.75643991175025,220.9743465178131
35174,6367,79.69357926826888,276.62434776855326
35175,5724,435.0275742189922,222.58842719313841
35175,6367,63.742400000001005,279.2874074074061
35176,5724,421.29863933567435,224.20107567356706
35176,6367,48.32799999999793,279.8518518518518
35177,5724,406.7653600134861,223.87851832055716
35177,6367,32.711854551848774,275.6294948672684
35178,5724,389.7880888894747,221.71061729045283
35178,6367,16.357599999997774,270.65925925925984
35179,5724,372.94120000229896,222.28962965997323
35180,5724,355.8766400009972,222.32370369037335
35181,5724,338.5695999999996,221.56888888888827
35182,5724,320.55080001453575,222.85592612660164
35183,5724,302.33484447088586,228.6646093340283
35183,8375,495.5932000460109,135.86125933820514
35184,5724,283.98912002488146,236.99555585513664
35184,8375,489.94887278034867,153.79811456287996
35185,5724,265.5924000359221,245.0418522232043
35185,8375,482.1296000000018,165.8059259259257
35186,5724,247.03480002002038,253.15740765285977
35186,8375,474.0816000000052,179.38296296296264
35187,5724,228.08784000327478,258.65466671919404
35187,8375,463.3944388427608,197.62343391119396
35188,5724,209.1644000021745,263.9718518518519
35188,8375,452.1856000000014,217.80518518518943
35189,5724,189.78160000075377,263.42527777313785
35189,8375,439.9489052761055,224.5693447229533
35190,5724,171.39360000148258,263.48713807091804
35190,8375,427.19518557971696,225.83168991543045
35191,5724,156.1364800014701,264.17837037314683
35191,8375,414.44141389350193,227.0929949239806
35192,5724,141.01759999999786,263.63703703703754
35192,8375,398.27000001638453,221.51320967317068
35193,5724,126.1950069665545,266.6398223110378
35193,8375,382.14749091278577,218.99595965731922
35194,5724,111.67029091511154,271.89356914548466
35194,8375,365.428509093573,222.30356907188664
35195,5724,96.66217150450507,273.72275286995904
35195,8375,348.1136000000049,225.65185185185354
35196,5724,80.72411085323097,276.0101409297917
35196,8375,331.33696000903683,228.96074083350504
35197,5724,64.29328000256191,278.5647407923086
35197,8375,316.84800002114457,242.00637049807793
35198,5724,47.585440011880564,279.1644443161281
35198,8375,301.87440000000834,254.8651851851833
35199,5724,31.077600001179917,272.1263703478358
35199,8375,286.88000000000784,268.4799999999985
35200,5724,12.872480002670272,268.55170365281134
35200,8375,272.46400004805196,282.6227985491001
35201,8375,263.3759999999995,298.73481481481457
35202,8375,253.278960050136,317.9824445807127
35203,8375,243.05687279094172,338.3437712606536
35204,8375,230.61360000000377,355.9037037037074
35205,8375,216.4503272981733,370.622693760376
35206,8375,202.12536003687092,382.5705187064161
35207,8375,188.40560000000437,396.2111111111113
35208,8375,174.87200000000485,409.8244444444448
35209,8375,161.32959999999343,423.41629629629176
35210,8375,147.57626668691728,436.4685597943925
35211,8375,132.90400006558798,449.533950985187
35212,8375,119.72640000000752,454.9059259259263
35213,8375,108.61760000000231,440.4503703703706
35214,8375,96.96440005984073,422.5940738717027
35215,8375,85.09864003995062,405.26318501899004
35216,8375,72.22560000000158,386.6496296296302
35217,8375,57.787999999993644,367.2170370370411
35218,8375,45.27720003681566,349.5776294717148
35219,8375,32.42256004195383,333.4114072369161
35220,8375,21.282320029757784,316.4779998922462
35221,8375,7.4216000000035365,300.4999999999998
35323,2368,17.78314909808728,289.96830315823763
35324,2368,42.52221818912518,284.49808768020256
35325,2368,67.61640562468416,279.6081959873213
35326,2368,93.3567864123711,276.2065305512931
35327,2368,120.26889600109655,272.7121777825685
35328,2368,146.8101955566732,270.18845267749583
35329,2368,172.63266668391054,268.1045878565511
35330,2368,196.88312012422273,274.66200898136185
35331,2368,219.94744005015548,289.42832973814234
35332,2368,243.52530910384985,299.7757034948547
35333,2368,268.20786619866965,307.9690071737595
35334,2368,294.67348655775254,310.1499084938775
35335,2368,321.2880824301038,310.51890161340714
35336,2368,346.23480000114284,302.17498763097404
35337,2368,367.1887490967606,299.4947338883094
35338,2368,379.43589818432883,296.5909494441938
35339,2368,385.7224799999989,291.8734074074061
35340,2368,387.3732760227193,290.7140405144057
35341,2368,387.44128972401825,290.982789850089
35342,2368,387.3126404547952,291.4690959597521
35343,2368,387.260893922259,291.692433220984
35344,2368,387.18405081955444,291.82218013205306
35345,2368,387.15225376866044,291.88175446507535
35346,2368,387.1302418994753,291.94260047869005
35347,2368,386.9993010829763,292.1225559431324
35348,2368,386.98163142027624,292.1244957714735
35349,2368,387.02129103957077,292.0948480443113
35350,2368,387.0397062238595,292.0683930125374
35351,2368,387.03240769717183,292.0683098375161
35352,2368,387.0066792984841,292.1281936325206
35353,2368,386.9428889454519,292.193698361203
35354,2368,386.98503050342026,292.14435388808545
35355,2368,386.95186204209733,292.19280419710645
35356,2368,386.9828568915301,292.16030453709817
35357,2368,386.9691752583668,292.1594131524154
35358,2368,386.93431853881407,292.1897696560125
35359,2368,386.8156128281464,292.2755069573568
35360,2368,386.6435331198534,292.3788680914174
35361,2368,386.5802400012996,292.4182222352203
35362,2368,386.6208000000006,292.4102962962962
35363,2368,386.6989795012904,292.3683405321098
35364,2368,386.7593569291256,292.3131723973591
35365,2368,386.7605032413769,292.33873371775854
35366,2368,386.7319234623045,292.35750385044514
35367,2368,386.71674823542844,292.3577705138223
35368,2368,386.6468266684723,292.3930946832303
35369,2368,386.5567610849246,292.4251018107191
35370,2368,386.515891893211,292.1634034154594
35371,2368,386.31010000004324,291.54959259176394
35372,2368,393.47164915690826,279.683707450737
35373,2368,410.36214758697554,266.37581126351773
35374,2368,431.6778486368139,254.81373025610065
35375,2368,451.46020816658614,235.6190377249394
35376,2368,468.6446561890505,210.19224095149823
35377,2368,483.97489627093137,182.12382553890683
35378,2368,499.34014423748744,154.62575625396323
35384,10586,498.88384008453727,133.5385187870426
35385,10586,485.3981761983073,156.02186726309264
35386,10586,469.30990981000036,185.50863205899537
35387,10586,449.62463882332827,218.5126505707462
35388,10586,425.3496500204403,241.9295127184342
35389,10586,397.18705778559183,257.85068321107474
35390,10586,368.1161600000007,277.41022222222324
35391,10586,341.3678545961716,298.6916098357539
35392,10586,314.4434230669492,308.0820609362407
35393,10586,284.6827835058548,316.50215888835896
35394,10586,257.56583340469433,339.32766211817136
35395,10586,235.54694416926736,374.55851896042367
35396,10586,211.561730932234,400.4215895762411
35397,10586,185.28733098693465,415.32851254200585
35398,10586,160.07170913251912,431.11912492827554
35399,10586,137.64708369629147,448.4405255986039
35400,10586,122.01868063858457,462.1329434370465
35401,10586,110.69675433848374,474.08074103766415
35402,10586,101.96064001740181,486.0382222383144
35403,10586,98.85197577175973,494.5407227951426
35404,10586,98.73045672899251,497.5621575764435
35405,10586,98.7202217364893,497.8643640519009
35406,10586,98.72230152844281,497.87592614260177
35407,10586,98.73151702181191,497.8839808683322
35408,10586,98.73348545472822,497.8734444449753
35409,10586,98.72739487182912,497.86721665992604
35410,10586,98.72352387215528,497.86402745706823
35411,10586,98.73733573055006,497.8574565132974
35412,10586,98.73792300295236,497.86265391719354
35413,10586,98.72193758249523,497.87869922738406
35414,10586,98.72495284924184,497.8788774403651
35415,10586,98.73900841879733,497.8750214467698
35416,10586,98.73493140935352,497.86077927292104
35417,10586,98.73929972814153,497.86258476380095
35418,10586,98.73626482774512,497.86946104670494
35419,10586,98.7328945455306,497.8701616157493
35420,10586,98.73083636368506,497.8715151512405
35421,10586,98.72559999999908,497.86874074074115
35422,10586,98.71790896556377,497.86439846745714
35423,10586,98.72809931037524,497.8673767560826
35424,10586,98.7222613333347,497.86507901233847
39325,4778,497.38159999999993,127.82592592592579
39326,4778,486.54184009071173,150.57874095543488
39327,4216,492.4001455171833,130.39548836578228
39327,4778,476.8376000000046,172.49111111110648
39328,4216,484.3791209557196,149.64309931641773
39328,4778,465.4819623382082,194.2382664832525
39329,4216,476.5825455151287,168.47050518991534
39329,4778,453.5654000209263,216.33388896006323
39330,4216,466.93267138562646,187.5896782757367
39330,4778,439.5830724808661,233.12272717267192
39331,4216,457.0332000605674,207.8914816267683
39331,4778,423.47200001252645,245.3075557022788
39332,745,490.2023999999983,138.09259259259176
39332,4216,447.14273073537925,224.07353260739237
39332,4778,404.3295999999998,253.84666666666655
39333,745,482.03902271255856,153.3295464772082
39333,4216,433.2248993612609,225.48647522056785
39333,4778,385.1416000000029,261.8592592592572
39334,745,474.0343999999993,169.90370370370388
39334,4216,419.3070049163282,226.89814697112732
39334,4778,367.04639999999245,246.26518518518515
39335,745,465.6748409497254,187.64976080392648
39335,4216,403.9079999999956,225.32740740740587
39335,4778,349.0818182094756,231.339393759435
39336,745,457.2821333642082,205.0010700398781
39336,4216,387.5516800093578,219.92659248256618
39336,4778,331.65706673567,216.8232094206832
39337,745,451.32960003033986,218.48681488704403
39337,4216,371.56920000567766,223.57044451988804
39337,4778,313.45759999999814,223.59851851851874
39338,745,442.2493596879917,223.42179683533337
39338,4216,355.56224000435463,229.06148155177374
39338,4778,296.28244043439054,239.55378021611494
39339,745,432.1268048911577,224.38133157269326
39339,4216,339.3455999999958,233.04814814814745
39339,4778,279.01840000000675,255.15777777777936
39340,745,422.0042183256908,225.3402385642902
39340,4216,323.0479999999943,235.7977777777771
39340,4778,261.32559999999216,270.32444444444417
39341,745,411.8816000000038,226.29851851851913
39341,4216,306.7303999999922,239.8911111111117
39341,4778,242.13199999999802,277.13925925925895
39342,745,401.0780000039631,222.03392588254678
39342,4216,290.1912000060861,244.3967408199279
39342,4778,222.51328000899662,272.4508147025999
39343,745,390.2724800002659,221.91851851851817
39343,4216,273.83541819164066,250.37185199297917
39343,4778,203.06000000678068,265.72255882822105
39344,745,379.9440000000004,222.32740740740752
39344,4216,257.277520003214,256.4033333838507
39344,4778,183.02640000000565,262.8540740740737
39345,745,369.45768888941757,222.910946512622
39345,4216,240.5840000000012,262.0837037037036
39345,4778,162.75759999999764,264.0125925925922
39346,745,358.9322400006836,223.86200001379274
39346,4216,224.00160000000255,262.8037037037041
39346,4778,144.06959999999458,265.78296296296287
39347,745,348.24239999999804,224.94962962962916
39347,4216,207.92736000072978,262.35888889753767
39347,4778,125.81054545606776,268.025050535198
39348,745,337.93650909115627,223.91299663501064
39348,4216,191.2078400009534,262.46925926268585
39348,4778,108.36399999998889,272.0829629629624
39349,745,328.00778182038357,227.19986534709724
39349,4216,173.8110400009191,263.80162964319334
39349,4778,91.70119362712512,275.3259761549618
39350,745,319.0612000014198,230.86192594346855
39350,4216,157.2055999999975,265.87185185185103
39350,4778,74.6327273897407,277.47436466577267
39351,745,311.3080000000082,234.02592592592498
39351,4216,141.72616000060998,268.34296296296276
39351,4778,56.767854547138086,280.08282831678486
39352,745,303.56048000107876,237.20192594166335
39352,4216,126.183161913184,269.3928396172758
39352,4778,38.39784000344366,277.008592535243
39353,745,295.709520001202,239.9733333498806
39353,4216,111.47869091038842,271.6479461543815
39353,4778,19.406400000002577,272.8740740740736
39354,745,287.74399999999787,242.222222222223
39354,4216,97.76400000000649,274.3111111111114
39354,4778,0.12586667343725821,268.35975298878003
39355,745,279.5980363656838,244.88565658810236
39355,4216,83.77862457744527,276.07320294510316
39356,745,271.0888000007458,247.36329967823178
39356,4216,69.62676364091749,278.139865388207
39357,745,264.3816000000015,248.3644444444444
39357,4216,54.57320000108439,280.0193333552066
39358,745,258.42400000000794,249.3570370370377
39358,4216,39.16639999999916,280.66296296296247
39359,745,252.66853333342283,249.97407407407346
39359,4216,24.710327288835288,272.52208739216144
39360,745,247.28240000000596,250.5496296296299
39360,4216,9.55000001024473,264.92725916851657
39361,745,242.1876363637807,251.14781145087895
39362,745,237.27536000012606,251.5995555581383
39363,745,232.42240000000152,252.40370370370192
39364,745,222.4230545466355,253.95878789635452
39365,745,201.21490910252646,249.6806732691661
39366,745,181.5190667439026,239.13827120930398
39416,4225,497.03732369495475,130.12719207147816
39417,4225,485.49759999999196,153.40400000000253
39418,4225,474.00614384613846,175.9053915376696
39419,4225,463.0902077916801,198.12533180870952
39420,4225,452.9334922154294,218.01933014750264
39421,4225,441.5544778337039,228.1186068918266
39422,4225,427.45962980911145,227.88106448743562
39423,4225,413.0114477032532,226.5461331147629
39424,4225,397.5885920033784,224.1802814399445
39425,4225,381.4759840003967,223.42371851954888
39426,4225,365.54080000027284,223.85599999665007
39427,4225,350.0229600007731,223.90389628403452
39428,4225,334.7269979203975,224.67425994198774
39429,4225,319.6460968797817,229.04675289222908
39430,4225,304.6588799999995,235.2080000000003
39431,4225,289.6216000000004,241.69807407407438
39432,4225,274.5845963656893,248.01548824345022
39433,4225,259.4091345508127,253.65093610087698
39434,4225,244.05536000341837,258.888296344294
39435,4225,228.3663999999942,261.7964444444447
39436,4225,212.34959999999543,261.87540740740747
39437,4225,196.04239999999436,262.0955555555553
39438,4225,179.80016000062392,262.88933334613927
39439,4225,164.6714909105674,264.20637040051196
39440,4225,150.77877818304842,265.56183167483624
39441,4225,136.7149527279082,267.3529697098769
39442,4225,122.57389090975721,269.6385993395287
39443,4225,108.48725236491646,272.3600619775357
39444,4225,94.40494288122295,274.85569338157313
39445,4225,80.3329983211995,276.68474746788905
39446,4225,66.13545600135126,278.7813629826166
39447,4225,51.96702400202867,281.1046370665171
39448,4225,38.1063999999958,280.6391111111108
39449,4225,23.9802240009476,276.3623999848268
39450,4225,9.295085094311162,271.9033440604419
39466,9440,499.0920000000017,129.64814814814864
39467,9440,486.89576011831264,157.055111404627
39468,9440,473.8495999999884,184.3962962962966
39469,9440,459.48286677678425,208.81821023413073
39470,9440,443.48796680132523,230.21206906391444
39471,9440,425.3976000000023,244.07259259259396
39472,9440,409.38560000000734,249.99407407407293
39473,9440,396.46399999999744,256.0481481481465
39474,9440,384.74945455719194,265.199528715053
39475,9440,370.2250000243737,275.3231483172092
39476,9440,356.06160001217404,285.29481491445006
39477,9440,342.2674909253658,293.91481493803775
39478,9440,328.7463999999943,305.37629629629805
39479,9440,314.1399999999976,306.9496296296301
39480,9440,299.8848727295922,305.68484852471414
39481,8449,8.867381820294897,286.7367339674982
39481,9440,286.1496000000102,311.10370370370345
39482,8449,26.037692948790436,288.00780402622195
39482,9440,272.1896000000015,317.44222222222174
39483,8449,42.76911112924324,284.64492192019407
39483,9440,258.06799999999157,325.4385185185178
39484,8449,59.41360000074952,280.9675555651738
39484,9440,246.0385600563484,338.6786668028952
39485,8449,75.53757159608949,278.7611670266905
39485,9440,237.37199999999916,358.1407407407453
39486,8449,91.1763715960916,276.58894480446827
39486,9440,229.31020006580525,378.6253087738338
39487,8449,106.1492000003426,276.15592593119055
39487,9440,221.28616005765593,399.0634816153182
39488,8449,121.40440000034118,275.1796296348945
39488,9440,208.56559999999718,407.43185185185337
39489,8449,138.26028000138137,271.04525928626
39489,9440,194.93759999999725,412.0644444444448
39490,8449,156.17857091157532,268.4813535405479
39490,9440,186.56850909149512,416.32309765223476
39491,8449,174.8435797998809,269.7851065837207
39491,9440,181.1922181825082,417.6264646563925
39492,8449,194.1320888927095,273.55982709921943
39492,9440,170.4188000198087,421.75518533933865
39493,8449,213.31808001040997,278.9935554078484
39493,9440,151.0868000704079,437.5360743930663
39494,8449,231.56258915836077,287.946814430464
39494,9440,138.4704000000056,462.06444444444793
39495,8449,249.4065535975352,297.3419338379388
39495,9440,126.1199999999974,484.56296296296307
39496,8449,267.75364444768,302.7410287479764
39497,4239,12.722400000001244,289.30177777777754
39497,8449,286.1224000011162,305.3424279616994
39498,4239,28.182848021943986,289.28574826174304
39498,8449,304.2341600037559,307.72874067214826
39499,4239,43.22939200576685,283.7275111451523
39499,8449,322.6671418354442,310.0985051166811
39500,4239,58.03480363731069,281.14595288043586
39500,8449,341.4269818316825,305.17902370379215
39501,4239,72.35797785736736,278.97399259774545
39501,8449,359.9840444644485,292.83930052474983
39502,4239,86.45437820295797,276.80518481311765
39502,8449,377.4281778062261,279.9141154071001
39503,3324,498.7789602437658,129.09903764810716
39503,4239,100.02332911664668,276.0257785654605
39503,8449,393.5053333504669,269.5010372001829
39504,3324,477.68102882400285,169.21576791041494
39504,4239,113.15236000004008,275.7457037029314
39504,8449,410.107822235247,261.68050220472594
39505,3324,455.37280036864445,212.4084666591335
39505,4239,126.98287999999252,272.56948148148075
39505,8449,427.0147822353607,254.4229466455006
39506,3324,427.30384003191944,243.75125964337107
39506,4239,142.1444799999983,269.6801481481479
39506,8449,442.2919822600562,244.28525119880828
39507,3324,394.2128000154014,257.7261730996858
39507,4239,157.8736000000015,269.15096296296247
39507,8449,454.7491823051786,227.632880894987
39508,3324,363.6560000925044,248.65290934015994
39508,4239,174.09664000000365,270.0327407407408
39508,8449,465.53952009879254,207.12444473800608
39509,3324,333.99840000000154,227.75703703703698
39509,4239,190.49456000238706,272.1177373303427
39509,8449,476.7483201191766,186.14637074086505
39510,3324,305.0825143489874,245.9531221749278
39510,4239,206.96352000059161,277.0815084066598
39510,8449,489.2341600743123,164.3660002354239
39511,3324,277.48360003590165,268.64111122328825
39511,4239,223.44528000699026,283.7114665895721
39512,1401,5.689240000074278,288.63616666799595
39512,3324,256.2696001548318,305.0176724134537
39512,4239,239.6245672804787,290.05595411005913
39513,1401,23.211796072329204,288.7677190336293
39513,3324,235.30000000000086,344.13111111110675
39513,4239,255.38029091190083,295.2360268904512
39514,1401,40.27308416837627,284.1513011946857
39514,3324,210.52192005080883,374.18370395945135
39514,4239,270.687127273045,297.4764040339739
39515,1401,57.74999999999693,280.5897037037037
39515,3324,184.877760309746,400.6925941177242
39515,4239,285.8379781861345,300.7797305559485
39516,1401,75.12692956649516,278.3475842350256
39516,3324,158.09984007073012,427.42533372283555
39516,4239,302.3136323258143,303.52450874072434
39517,1401,91.81435565534514,276.4120422302823
39517,3324,131.02280008711773,453.42222270104
39517,4239,319.9813118322277,306.33119833218126
39518,1401,108.38086222263314,275.0109794305824
39518,3324,115.23392001226398,470.42000002886806
39518,4239,335.1234947654018,304.68518535705755
39519,1401,125.56680000066478,273.1238518578982
39519,3324,113.71460000208344,472.9522222291218
39519,4239,349.26087394570914,297.4095986585299
39520,1401,144.44606400206,270.03162471198385
39520,3324,112.34080000153881,474.7551111180881
39520,4239,365.26752001996897,288.8738602613381
39521,1401,163.50321600118207,269.4441777929879
39521,3324,101.21568007730843,485.5724447334584
39521,4239,380.2482382501217,281.19500598695504
39522,1401,181.72071999999503,271.41459259259193
39522,3324,99.39563636497155,490.6183838299729
39522,4239,394.7717280174288,272.9582372010517
39523,1401,199.1863200016303,276.64901479434525
39523,3324,100.69861818250274,492.13400673570874
39523,4239,408.4281605912406,266.04104320424284
39524,1401,215.8559040060976,282.6950073282444
39524,3324,100.65752727275594,492.03690235720774
39524,4239,421.49040281383463,262.40760647416363
39525,1401,232.16313600534875,288.55664437117
39525,3324,100.60526666674718,492.041358025195
39525,4239,434.3121706812599,254.70289394121747
39526,1401,247.8215999999992,293.53659259259234
39526,3324,100.64592000015296,492.0255555550741
39526,4239,445.88003209244334,241.65754101187952
39527,1401,263.073088001916,298.79318516132304
39527,3324,100.65040000000067,492.03333333333353
39527,4239,455.80079866193614,225.53506971982685
39528,1401,278.87262400473554,303.8881851250388
39528,3324,100.65253333336273,492.0340740739777
39528,4239,465.7902197090425,208.9623490630732
39529,1401,295.14591466754723,305.8810740584874
39529,3324,100.66240000002153,492.00798353909494
39529,4239,476.31540962699546,190.9849243970676
39530,1401,312.16059555614834,307.8536049262368
39530,3324,100.6384000007074,492.05766666666716
39530,4239,487.2293819783818,171.0941823360521
39531,1401,328.1436000000042,309.93555555555565
39531,3324,100.64912000048594,492.0281481465576
39531,4239,498.68555651569636,150.420304745724
39532,1401,342.8259199999985,304.58081481481526
39532,3324,100.6343999999956,492.06098765430806
39533,1401,359.2775733397434,295.8538025159978
39533,3324,100.66440000011312,492.0214814811998
39534,1401,375.4385244594022,285.45277377189507
39534,3324,100.6518400002335,492.0616296286342
39535,1401,390.4536581866734,274.19273405262044
39535,3324,100.63600297423818,492.07153242664157
39536,1401,404.5980291022306,265.77218192525055
39536,3324,100.65176000021552,492.0354156349287
39537,1401,419.22124000232486,258.56082965665775
39537,3324,100.62852444524424,492.0555390995445
39538,1401,436.20948000543655,250.19235561862098
39538,3324,100.62485393258953,492.03715355794577
39539,1401,451.62043203635676,236.78605937863816
39539,3324,100.64813333368079,492.0475637850727
39540,1401,464.301440098082,215.38465217423663
39540,3324,100.63839999999686,492.03925925925904
39541,1401,477.5830080309157,194.14402973190857
39541,3324,100.64661573072726,492.0393674585475
39542,1401,490.99871999999834,172.55400000000165
39542,3324,100.63177777816463,492.03191769903555
39543,3324,100.67636889153846,492.0388065975103
39544,3324,100.69603555589879,492.0110781912528
39545,3324,100.60146667692607,492.29002470195724
39546,3324,100.01890667653015,490.1851522457863
39547,3324,102.32210547519003,484.2955175082464
39548,3324,98.21056058528939,444.9813328348924
39549,3324,83.82989135305365,404.3814798379186
39550,3324,59.91199999999708,370.49481481481064
39551,3324,35.35133342155632,336.22308606782036
39552,3324,12.19795573713327,303.6918511590403
39699,2407,7.975679999996144,302.09629629629853
39700,2407,27.066327315104672,325.4843769434048
39701,2407,45.03448737624126,350.80246425721407
39702,2407,62.281600103355004,375.37893564274236
39703,2407,79.18741828544171,399.1686864818091
39704,2407,96.79056013891,424.3922464053058
39705,2407,115.99024012182439,447.40392548551335
39706,2407,136.20096000000103,448.9194074074081
39707,2407,155.90160000000196,425.6391111111131
39708,2407,176.23744000000326,402.8260740740737
39709,2407,197.93164800377895,387.87994068762765
39710,2407,218.12962441433342,388.89942059273875
39711,780,489.3966483942427,140.32068922606888
39711,2407,227.86806861300306,393.4444865641669
39712,780,473.3257124204601,174.5901047323488
39712,2407,228.39542933625694,393.1238189110362
39713,780,456.10100063339644,209.17040169311508
39713,2407,228.17890400438614,393.4035061443333
39714,780,434.2672442487708,235.39648349076558
39714,2407,228.04079999999772,393.5042962962958
39715,780,407.6395605142483,249.91192539195018
39715,2407,227.95758933498288,393.66492181115984
39716,780,380.6097140673086,264.2354623471952
39716,2407,227.91447108423085,393.92325544650953
39717,780,354.7792525037562,282.0040333524116
39717,2407,227.87641991228386,394.31517905041716
39718,780,329.6436712915204,299.6596109413483
39718,2407,227.86944060384712,394.7598882631527
39719,780,303.7800363729468,302.7270169968448
39719,2407,227.92512000406305,395.16685184611424
39720,780,279.3335289614191,310.90756024180257
39720,2407,227.99008000012805,395.3694074070129
39721,780,256.5146110062352,325.2467044441212
39721,2407,227.99717333682224,395.37295061120625
39722,780,235.86898201090946,346.33092361137494
39722,2407,227.91152000494546,395.08081480658694
39723,780,215.80902568196905,368.39918628442956
39723,2407,227.81224533383806,394.57940740760324
39724,780,196.2219855717325,389.90434401482156
39724,2407,227.80403377946186,394.3859341570535
39725,780,176.46936903894414,411.21837929728764
39725,2407,227.80549866806155,394.5961975314369
39726,780,157.81288563475186,435.44284035051993
39726,2407,227.7993475555627,394.705693827244
39727,780,150.91821160584118,455.8532555147265
39727,2407,227.804253333519,394.7339481484795
39728,780,150.1387648415647,458.1248308501205
39728,2407,227.8148880002641,394.82514814845814
39729,780,150.01875933751762,458.351301409718
39729,2407,227.80757333491806,394.8478716037649
39730,780,149.9935732597288,458.3616013913172
39730,2407,227.8005546691452,394.7950913565816
39731,780,150.0157555555552,458.3646995884896
39731,2407,227.81011200014746,394.83303703751216
39732,780,149.99202000164814,458.4922962951778
39732,2407,227.82053303867997,394.92632698991434
39733,780,149.99550088949093,458.41708641846134
39733,2407,227.83549466913087,395.0136567400113
39734,780,149.9873813333801,458.4107160492523
39734,2407,227.83787350466693,395.01921607014356
39735,780,149.98611200019639,458.3497777793022
39735,2407,227.85113514657723,395.03414138715874
39736,780,150.0021480004682,458.41447777900225
39736,2407,227.89571555673774,395.13508641657256
39737,780,149.99319333337553,458.36090905361516
39737,2407,227.96645333357333,395.346962962732
39738,780,150.03752800005486,458.54070370386756
39738,2407,227.96248888957052,395.34869135670306
39739,780,150.07207789323388,458.66387884025573
39739,2407,227.96016533461284,395.33644444203907
39740,780,150.10977546961044,458.7755260897017
39740,2407,227.92676800038518,395.2597407401071
39741,780,150.14615200032662,458.7570074074816
39741,2407,227.9038346669131,395.19815802435465
39742,780,150.1836120271014,458.86965111999166
39742,2407,227.94303200094078,395.2637522614044
39743,780,150.2224972375825,458.9995866585082
39743,2407,228.02960000084565,395.41562468916027
39744,780,150.26952044213715,459.07903458315747
39744,2407,228.1321670724992,395.5657360330405
43851,3781,181.84349910408514,241.9826308391828
43852,3781,184.97679477602105,244.1787688209065
43853,3781,184.05344531440278,243.85821144501762
43854,3781,193.85293466946223,242.88237185728812
43855,3781,198.3834474355763,240.79843264251988
43856,3781,198.5916580279354,240.09367640977587
43857,3781,198.45345237570655,240.27329895632144
43858,3781,198.42800000196462,240.39603683241273
43859,3781,198.43087472582852,240.4541911371232
43860,3781,198.43715868133248,240.52259177855117
43861,3781,198.43190505682514,240.4443223472956
43862,3781,198.4335762642127,240.4504509571943
43863,3781,198.42480000000023,240.3688888888893
43864,3781,198.43802519396263,240.40913443489399
43865,3781,198.42886629849204,240.39132064576017
43866,3781,198.44352000000185,240.42029629629624
43867,3781,198.44013714319203,240.42408791099646
43868,3781,198.44283428580297,240.44483679256422
43869,3781,198.4472000000028,240.44266666666658
43870,3781,198.44837770611207,240.42999635671535
43871,3781,198.45001442652915,240.4807213114015
43872,3781,198.46107845304687,240.5146904031017
43873,3781,198.4692782326988,240.58708900986113
43874,3781,198.47685215485853,240.56937262078958
43875,3781,198.47557420774592,240.54653794803536
43876,3781,198.4939150905393,240.59185996642475
43877,3781,198.4882153846445,240.64940822170544
43878,3781,198.4719584534082,240.6268189065608
43879,3781,198.4873096133515,240.65996398590062
43880,3781,199.24912000000177,240.0854814814819
43881,3781,199.28096000001347,239.56284444444464
43882,3781,205.67744000000175,254.2107851851878
43883,3781,215.54495999999745,272.08118518518654
43884,3781,231.691519999996,282.234814814815
43885,3781,251.68256002564138,294.36390102738085
43886,3781,275.79833334178034,306.7395060865172
43887,3781,300.3528533338465,307.72312344815833
43888,3781,321.34725818391985,307.43387209613803
43889,3781,339.9354705660574,300.5532015225334
43890,3781,357.41291201412537,290.2716890225985
43891,3781,375.19331200227157,280.35065187495724
43892,3781,393.8430400000004,271.039259259259
43893,3781,415.51946182451843,260.612888959898
43894,3781,434.4793454561272,251.505481499233
43895,3781,450.27402671959635,235.73027179986306
43896,3781,464.1719866798996,214.68549387589198
43897,3781,477.58064000000104,192.15925925926203
43898,3781,491.0511999999994,170.3128888888865
43948,1785,16.910065455407448,289.6465723787152
43949,1785,36.16411636653197,284.7726061069946
43950,1785,54.41451200145593,281.57330372962576
43951,1785,71.49927592444214,279.52917490373653
43952,1785,88.0270436499643,277.36460278186195
43953,1785,104.34794416862587,276.1764856600928
43954,1785,121.56675200255677,274.66102898999446
43955,1785,139.95114133405082,271.0324345796253
43956,1785,158.9288533333763,269.9332345683847
43957,1785,178.29432888958763,270.18220576021565
43958,1785,197.9903822287872,273.09502273012055
43959,1785,217.99237819558584,279.5974139486077
43960,1785,236.79086255331072,285.99911100545273
43961,1785,253.97760000407632,291.26063697123783
43962,1785,271.5916320007159,295.6965481356415
43963,1785,289.16352000000074,301.19348148148094
43964,1785,306.8051054656496,307.38207396215176
43965,1785,324.1136523754619,309.67339266421834
43966,1785,341.21318401308713,302.5885186467645
43967,1785,358.2258618488663,293.0289713279652
43968,1785,374.59917786062647,283.7258671559455
43969,1785,389.1939901100386,276.2086237808405
43970,1785,402.1875591171158,269.34886261306536
43971,1785,414.59594548882023,262.4391545271285
43972,1785,427.5818779373003,255.66541260021756
43973,1785,440.9679767361001,247.85447012527894
43974,1785,451.8246022110679,234.7443879952149
43975,1785,461.8817760069112,218.5827703953509
43976,1785,472.2245673512259,201.2898857685852
43977,1785,483.26570190453253,182.74876795475924
43978,1785,495.4801892165176,162.71208122576385
44012,9543,0.21839999999428983,286.1614814814817
44013,9543,18.462160001337224,288.09318515869654
44014,3022,23.402858184529123,289.8673468486441
44014,9543,35.95816000767513,284.63592601064545
44015,3022,44.80621091095884,283.0783636733898
44015,9543,52.31999999999175,282.0444444444441
44016,3022,67.63043378043619,278.1456255683032
44016,9543,68.30320000200345,280.2324444824742
44017,3022,92.12874426805683,275.07290692004705
44017,9543,83.18951387521452,277.7563341737568
44018,3022,116.44092003770085,266.8696358129297
44018,9543,97.8904,275.60222222222205
44019,3022,141.6231227573047,245.13843748122687
44019,9543,112.03840000000014,275.9318518518512
44020,3022,165.4706640138886,232.55837777550448
44020,9543,127.00666667061569,274.070123532927
44021,3022,171.01886822997244,228.23695201846172
44021,9543,144.24440000150298,270.9781481785496
44022,3022,171.50073173932807,227.82919667124645
44022,9543,161.3335999999947,269.44666666666683
44023,3022,171.64361688496854,227.7688596932077
44023,9543,179.37759999999798,271.1577777777776
44024,3022,171.7865019832226,227.70852216458982
44024,9543,197.80843637387306,275.4914476661059
44025,3022,171.92938703409197,227.6481840853861
44025,9543,215.91600001323172,282.0749380986118
44026,3022,172.07227203755625,227.58784545559107
44026,9543,233.74559999999178,288.6170370370364
44027,3022,172.21515699362837,227.52750627519492
44027,9543,251.8024000000082,295.06444444444503
44028,3022,172.35804190231022,227.46716654419185
44028,9543,268.0768000011881,299.228518493883
44029,3022,172.50092676359148,227.40682626256813
44029,9543,283.5836800046138,299.7394814165819
44030,3022,172.64381157746584,227.3464854303182
44030,9543,300.81200000000194,307.042222222222
44031,3022,172.78669634395328,227.28614404743362
44031,9543,319.4383999999957,314.508888888889
44032,3022,172.9295810630407,227.2258021139033
44032,9543,335.92992001140374,315.08600011669665
44033,3022,185.91478747606288,249.29264175771704
44033,9543,353.53359999999725,302.59629629629694
44034,3022,208.89512744265858,277.5928810351642
44034,9543,371.21760000000563,287.81999999999977
44035,3022,236.61943649708743,296.99915041049405
44035,9543,385.6416727371709,277.7658586857541
44036,3022,265.5017636754542,308.79193211073397
44036,9543,399.6280000000013,271.0874074074072
44037,3022,295.3475667581586,309.42838286988695
44037,9543,413.8750201126925,264.71391835511884
44038,3022,327.97359428846505,304.7642857489981
44038,9543,428.2187636489425,257.88606072194955
44039,3022,357.81924006513236,288.6478523819977
44039,9543,443.6495999999977,250.24962962962925
44040,3022,386.37640006208073,272.58380801431457
44040,9543,455.2965600537675,231.2502224017181
44041,3022,415.4714320827435,258.39388970311217
44041,9543,466.8820000560288,212.12496314784858
44042,3022,443.99624833099665,241.46230488703412
44042,9543,478.77840000000447,192.99777777777783
44043,3022,466.8853201317085,207.85621032330593
44043,9543,492.2818182200217,176.07191938660182
44044,3022,489.4592400160741,171.30472844823075
48098,1819,474.7210400307125,167.570296380936
48099,1819,465.2899986745667,189.63366835865568
48100,1819,455.686958643858,211.63374234808606
48101,1819,443.7848500644236,225.56879477275405
48102,1819,428.64869200228674,228.6267840710421
48103,1819,412.7158419378645,228.34687818717447
48104,1819,396.69359999999756,226.2211111111112
48104,6136,494.6201600766244,138.44162980491825
48105,1819,380.78020000112645,223.12207405276462
48105,6136,484.5426667517984,158.98493851700124
48106,1819,364.5294000011319,220.56392590461593
48106,6136,473.7532364104595,177.88734021617225
48107,1819,347.7593818292206,220.03838394908826
48107,6136,463.0655626981536,197.03025604057478
48108,1819,331.50229092357506,224.0386870224853
48108,6136,452.6703999999995,216.86296296296703
48109,1819,315.7964363716985,230.91740750162916
48109,6136,437.49504345316836,225.29204535883807
48110,1819,299.9486872826566,238.24058596502007
48110,6136,421.0229036840474,227.72110143596237
48111,1819,283.8859600053155,246.03459264789862
48111,6136,405.3855999999996,225.50962962962996
48112,1819,267.7480000000003,253.56111111111156
48112,6136,390.71432000419577,220.3413332753259
48113,1819,251.72600001212402,260.8602470208523
48113,6136,375.90640000000235,215.8533333333339
48114,1819,235.61360001212677,267.88395072455495
48114,6136,360.6416000000081,212.472592592593
48115,1819,219.68080000389133,270.2368349658202
48115,6136,345.7655999999986,220.12814814814675
48116,1819,203.940000003891,266.5675757065613
48116,6136,330.32960000001026,227.87407407407323
48117,1819,187.9620000000017,264.1703703703704
48117,6136,314.78159999999775,234.6170370370386
48118,1819,172.42280000063488,265.10783951701035
48118,6136,298.5083636482159,242.01367015502396
48119,1819,157.65360000063708,265.9589506281213
48119,6136,281.8186909215001,250.19696982154383
48120,1819,143.08004000054663,266.7557407517953
48120,6136,265.3846666702748,257.09345686190545
48121,1819,129.23844000054885,268.2279629740178
48121,6136,248.72680000193554,260.0546913964099
48122,1819,115.98292000075787,270.5966666807775
48122,6136,232.28100000080758,261.78024692445166
48123,1819,102.41532000152631,273.34659262195873
48123,6136,215.86399999999912,262.3259259259261
48124,1819,88.22516055446955,275.49416398761764
48124,6136,199.73600000000147,262.9644444444443
48125,1819,73.55656055435134,277.3584602803254
48125,6136,183.5671272736647,264.3663299822763
48126,1819,58.46220000065045,279.715333345
48126,6136,167.64400000190562,265.82175087786754
48127,1819,43.63495250107121,279.5382180262376
48127,6136,153.96159999999668,267.5162962962963
48128,1819,30.11975250107355,272.15488469290426
48128,6136,140.48341818260042,268.3264646612671
48129,1819,17.341999999999302,260.6099999999989
48129,6136,127.01513333404932,269.25000001354425
48130,6136,113.42960000000062,271.6237037037021
48131,6136,99.09040000000005,274.50148148148145
48132,6136,83.95935147465252,276.4740270967123
48133,6136,68.53760000000761,278.5629629629629
48134,6136,52.47360000000185,281.45777777777715
48135,6136,36.451920001604776,281.5550370051103
48136,6136,20.589818184379283,278.5425588761634
48137,6136,4.639040003195305,274.99903698486605
48145,6017,497.6703999999984,116.41703703703676
48146,6017,486.632743723834,142.37240045702237
48147,6017,475.6063999999981,168.14592592592592
48148,6017,463.48518684097826,192.10265959766937
48149,6017,451.0855999999933,216.06666666666663
48150,6017,434.80736537340476,221.70368315733936
48151,6017,417.8862609475743,224.48138506175596
48152,6017,399.88923636532263,225.06107747545846
48153,6017,380.71872000190865,227.58614818775192
48154,6017,361.30848001941445,230.23388928977883
48155,6017,341.73713333495357,232.19901237464512
48156,6017,322.101600000002,236.59259259259068
48157,6017,302.41359999999986,241.18666666666732
48158,6017,282.5679999999977,246.27407407407276
48159,6017,263.25040000459126,251.45872061211128
48160,6017,243.98400000000038,256.4503703703691
48161,6017,224.57999999999743,260.31259259259286
48162,6017,204.8159999999939,261.2274074074072
48163,6017,184.8224000000016,263.4459259259261
48164,6017,164.9596666677212,264.3771605029106
48165,6017,145.78145454675564,266.1994612539746
48166,6017,127.12256000701814,267.1411112052433
48167,6017,108.74000000000024,272.6274074074073
48168,6017,90.08291974787426,275.0809186808325
48169,6017,71.10887272851869,277.7455892490701
48170,6017,52.024145455703774,280.52303028872694
48171,6017,36.622399999998834,264.75185185185234
48172,6017,25.38712736030675,240.6146126107944
48173,6017,15.49600000000737,215.8762962962968
48174,6017,7.46000000000322,190.07925925925906
48175,6017,2.8010669307150238,161.06042308151802
48246,5408,0.07039999999847169,286.17925925925937
48247,5408,18.63112000164051,288.4385184854639
48248,5408,36.477600001734345,284.0670370724048
48249,5408,55.028560002119775,281.5044444874295
48250,5408,72.92096000147694,279.11614817809084
48251,4341,5.922552728454775,288.50646462410714
48251,5408,90.3049053206928,276.7376964635133
48252,4341,24.512436366394468,288.62878782661915
48252,5408,107.03316363773752,275.8872727149471
48253,4341,42.90080800106466,283.68006668475607
48253,5408,123.30800000000295,273.5355555555561
48254,4341,61.31208572879757,280.75448145548074
48254,5408,140.81724444745873,269.5488889452691
48255,4341,78.95178240973337,278.4333139710844
48255,5408,159.30799999999863,269.0688888888888
48256,4341,95.81659977947311,276.7271025178839
48256,5408,178.7646222267142,270.55514394112026
48257,4341,112.3318399999954,275.8981481481484
48257,5408,197.99040001452113,275.8359998096354
48258,4341,129.37055999999814,272.58585185185336
48258,5408,216.79614547191477,283.5556226939469
48259,4341,147.75591999999963,269.6571851851854
48259,5408,235.49776001532905,290.4834072111242
48260,4341,166.98639999999725,269.8428888888891
48260,5408,254.39902222341289,294.8169547086321
48261,4341,186.62544000248772,272.43716293123896
48261,5408,272.2864000008599,296.31958846006114
48262,4341,205.978640005813,277.8271332593103
48262,5408,290.5719999999917,298.3740740740728
48263,4341,224.97991999999957,284.2518518518502
48263,5408,310.9427636457724,302.92269344063817
48264,4341,244.0561381829434,289.9677104180116
48264,5408,329.00904000440505,306.71577784311154
48265,4341,262.52370909353544,295.25226258030045
48265,5408,346.5344000199252,299.1281483424435
48266,4341,279.73228000266374,300.0714444095136
48266,5408,363.7945777941809,288.766419880355
48267,4341,297.2986800062074,305.14843201725904
48267,5408,379.1040001054455,279.6517046887559
48267,7695,494.8060009548442,123.40703883497817
48268,4341,315.1998399999934,309.5425185185179
48268,5408,394.1331636497239,271.8719193384662
48268,7695,485.2429386312167,148.16509734800732
48269,4341,331.69919999999536,306.89414814814796
48269,5408,409.5335771052987,264.3396958933415
48269,7695,474.9063999999976,172.6162962963007
48270,4341,349.11775999999463,298.603777777777
48270,5408,424.9914666789607,256.1023046485691
48270,7695,463.37417841553474,196.05496709040239
48271,4341,366.05359999999956,288.3277037037031
48271,5408,441.25164445716223,248.04353918961564
48271,7695,451.12159999999335,219.67037037037085
48272,4341,381.2422399999952,278.99444444444475
48272,5408,454.69248011805234,229.2681486174346
48272,7695,435.58864869165745,224.6121273129107
48273,4341,396.31996753238076,271.43001617366025
48273,5408,468.6767273285909,209.74915845624253
48273,7695,419.6311461141647,226.7138390328136
48274,4341,412.12544424535344,264.1538945625348
48274,5408,482.0264001117323,188.46686906391108
48274,7695,404.08160000000066,224.9051851851851
48275,4341,428.3410400101969,255.57201762245606
48275,5408,496.0252000592902,167.9206669034752
48275,7695,389.28960000000075,223.29259259259283
48276,4341,444.2753454795866,244.31261294402785
48276,7695,374.03600000000097,223.1925925925926
48277,4341,457.9888887912057,224.523861507381
48277,5268,13.04863999999384,307.8407407407373
48277,7695,359.2135999999982,222.98666666666688
48278,4341,471.54934407092355,203.05095208517133
48278,5268,25.221000080441627,323.1677033953118
48278,7695,343.93440000000055,222.13851851851786
48279,4341,485.1072200637151,181.7871236847348
48279,5268,37.34835205292426,339.7991059660419
48279,7695,328.08239999999955,223.5888888888884
48280,4341,499.7486891410824,162.09158103244215
48280,5268,49.348088004883834,356.51151109194143
48280,7695,313.3213333388369,230.22358031220747
48281,5268,60.684000050919735,372.81175065322583
48281,7695,299.7663999999986,235.90592592592597
48282,5268,71.88406403925512,388.890050355204
48282,7695,285.63839999999345,241.70962962963105
48283,5268,83.12929600373081,404.72425924493695
48283,7695,271.08181818598496,246.48922565029707
48284,5268,94.31064003387064,420.22597293199146
48284,7695,255.94960000000245,251.1555555555549
48285,5268,103.32751279817046,438.15739385610254
48285,7695,240.9429090978506,257.3769697797841
48286,5268,109.38956364382648,461.0264579048327
48286,7695,226.2694000025533,260.63166664268846
48287,5268,120.56160004933533,459.3968521123641
48287,7695,215.4476666781875,251.0557406725602
48288,5268,133.28195155507444,447.6939564603808
48288,7695,207.15440000000171,244.13925925926083
48289,5268,146.03581091291574,436.0909293154267
48289,7695,205.7583272728209,244.9964983158157
48290,5268,158.95797092840442,424.5363166184115
48290,7695,205.58832179318642,244.9041464861852
48291,5268,172.14649456562256,412.7983233499479
48291,7695,205.53760000000807,244.77999999999955
48292,5268,185.60598491459245,399.71738861969186
48292,7695,205.54177078656153,244.8169995835303
48293,5268,199.455064002629,386.3014592737866
48293,7695,205.54924444480207,244.839786007949
48294,5268,213.35445822175984,372.56747496680066
48294,7695,205.53440000016963,244.81692181070014
48295,5268,227.4345745711014,359.9015018319205
48295,7695,205.56414382081698,244.83590511572183
48296,5268,242.08485818417046,346.25604715183186
48296,7695,205.55711999999744,244.83185185185218
48297,5268,256.7622399999982,331.6959259259269
48297,7695,205.5717688895811,244.87134156295355
48298,5268,271.926232007973,320.8209778603111
48298,7695,205.54053179213838,244.8091629209377
48299,5268,286.6187520096179,312.5560741581328
48299,7695,205.56134078226478,244.88148975721492
48300,5268,300.88476145654454,307.96254413708215
48300,7695,205.57459447513793,244.90333537961484
48301,5268,316.2930763688371,310.9459460583468
48301,7695,205.56200000032732,244.89444444255514
48302,5268,330.5146494558619,314.40362421945787
48302,7695,205.88417781788166,244.10190958444255
48303,5268,343.5579032889956,306.77469910185187
48303,7695,204.54760000741317,255.62574078644218
48304,5268,357.1687723791689,296.5825691343031
48304,7695,181.2456000044108,260.7797980626616
48305,5268,370.7943403792865,286.7892762083093
48305,7695,157.53760000000057,264.8703703703703
48306,5268,383.6056058312624,277.2333361206758
48306,7695,133.8102000014942,266.0241975371314
48307,5268,396.48761600128466,269.9326370461779
48307,7695,110.98960000000488,272.20888888888896
48308,5268,409.9064695814564,263.632412972487
48308,7695,89.51190030832095,275.4648391722363
48309,5268,423.6869721817061,257.36207475876085
48309,7695,67.82584000252996,278.49459264244734
48310,5268,438.0540909286435,250.4980506894965
48310,7695,45.8928000027754,281.4492593153814
48311,5268,450.5711345874459,236.70932674988475
48311,7695,23.649599999998827,277.29407407407234
48312,5268,461.1229360314456,220.0714239658961
48312,7695,0.6816001160245833,271.0253951487809
48313,5268,469.8794640262242,205.69407416295692
48314,5268,478.51088975151066,191.3982216619876
48315,5268,487.31242182395306,177.22864648455072
48316,5268,496.091504025066,163.06653342345868
48322,9580,488.46120109707095,142.69097662371678
48323,9580,474.44837612103987,172.16021797504922
48324,9580,459.9927655212099,200.74917232057433
48325,9580,443.9715261183039,220.06181121627978
48326,9580,425.52531415902484,224.73027419821778
48327,9580,405.94475144969124,227.68043528082748
48328,9580,384.451848000229,230.12598518989202
48329,9580,362.88077600105396,231.7558518587022
48330,9580,342.01706400011176,232.82903703779834
48331,9580,322.33943999999553,236.58644444444454
48332,9580,303.3779600044602,241.51945933233287
48333,9580,283.77726400465974,247.0235111905439
48334,9580,263.4783760004683,251.9625851931071
48335,9580,242.72606400579605,257.9239630526409
48336,9580,222.449332366279,260.8745556050101
48337,9580,201.92746981999335,262.7121481813279
48338,9580,181.81858109316067,263.37740743631065
48339,9580,161.80322909296876,265.08148825584124
48340,9580,142.78453018300812,266.481678132146
48341,9580,123.2871861874378,268.82544655360465
48342,9580,103.49245090969873,273.56041751813456
48343,9580,83.41760184204077,276.5759470351263
48344,9580,63.08234509551597,279.51015794083014
48345,9580,43.013984000216404,282.0038444488675
48346,9580,32.83888001192793,263.7861481227728
48347,9580,16.794901352432134,253.22214796123066
48348,9580,1.7354893281645891,232.4025432946668
48349,9580,0.28076710349978384,195.92769884193606
48350,9580,0.30043760937360275,157.85358593723276
48351,9580,15.987583209538345,138.07261740058175
48352,9580,23.299600000007107,133.1284444444436
48353,9580,42.17687999999896,124.85629629629646
48354,9580,61.06439999999794,121.48296296296301
