step,tag,value
49,train_loss,25.28424072265625
99,train_loss,7.47147274017334
149,train_loss,5.31557035446167
199,train_loss,3.5970935821533203
249,train_loss,2.8609282970428467
299,train_loss,2.4180710315704346
349,train_loss,2.2248294353485107
399,train_loss,1.983950138092041
449,train_loss,1.8044344186782837
499,train_loss,1.7272628545761108
549,train_loss,1.5834187269210815
599,train_loss,1.4429391622543335
649,train_loss,1.3413251638412476
699,train_loss,1.3324297666549683
749,train_loss,1.2906467914581299
799,train_loss,0.9654425978660583
849,train_loss,0.8924537897109985
899,train_loss,0.7921401262283325
949,train_loss,0.6224462389945984
999,train_loss,0.6786065101623535
1049,train_loss,0.48384374380111694
1099,train_loss,0.4506913423538208
1149,train_loss,0.44246432185173035
1199,train_loss,0.5610774159431458
1249,train_loss,0.14836391806602478
1299,train_loss,-0.07159402966499329
1349,train_loss,0.06960766017436981
1399,train_loss,-0.07964359223842621
1449,train_loss,-0.10045552998781204
1499,train_loss,-0.16780613362789154
1549,train_loss,-0.25892752408981323
1599,train_loss,-0.2319897562265396
1649,train_loss,-0.45909857749938965
1699,train_loss,-0.5130213499069214
1749,train_loss,-0.39554956555366516
1799,train_loss,0.24434815347194672
1849,train_loss,-0.6243545413017273
1899,train_loss,-0.6224887371063232
1949,train_loss,-0.9080259799957275
1999,train_loss,-0.9717355370521545
2049,train_loss,-0.8523704409599304
2099,train_loss,-0.8003246784210205
2149,train_loss,-0.34231993556022644
2199,train_loss,-1.13054621219635
2249,train_loss,-0.9971360564231873
2299,train_loss,-0.984833836555481
2349,train_loss,-1.3708642721176147
2399,train_loss,-0.9496666193008423
2449,train_loss,-1.2055888175964355
2499,train_loss,-0.6238784193992615
2549,train_loss,-1.1577380895614624
2599,train_loss,-1.4158533811569214
2649,train_loss,-0.2318158894777298
2699,train_loss,-1.2831145524978638
2749,train_loss,-1.0378249883651733
2799,train_loss,-1.4633212089538574
2849,train_loss,-1.3989357948303223
2899,train_loss,-1.237198829650879
2949,train_loss,-1.2257053852081299
2999,train_loss,4.87397575378418
3049,train_loss,-1.2121540307998657
3099,train_loss,-1.5153961181640625
3149,train_loss,-1.4569264650344849
3199,train_loss,-1.7069532871246338
3249,train_loss,-1.6954103708267212
3299,train_loss,-1.5015451908111572
3349,train_loss,-1.6607738733291626
3399,train_loss,-1.658463716506958
3449,train_loss,-1.810117244720459
3499,train_loss,-1.6643280982971191
3549,train_loss,-1.497409462928772
3599,train_loss,-1.6392838954925537
3649,train_loss,-1.5435320138931274
3699,train_loss,-1.6801635026931763
3749,train_loss,-1.6277614831924438
3799,train_loss,-1.53264319896698
3849,train_loss,-1.656722068786621
3899,train_loss,-1.6823704242706299
3949,train_loss,-1.847906470298767
3999,train_loss,-1.8298349380493164
4049,train_loss,-1.9254662990570068
4099,train_loss,-1.7747715711593628
4149,train_loss,-1.6559717655181885
4199,train_loss,-1.8624043464660645
4249,train_loss,-1.715275526046753
4299,train_loss,-1.69696044921875
4349,train_loss,-1.8625491857528687
4399,train_loss,-1.7519804239273071
4449,train_loss,-1.7740886211395264
4499,train_loss,-1.7355241775512695
4549,train_loss,-1.676544427871704
4599,train_loss,-1.7163006067276
4649,train_loss,-1.8662384748458862
4699,train_loss,-1.9165771007537842
4749,train_loss,-1.8848220109939575
4799,train_loss,-2.1149022579193115
4849,train_loss,-1.9876890182495117
4899,train_loss,-2.0787415504455566
4949,train_loss,-1.8964025974273682
4999,train_loss,-1.9776250123977661
5049,train_loss,-1.910811185836792
5099,train_loss,-1.9928510189056396
5149,train_loss,-1.9892652034759521
5199,train_loss,-1.9816410541534424
5249,train_loss,-1.9421930313110352
5299,train_loss,-1.7134343385696411
5349,train_loss,-1.8204530477523804
5399,train_loss,-1.7420434951782227
5449,train_loss,-2.096407651901245
5499,train_loss,-2.0289106369018555
5549,train_loss,-1.805929183959961
5599,train_loss,-2.2707338333129883
5649,train_loss,-1.8669246435165405
5699,train_loss,-2.0295839309692383
5749,train_loss,-2.0456249713897705
5799,train_loss,-2.123621940612793
5849,train_loss,-1.913702130317688
5899,train_loss,-2.10359263420105
5949,train_loss,-2.229053020477295
5999,train_loss,-1.8053154945373535
6049,train_loss,-2.07696270942688
6099,train_loss,-2.138906955718994
6149,train_loss,-2.0383737087249756
6199,train_loss,-2.044602870941162
6249,train_loss,-1.9328672885894775
6299,train_loss,-2.0747907161712646
6349,train_loss,-2.028268575668335
6399,train_loss,-2.180795669555664
6449,train_loss,-1.9461612701416016
6499,train_loss,-2.162147283554077
6549,train_loss,-2.2123637199401855
6599,train_loss,-2.195371389389038
6649,train_loss,-1.9370603561401367
6699,train_loss,-2.2641658782958984
6749,train_loss,-2.0297045707702637
6799,train_loss,-1.7760964632034302
6849,train_loss,-1.9446736574172974
6899,train_loss,-2.0821757316589355
6949,train_loss,-2.2529494762420654
6999,train_loss,-2.0753839015960693
7049,train_loss,-2.2438418865203857
7099,train_loss,-1.940105676651001
7149,train_loss,-2.15691876411438
7199,train_loss,-2.271836996078491
7249,train_loss,-2.170276403427124
7299,train_loss,-2.221935272216797
7349,train_loss,-2.205094575881958
7399,train_loss,-2.0863234996795654
7449,train_loss,-2.0940399169921875
7499,train_loss,-2.1325175762176514
7549,train_loss,-2.2335500717163086
7599,train_loss,-2.1582677364349365
7649,train_loss,-2.0710697174072266
7699,train_loss,-2.022174835205078
7749,train_loss,-2.2068138122558594
7799,train_loss,-2.4418678283691406
7849,train_loss,-2.395822763442993
7899,train_loss,-2.147834062576294
7949,train_loss,-2.375720262527466
7999,train_loss,-1.5729726552963257
8049,train_loss,-1.9574475288391113
8099,train_loss,-2.1557064056396484
8149,train_loss,-2.2374329566955566
8199,train_loss,-2.1785261631011963
8249,train_loss,-2.167863607406616
8299,train_loss,-2.3668103218078613
8349,train_loss,-2.353977680206299
8399,train_loss,-2.113976001739502
8449,train_loss,-2.4234259128570557
8499,train_loss,-1.916392207145691
8549,train_loss,-2.19793701171875
8599,train_loss,-2.41884183883667
8649,train_loss,-2.16133713722229
8699,train_loss,-2.230771064758301
8749,train_loss,-2.1283576488494873
8799,train_loss,-2.186394691467285
8849,train_loss,-2.213852882385254
8899,train_loss,-2.322723388671875
8949,train_loss,-2.103884220123291
8999,train_loss,-2.220484495162964
9049,train_loss,-2.157900094985962
9099,train_loss,-2.4762251377105713
9149,train_loss,-2.4276559352874756
9199,train_loss,-2.143038272857666
9249,train_loss,-2.273993730545044
9299,train_loss,-2.3391332626342773
9349,train_loss,-2.2432284355163574
9399,train_loss,-2.496891975402832
9449,train_loss,-2.0631039142608643
9499,train_loss,-2.4136626720428467
9549,train_loss,-2.203281879425049
9599,train_loss,-2.246485710144043
9649,train_loss,-2.2696914672851562
9699,train_loss,-2.1747210025787354
9749,train_loss,-2.2548327445983887
9799,train_loss,-1.9513088464736938
9849,train_loss,-2.229376792907715
9899,train_loss,-2.1065526008605957
9949,train_loss,-2.2336058616638184
9999,train_loss,-2.1678473949432373
10049,train_loss,-2.1770505905151367
10099,train_loss,-2.210139751434326
10149,train_loss,-2.2726962566375732
10199,train_loss,-2.25959849357605
10249,train_loss,-2.340294599533081
10299,train_loss,-2.3051798343658447
10349,train_loss,-2.2166874408721924
10399,train_loss,-2.3213956356048584
10449,train_loss,-2.3246562480926514
10499,train_loss,-2.123906135559082
10549,train_loss,-1.922472596168518
10599,train_loss,-2.1545069217681885
10649,train_loss,-2.2599287033081055
10699,train_loss,-2.1571433544158936
10749,train_loss,-2.3477861881256104
10799,train_loss,-2.35949444770813
10849,train_loss,-2.056826591491699
10899,train_loss,-2.4653983116149902
10949,train_loss,-2.2002315521240234
10999,train_loss,-2.412526845932007
11049,train_loss,-2.0133743286132812
11099,train_loss,-2.355929374694824
11149,train_loss,-2.109551191329956
11199,train_loss,-2.3703453540802
11249,train_loss,-2.4527246952056885
11299,train_loss,-2.1924519538879395
11349,train_loss,-1.8559948205947876
11399,train_loss,-2.393740177154541
11449,train_loss,-2.385075330734253
11499,train_loss,-2.2170701026916504
11549,train_loss,-2.159090042114258
11599,train_loss,-2.3261866569519043
11649,train_loss,-2.2278926372528076
11699,train_loss,-2.3587608337402344
11749,train_loss,-2.5645670890808105
11799,train_loss,-2.1315627098083496
11849,train_loss,-2.277484655380249
11899,train_loss,-2.341073751449585
11949,train_loss,-2.009417772293091
11999,train_loss,-2.255333185195923
12049,train_loss,-2.1603057384490967
12099,train_loss,-2.2424044609069824
12149,train_loss,-2.4024980068206787
12199,train_loss,-2.283600330352783
12249,train_loss,-2.380305528640747
12299,train_loss,-2.387103319168091
12349,train_loss,-2.437407970428467
12399,train_loss,-2.252936840057373
12449,train_loss,-2.293332576751709
12499,train_loss,-2.3151140213012695
12549,train_loss,-2.215956211090088
12599,train_loss,-2.4206979274749756
12649,train_loss,-2.565012216567993
12699,train_loss,-2.442739963531494
12749,train_loss,-2.291379690170288
12799,train_loss,-2.3618767261505127
12849,train_loss,-2.4233787059783936
12899,train_loss,-2.4812490940093994
12949,train_loss,-2.3699378967285156
12999,train_loss,-2.1881985664367676
13049,train_loss,-2.482719659805298
13099,train_loss,-2.4206881523132324
13149,train_loss,-2.433567523956299
13199,train_loss,-2.3977184295654297
13249,train_loss,-2.2348976135253906
13299,train_loss,-2.232023000717163
13349,train_loss,-2.314511775970459
13399,train_loss,-2.375420570373535
13449,train_loss,-2.251286029815674
13499,train_loss,-2.299518585205078
13549,train_loss,-2.5548837184906006
13599,train_loss,-2.258425235748291
13649,train_loss,-2.524282455444336
13699,train_loss,-2.138678789138794
13749,train_loss,-2.484178304672241
13799,train_loss,-2.2788777351379395
13849,train_loss,-2.3535118103027344
13899,train_loss,-2.377959728240967
13949,train_loss,-2.163102388381958
13999,train_loss,-2.2981035709381104
14049,train_loss,-2.0740256309509277
14099,train_loss,-2.3270657062530518
14149,train_loss,-2.329277515411377
14199,train_loss,-2.380955696105957
14249,train_loss,-2.3106305599212646
14299,train_loss,-2.174492120742798
14349,train_loss,-2.101064920425415
14399,train_loss,-2.3847463130950928
14449,train_loss,-2.1826119422912598
14499,train_loss,-2.356754779815674
14549,train_loss,-2.196594715118408
14599,train_loss,-2.1829755306243896
14649,train_loss,-2.3654322624206543
14699,train_loss,-2.1312320232391357
14749,train_loss,-2.506746292114258
14799,train_loss,-2.238297700881958
14849,train_loss,-2.0860862731933594
14899,train_loss,-2.6623895168304443
14949,train_loss,-2.25476336479187
14999,train_loss,-2.3833165168762207
15049,train_loss,-2.1444101333618164
15099,train_loss,-2.231834650039673
15149,train_loss,-2.393022060394287
15199,train_loss,-2.475900888442993
15249,train_loss,-2.488003730773926
15299,train_loss,-2.538665771484375
15349,train_loss,-2.681553840637207
15399,train_loss,-2.0412957668304443
15449,train_loss,-2.1698856353759766
15499,train_loss,-2.1771421432495117
15549,train_loss,-2.4085893630981445
15599,train_loss,-2.5110762119293213
15649,train_loss,-2.293114423751831
15699,train_loss,-2.2186245918273926
15749,train_loss,-2.28187894821167
15799,train_loss,-2.330460786819458
15849,train_loss,-2.2959513664245605
15899,train_loss,-2.315877676010132
15949,train_loss,-2.383998394012451
15999,train_loss,-2.379716634750366
16049,train_loss,-2.1752617359161377
16099,train_loss,-2.2356796264648438
16149,train_loss,-2.2715306282043457
16199,train_loss,-2.350928783416748
16249,train_loss,-2.1662087440490723
16299,train_loss,-2.6791419982910156
16349,train_loss,-2.584825277328491
16399,train_loss,-2.4275460243225098
16449,train_loss,-2.329854965209961
16499,train_loss,-2.5872459411621094
16549,train_loss,-2.342974901199341
16599,train_loss,-2.524310350418091
16649,train_loss,-2.118978977203369
16699,train_loss,-2.2766971588134766
16749,train_loss,-2.2103567123413086
16799,train_loss,-2.5439953804016113
16849,train_loss,-2.440126895904541
16899,train_loss,-2.21929669380188
16949,train_loss,-2.2540175914764404
16999,train_loss,-2.5267581939697266
17049,train_loss,-2.6372861862182617
17099,train_loss,-2.3160390853881836
17149,train_loss,-2.5445380210876465
17199,train_loss,-2.2555384635925293
17249,train_loss,-2.439563751220703
17299,train_loss,-2.425201177597046
17349,train_loss,-2.5876879692077637
17399,train_loss,-2.4565415382385254
17449,train_loss,-2.435746669769287
17499,train_loss,-2.3848540782928467
17549,train_loss,-2.2096478939056396
17599,train_loss,-2.4294567108154297
17649,train_loss,-2.3593924045562744
17699,train_loss,-2.414501905441284
17749,train_loss,-2.4101974964141846
17799,train_loss,-2.301547050476074
17849,train_loss,-2.281275749206543
17899,train_loss,-2.517683506011963
17949,train_loss,-2.3820383548736572
17999,train_loss,-2.496849536895752
18049,train_loss,-2.638192653656006
18099,train_loss,-2.3950538635253906
18149,train_loss,-2.7967512607574463
18199,train_loss,-2.715789794921875
18249,train_loss,-2.2755305767059326
18299,train_loss,-2.4848544597625732
18349,train_loss,-2.460596799850464
18399,train_loss,-2.2507240772247314
18449,train_loss,-2.12475323677063
18499,train_loss,-2.2219932079315186
18549,train_loss,-2.5886988639831543
18599,train_loss,-2.604876756668091
18649,train_loss,-2.4723033905029297
18699,train_loss,-2.4489786624908447
18749,train_loss,-2.16227388381958
18799,train_loss,-2.7777957916259766
18849,train_loss,-2.2989590167999268
18899,train_loss,-2.3947806358337402
18949,train_loss,-2.3860421180725098
18999,train_loss,-2.1697299480438232
19049,train_loss,-2.57763934135437
19099,train_loss,-2.46508526802063
19149,train_loss,-2.4552359580993652
19199,train_loss,-2.465508460998535
19249,train_loss,-2.4516916275024414
19299,train_loss,-2.564889669418335
19349,train_loss,-2.5755763053894043
19399,train_loss,-2.2726192474365234
19449,train_loss,-2.4102096557617188
19499,train_loss,-2.5727548599243164
19549,train_loss,-2.4158899784088135
19599,train_loss,-2.160914659500122
19649,train_loss,-2.7426185607910156
19699,train_loss,-1.9954441785812378
19749,train_loss,-2.4120354652404785
19799,train_loss,-2.413917064666748
19849,train_loss,-2.4499685764312744
19899,train_loss,-2.5007147789001465
19949,train_loss,-2.645716667175293
19999,train_loss,-2.0558924674987793
20049,train_loss,-2.402012348175049
20099,train_loss,-2.5499050617218018
20149,train_loss,-2.303807497024536
20199,train_loss,-2.5408284664154053
20249,train_loss,-2.5519375801086426
20299,train_loss,-2.478351354598999
20349,train_loss,-2.3214757442474365
20399,train_loss,-2.630040407180786
20449,train_loss,-2.156639575958252
20499,train_loss,-2.6051149368286133
20549,train_loss,-2.2944045066833496
20599,train_loss,-2.468022108078003
20649,train_loss,-2.4748077392578125
20699,train_loss,-2.3104166984558105
20749,train_loss,-2.269862174987793
20799,train_loss,-2.469839096069336
20849,train_loss,-2.6818010807037354
20899,train_loss,-1.6954114437103271
20949,train_loss,-2.1719090938568115
20999,train_loss,-2.640596389770508
21049,train_loss,-2.403757333755493
21099,train_loss,-2.543930768966675
21149,train_loss,-2.2645230293273926
21199,train_loss,-2.3592100143432617
21249,train_loss,-2.4804940223693848
21299,train_loss,-2.527470111846924
21349,train_loss,-2.428460121154785
21399,train_loss,-2.228429079055786
21449,train_loss,-2.2350027561187744
21499,train_loss,-2.2385597229003906
21549,train_loss,-2.3295252323150635
21599,train_loss,-2.368319511413574
21649,train_loss,-2.4365272521972656
21699,train_loss,-2.4246928691864014
21749,train_loss,-2.191819906234741
21799,train_loss,-2.3997268676757812
21849,train_loss,-2.528890371322632
21899,train_loss,-2.3278543949127197
21949,train_loss,-2.516632080078125
21999,train_loss,-2.365168809890747
22049,train_loss,-2.300649881362915
22099,train_loss,-2.4864726066589355
22149,train_loss,-2.584726095199585
22199,train_loss,-2.4758219718933105
22249,train_loss,-2.300626277923584
22299,train_loss,-2.539322853088379
22349,train_loss,-2.064546823501587
22399,train_loss,-2.6687827110290527
22449,train_loss,-2.44327974319458
22499,train_loss,-2.4605941772460938
22549,train_loss,-2.3044703006744385
22599,train_loss,-2.460920572280884
22649,train_loss,-2.665518045425415
22699,train_loss,-2.459735870361328
22749,train_loss,-1.9997007846832275
22799,train_loss,-2.288161277770996
22849,train_loss,-2.487703561782837
22899,train_loss,-2.455667495727539
22949,train_loss,-2.325136661529541
22999,train_loss,-2.7144010066986084
23049,train_loss,-2.4827897548675537
23099,train_loss,-2.369436502456665
23149,train_loss,-2.475153684616089
23199,train_loss,-2.664052724838257
23249,train_loss,-1.9218621253967285
23299,train_loss,-2.529470682144165
23349,train_loss,-2.356672525405884
23399,train_loss,-2.260286331176758
23449,train_loss,-2.409607410430908
23499,train_loss,-2.3237345218658447
23549,train_loss,-2.390777349472046
23599,train_loss,-2.4749388694763184
23649,train_loss,-2.4420478343963623
23699,train_loss,-2.320204257965088
23749,train_loss,-2.7168591022491455
23799,train_loss,-2.5407047271728516
23849,train_loss,-2.3133091926574707
23899,train_loss,-2.771218776702881
23949,train_loss,-2.0762252807617188
23999,train_loss,-2.5199880599975586
24049,train_loss,-2.559986114501953
24099,train_loss,-2.4813477993011475
24149,train_loss,-2.66235613822937
24199,train_loss,-2.360325336456299
24249,train_loss,-2.4616475105285645
24299,train_loss,-2.59953236579895
24349,train_loss,-2.587035894393921
24399,train_loss,-2.4762654304504395
24449,train_loss,-2.3050265312194824
24499,train_loss,-2.12916898727417
24549,train_loss,-2.8937175273895264
24599,train_loss,-2.352635383605957
24649,train_loss,-2.4373867511749268
24699,train_loss,-2.446488380432129
24749,train_loss,-2.360604763031006
24799,train_loss,-2.3836283683776855
24849,train_loss,-2.637054681777954
24899,train_loss,-2.397897481918335
24949,train_loss,-2.279428720474243
24999,train_loss,-2.408482313156128
25049,train_loss,-2.6979522705078125
25099,train_loss,-2.3497416973114014
25149,train_loss,-2.538968086242676
25199,train_loss,-2.4904067516326904
25249,train_loss,-2.4717800617218018
25299,train_loss,-2.7264902591705322
25349,train_loss,-2.4297990798950195
25399,train_loss,-2.248208522796631
25449,train_loss,-2.6029605865478516
25499,train_loss,-2.4216833114624023
25549,train_loss,-2.3143365383148193
25599,train_loss,-2.32269287109375
25649,train_loss,-2.512854814529419
25699,train_loss,-2.6393320560455322
25749,train_loss,-2.550762414932251
25799,train_loss,-2.4627280235290527
25849,train_loss,-2.5951576232910156
25899,train_loss,-2.3686671257019043
25949,train_loss,-2.2218167781829834
25999,train_loss,-2.4862751960754395
26049,train_loss,-2.7425568103790283
26099,train_loss,-2.589859962463379
26149,train_loss,-2.596280813217163
26199,train_loss,-2.0151710510253906
26249,train_loss,-2.502673387527466
26299,train_loss,-2.274326801300049
26349,train_loss,-2.5995688438415527
26399,train_loss,-2.7596192359924316
26449,train_loss,-2.585625648498535
26499,train_loss,-2.611161708831787
26549,train_loss,-2.413489580154419
26599,train_loss,-2.3936479091644287
26649,train_loss,-2.6863038539886475
26699,train_loss,-2.303051471710205
26749,train_loss,-2.6121160984039307
26799,train_loss,-2.383875846862793
26849,train_loss,-2.5588083267211914
26899,train_loss,-2.798732042312622
26949,train_loss,-2.4610493183135986
26999,train_loss,-2.4368627071380615
27049,train_loss,-2.1392807960510254
27099,train_loss,-2.3407864570617676
27149,train_loss,-2.378197431564331
27199,train_loss,-2.6022725105285645
27249,train_loss,-2.492246627807617
27299,train_loss,-2.3867990970611572
27349,train_loss,-2.3800652027130127
27399,train_loss,-2.6026346683502197
27449,train_loss,-2.3491759300231934
27499,train_loss,-2.215815544128418
27549,train_loss,-2.811863660812378
27599,train_loss,-2.685126781463623
27649,train_loss,-2.623415231704712
27699,train_loss,-2.557957410812378
27749,train_loss,-2.6685256958007812
27799,train_loss,-2.5708229541778564
27849,train_loss,-2.6275458335876465
27899,train_loss,-2.530712842941284
27949,train_loss,-2.430845260620117
27999,train_loss,-2.512526035308838
28049,train_loss,-2.544855833053589
28099,train_loss,-2.398503541946411
28149,train_loss,-2.371234655380249
28199,train_loss,-2.6919305324554443
28249,train_loss,-2.2469568252563477
28299,train_loss,-2.59077787399292
28349,train_loss,-2.782254934310913
28399,train_loss,-2.4487926959991455
28449,train_loss,-2.5137245655059814
28499,train_loss,-2.5199286937713623
28549,train_loss,-2.8163065910339355
28599,train_loss,-2.641669273376465
28649,train_loss,-2.468125104904175
28699,train_loss,-2.561511516571045
28749,train_loss,-2.3938491344451904
28799,train_loss,-2.7715628147125244
28849,train_loss,-2.2005274295806885
28899,train_loss,-2.324058771133423
28949,train_loss,-2.562113046646118
28999,train_loss,-2.198692560195923
29049,train_loss,-2.340327024459839
29099,train_loss,-2.4833896160125732
29149,train_loss,-2.5611493587493896
29199,train_loss,-2.6164464950561523
29249,train_loss,-2.713996648788452
29299,train_loss,-2.449970006942749
29349,train_loss,-2.6073691844940186
29399,train_loss,-2.499661922454834
29449,train_loss,-2.6308865547180176
29499,train_loss,-2.583488941192627
29549,train_loss,-2.738584280014038
29599,train_loss,-2.464181423187256
29649,train_loss,-2.6113922595977783
29699,train_loss,-2.0585784912109375
29749,train_loss,-2.504831552505493
29799,train_loss,-2.550339698791504
29849,train_loss,-2.5737619400024414
29899,train_loss,-2.505350351333618
29949,train_loss,-2.5253405570983887
29999,train_loss,-2.26057767868042
30049,train_loss,-2.548708200454712
30099,train_loss,-2.5409440994262695
30149,train_loss,-2.4812405109405518
30199,train_loss,-2.594998359680176
30249,train_loss,-2.475017547607422
30299,train_loss,-2.369518280029297
30349,train_loss,-2.464876413345337
30399,train_loss,-2.4107322692871094
30449,train_loss,-2.739851951599121
30499,train_loss,-2.3059475421905518
30549,train_loss,-2.420541763305664
30599,train_loss,-2.292792797088623
30649,train_loss,-2.361924648284912
30699,train_loss,-2.4926648139953613
30749,train_loss,-2.4490280151367188
30799,train_loss,-2.3557519912719727
30849,train_loss,-2.6397194862365723
30899,train_loss,-2.474609851837158
30949,train_loss,-2.6106550693511963
30999,train_loss,-2.7044765949249268
31049,train_loss,-2.6845943927764893
31099,train_loss,-2.544356107711792
31149,train_loss,-2.521834373474121
31199,train_loss,-2.261463165283203
31249,train_loss,-2.6002864837646484
31299,train_loss,-2.5156686305999756
31349,train_loss,-2.5108020305633545
31399,train_loss,-2.4648566246032715
31449,train_loss,-2.111513137817383
31499,train_loss,-2.464930534362793
31549,train_loss,-2.8494622707366943
31599,train_loss,-2.523648738861084
31649,train_loss,-2.5722157955169678
31699,train_loss,-2.635045051574707
31749,train_loss,-2.6108736991882324
31799,train_loss,-2.723015069961548
31849,train_loss,-2.744145631790161
31899,train_loss,-2.2795889377593994
31949,train_loss,-2.5977842807769775
31999,train_loss,-2.7013704776763916
32049,train_loss,-2.5512075424194336
32099,train_loss,-2.4950287342071533
32149,train_loss,-2.388763666152954
32199,train_loss,-2.6002674102783203
32249,train_loss,-2.692481756210327
32299,train_loss,-2.524770736694336
32349,train_loss,-2.4376091957092285
32399,train_loss,-2.4621810913085938
32449,train_loss,-2.678226947784424
32499,train_loss,-2.506911039352417
32549,train_loss,-2.5883891582489014
32599,train_loss,-2.657468557357788
32649,train_loss,-2.6269147396087646
32699,train_loss,-2.773055076599121
32749,train_loss,-2.5803096294403076
32799,train_loss,-2.4662601947784424
32849,train_loss,-2.46665096282959
32899,train_loss,-2.696314573287964
32949,train_loss,-2.536053419113159
32999,train_loss,-2.684415817260742
33049,train_loss,-2.4836835861206055
33099,train_loss,-2.649101972579956
33149,train_loss,-2.6969573497772217
33199,train_loss,-2.5131847858428955
33249,train_loss,-2.5318312644958496
33299,train_loss,-2.605705976486206
33349,train_loss,-2.5451464653015137
33399,train_loss,-2.737089157104492
33449,train_loss,-2.7400102615356445
33499,train_loss,-2.7647509574890137
33549,train_loss,-2.4715511798858643
33599,train_loss,-2.6217904090881348
33649,train_loss,-2.4476442337036133
33699,train_loss,-2.487915515899658
33749,train_loss,-2.4110944271087646
33799,train_loss,-2.922542095184326
33849,train_loss,-2.421678066253662
33899,train_loss,-2.3844056129455566
33949,train_loss,-2.5235793590545654
33999,train_loss,-2.832273483276367
34049,train_loss,-2.6575326919555664
34099,train_loss,-2.680504322052002
34149,train_loss,-2.320802927017212
34199,train_loss,-2.7641868591308594
34249,train_loss,-2.4193639755249023
34299,train_loss,-2.829364061355591
34349,train_loss,-2.5258026123046875
34399,train_loss,-2.7774527072906494
34449,train_loss,-2.7771053314208984
34499,train_loss,-2.6060123443603516
34549,train_loss,-2.479207992553711
34599,train_loss,-2.514235496520996
34649,train_loss,-2.532748222351074
34699,train_loss,-2.3819844722747803
34749,train_loss,-2.553307056427002
34799,train_loss,-2.228266716003418
34849,train_loss,-2.4371683597564697
34899,train_loss,-2.54613995552063
34949,train_loss,-2.5105183124542236
34999,train_loss,-2.4137065410614014
35049,train_loss,-2.5652153491973877
35099,train_loss,-2.6086039543151855
35149,train_loss,-2.5416433811187744
35199,train_loss,-2.5838749408721924
35249,train_loss,-2.8821682929992676
35299,train_loss,-2.544809341430664
35349,train_loss,-2.7796530723571777
35399,train_loss,-2.7537333965301514
35449,train_loss,-2.137892484664917
35499,train_loss,-2.3271007537841797
35549,train_loss,-2.2832937240600586
35599,train_loss,-2.7009875774383545
35649,train_loss,-2.246455430984497
35699,train_loss,-2.6977810859680176
35749,train_loss,-2.57492733001709
35799,train_loss,-2.4174065589904785
35849,train_loss,-2.544912099838257
35899,train_loss,-2.671072483062744
35949,train_loss,-2.5364181995391846
35999,train_loss,-2.6179347038269043
36049,train_loss,-2.5661838054656982
36099,train_loss,-2.48244571685791
36149,train_loss,-2.695988416671753
36199,train_loss,-2.547632932662964
36249,train_loss,-2.5590901374816895
36299,train_loss,-2.48563551902771
36349,train_loss,-2.6221048831939697
36399,train_loss,-2.628551483154297
36449,train_loss,-2.401169538497925
36499,train_loss,-2.469667911529541
36549,train_loss,-2.479670763015747
36599,train_loss,-2.3470444679260254
36649,train_loss,-2.722778558731079
36699,train_loss,-2.373605489730835
36749,train_loss,-2.674679756164551
36799,train_loss,-2.4050285816192627
36849,train_loss,-2.060724973678589
36899,train_loss,-2.404886484146118
36949,train_loss,-2.575784683227539
36999,train_loss,-2.5466365814208984
37049,train_loss,-2.3879806995391846
37099,train_loss,-2.798189640045166
37149,train_loss,-2.6897354125976562
37199,train_loss,-2.3241145610809326
37249,train_loss,-2.474740982055664
37299,train_loss,-2.687007427215576
37349,train_loss,-2.514106035232544
37399,train_loss,-2.59798002243042
37449,train_loss,-2.6482932567596436
37499,train_loss,-2.1547157764434814
37549,train_loss,-2.6476669311523438
37599,train_loss,-2.8329203128814697
37649,train_loss,-2.540330648422241
37699,train_loss,-2.448702335357666
37749,train_loss,-2.26627516746521
37799,train_loss,-2.5960230827331543
37849,train_loss,-2.454009532928467
37899,train_loss,-2.6898393630981445
37949,train_loss,-2.7875044345855713
37999,train_loss,-2.4255244731903076
38049,train_loss,-2.637723684310913
38099,train_loss,-2.552624225616455
38149,train_loss,-2.7284600734710693
38199,train_loss,-2.5839946269989014
38249,train_loss,-2.5046792030334473
38299,train_loss,-2.406528949737549
38349,train_loss,-2.224039316177368
38399,train_loss,-2.6297266483306885
38449,train_loss,-2.3127601146698
38499,train_loss,-2.510009765625
38549,train_loss,-2.7808167934417725
38599,train_loss,-2.4287822246551514
38649,train_loss,-2.5981578826904297
38699,train_loss,-2.642644166946411
38749,train_loss,-2.5652310848236084
38799,train_loss,-2.260244846343994
38849,train_loss,-2.5128185749053955
38899,train_loss,-2.3856701850891113
38949,train_loss,-2.7419159412384033
38999,train_loss,-2.5827431678771973
39049,train_loss,-2.790539503097534
39099,train_loss,-2.556777238845825
39149,train_loss,-2.8531172275543213
39199,train_loss,-2.5760209560394287
39249,train_loss,-2.711087226867676
39299,train_loss,-2.7380361557006836
39349,train_loss,-2.582388162612915
39399,train_loss,-2.517430067062378
39449,train_loss,-2.70058012008667
39499,train_loss,-2.6728055477142334
39549,train_loss,-2.627870559692383
39599,train_loss,-2.6853561401367188
39649,train_loss,-2.7933106422424316
39699,train_loss,-2.54196834564209
39749,train_loss,-2.7793946266174316
39799,train_loss,-2.8194329738616943
39849,train_loss,-2.498884916305542
39899,train_loss,-2.4563980102539062
39949,train_loss,-2.6742136478424072
39999,train_loss,-2.619051933288574
40049,train_loss,-2.7453067302703857
40099,train_loss,-2.4578709602355957
40149,train_loss,-2.917788028717041
40199,train_loss,-2.775439500808716
40249,train_loss,-2.5723509788513184
40299,train_loss,-2.7599923610687256
40349,train_loss,-2.7541704177856445
40399,train_loss,-2.6471714973449707
40449,train_loss,-2.738332986831665
40499,train_loss,-2.608708381652832
40549,train_loss,-2.685871124267578
40599,train_loss,-2.6489181518554688
40649,train_loss,-2.6078784465789795
40699,train_loss,-2.7182233333587646
40749,train_loss,-2.405165433883667
40799,train_loss,-2.5746991634368896
40849,train_loss,-2.4763855934143066
40899,train_loss,-2.4442875385284424
40949,train_loss,-2.689629316329956
40999,train_loss,-2.5779478549957275
41049,train_loss,-2.598325252532959
41099,train_loss,-2.612001895904541
41149,train_loss,-2.62190580368042
41199,train_loss,-2.5462887287139893
41249,train_loss,-2.4228012561798096
41299,train_loss,-2.587312698364258
41349,train_loss,-2.4054412841796875
41399,train_loss,-2.5757131576538086
41449,train_loss,-2.280057430267334
41499,train_loss,-2.7525579929351807
41549,train_loss,-2.702810049057007
41599,train_loss,-2.291900396347046
41649,train_loss,-2.525615692138672
41699,train_loss,-2.4930663108825684
41749,train_loss,-2.6238086223602295
41799,train_loss,-2.414984941482544
41849,train_loss,-2.8835699558258057
41899,train_loss,-2.650977849960327
41949,train_loss,-2.6413347721099854
41999,train_loss,-2.6749393939971924
42049,train_loss,-2.680718183517456
42099,train_loss,-2.779580593109131
42149,train_loss,-2.692596435546875
42199,train_loss,-2.729132890701294
42249,train_loss,-2.8559422492980957
42299,train_loss,-2.648787498474121
42349,train_loss,-2.626549005508423
42399,train_loss,-2.6673686504364014
42449,train_loss,-2.6208434104919434
42499,train_loss,-2.3155438899993896
42549,train_loss,-2.3379857540130615
42599,train_loss,-2.551980495452881
42649,train_loss,-2.64089298248291
42699,train_loss,-2.635937452316284
42749,train_loss,-2.7454516887664795
42799,train_loss,-2.7304184436798096
42849,train_loss,-2.7000279426574707
42899,train_loss,-2.4314143657684326
42949,train_loss,-2.6594913005828857
42999,train_loss,-2.6369259357452393
43049,train_loss,-2.6231577396392822
43099,train_loss,-2.405683994293213
43149,train_loss,-2.6148362159729004
43199,train_loss,-2.5190670490264893
43249,train_loss,-2.580091714859009
43299,train_loss,-2.5119733810424805
43349,train_loss,-2.572139024734497
43399,train_loss,-2.6147050857543945
43449,train_loss,-2.6555163860321045
43499,train_loss,-2.451077461242676
43549,train_loss,-2.582650899887085
43599,train_loss,-2.676270008087158
43649,train_loss,-2.5854671001434326
43699,train_loss,-2.603754997253418
43749,train_loss,-2.6997339725494385
43799,train_loss,-2.673243522644043
43849,train_loss,-2.795670747756958
43899,train_loss,-2.328357219696045
43949,train_loss,-2.8032217025756836
43999,train_loss,-2.7970714569091797
44049,train_loss,-2.6128525733947754
44099,train_loss,-2.7601540088653564
44149,train_loss,-2.866499900817871
44199,train_loss,-2.4218146800994873
44249,train_loss,-2.64957594871521
44299,train_loss,-2.576115608215332
44349,train_loss,-2.6029741764068604
44399,train_loss,-2.5873208045959473
44449,train_loss,-2.720423936843872
44499,train_loss,-2.586548328399658
44549,train_loss,-2.457648992538452
44599,train_loss,-2.76733136177063
44649,train_loss,-2.5516128540039062
44699,train_loss,-2.548678398132324
44749,train_loss,-2.756159543991089
44799,train_loss,-2.5951035022735596
44849,train_loss,-2.9089365005493164
44899,train_loss,-2.6395323276519775
44949,train_loss,-2.725821018218994
44999,train_loss,-2.579806327819824
45049,train_loss,-2.543369770050049
45099,train_loss,-2.5272464752197266
45149,train_loss,-2.8392839431762695
45199,train_loss,-2.6493186950683594
45249,train_loss,-2.7711150646209717
45299,train_loss,-3.1004867553710938
45349,train_loss,-2.60664963722229
45399,train_loss,-2.766951322555542
45449,train_loss,-2.5458743572235107
45499,train_loss,-2.6196670532226562
45549,train_loss,-2.5188345909118652
45599,train_loss,-2.7292239665985107
45649,train_loss,-2.6430671215057373
45699,train_loss,-2.5578391551971436
45749,train_loss,-2.450056314468384
45799,train_loss,-2.522386074066162
45849,train_loss,-2.6933207511901855
45899,train_loss,-2.4441800117492676
45949,train_loss,-2.5299301147460938
45999,train_loss,-2.660029649734497
46049,train_loss,-2.6582446098327637
46099,train_loss,-2.5268843173980713
46149,train_loss,-2.718470573425293
46199,train_loss,-2.5658791065216064
46249,train_loss,-2.348039388656616
46299,train_loss,-2.5367486476898193
46349,train_loss,-2.6788439750671387
46399,train_loss,-2.4929487705230713
46449,train_loss,-2.840588331222534
46499,train_loss,-2.7586703300476074
46549,train_loss,-2.599113941192627
46599,train_loss,-2.73423433303833
46649,train_loss,-2.570406675338745
46699,train_loss,-2.225494146347046
46749,train_loss,-2.6865618228912354
46799,train_loss,-2.6935155391693115
46849,train_loss,-2.556903600692749
46899,train_loss,-2.1308090686798096
46949,train_loss,-2.477651596069336
46999,train_loss,-2.6563351154327393
47049,train_loss,-2.696749210357666
47099,train_loss,-2.696535587310791
47149,train_loss,-2.6656155586242676
47199,train_loss,-2.6382174491882324
47249,train_loss,-2.8011436462402344
47299,train_loss,-2.243952512741089
47349,train_loss,-2.8558719158172607
47399,train_loss,-2.754486322402954
47449,train_loss,-2.7589914798736572
47499,train_loss,-2.569888114929199
47549,train_loss,-2.5966978073120117
47599,train_loss,-2.859546661376953
47649,train_loss,-2.4997522830963135
47699,train_loss,-2.582632303237915
47749,train_loss,-2.6895556449890137
47799,train_loss,-2.660714864730835
47849,train_loss,-2.5909204483032227
47899,train_loss,-2.4823267459869385
47949,train_loss,-2.692645311355591
47999,train_loss,-2.6049325466156006
48049,train_loss,-2.7794535160064697
48099,train_loss,-2.4645769596099854
48149,train_loss,-2.8765947818756104
48199,train_loss,-2.7566041946411133
48249,train_loss,-2.6464641094207764
48299,train_loss,-2.516305446624756
48349,train_loss,-2.6828837394714355
48399,train_loss,-2.754214286804199
48449,train_loss,-2.979630708694458
48499,train_loss,-2.737980365753174
48549,train_loss,-2.529395341873169
48599,train_loss,-2.573152780532837
48649,train_loss,-2.7061233520507812
48699,train_loss,-2.392742156982422
48749,train_loss,-2.574249029159546
48799,train_loss,-2.859304189682007
48849,train_loss,-2.468932628631592
48899,train_loss,-2.757395029067993
48949,train_loss,-2.5159873962402344
48999,train_loss,-2.7738425731658936
49049,train_loss,-2.577733278274536
49099,train_loss,-2.5873594284057617
49149,train_loss,-2.6326816082000732
49199,train_loss,-2.5353989601135254
49249,train_loss,-2.5698537826538086
49299,train_loss,-2.6004269123077393
49349,train_loss,-2.4093379974365234
49399,train_loss,-2.492213010787964
49449,train_loss,-2.481105327606201
49499,train_loss,-2.329143762588501
49549,train_loss,-2.6873185634613037
49599,train_loss,-2.60003924369812
49649,train_loss,-2.5486021041870117
49699,train_loss,-2.5459091663360596
49749,train_loss,-2.7283263206481934
49799,train_loss,-2.6798181533813477
49849,train_loss,-2.5509841442108154
49899,train_loss,-2.4030721187591553
49949,train_loss,-2.629446506500244
49999,train_loss,-2.502573013305664
50049,train_loss,-2.7338221073150635
50099,train_loss,-2.697911024093628
50149,train_loss,-2.628016233444214
50199,train_loss,-2.622022867202759
50249,train_loss,-2.7401552200317383
50299,train_loss,-2.815370559692383
50349,train_loss,-2.7149364948272705
50399,train_loss,-2.706807851791382
50449,train_loss,-2.572458505630493
50499,train_loss,-2.556760549545288
50549,train_loss,-2.752345561981201
50599,train_loss,-2.7926087379455566
50649,train_loss,-2.543703556060791
50699,train_loss,-2.3898062705993652
50749,train_loss,-2.690513849258423
50799,train_loss,-2.1260592937469482
50849,train_loss,-2.593912363052368
50899,train_loss,-2.740654468536377
50949,train_loss,-2.5294296741485596
50999,train_loss,-2.6664843559265137
51049,train_loss,-2.5920073986053467
51099,train_loss,-2.7936694622039795
51149,train_loss,-2.8302383422851562
51199,train_loss,-2.3168935775756836
51249,train_loss,-2.7828636169433594
51299,train_loss,-2.5753941535949707
51349,train_loss,-2.683958053588867
51399,train_loss,-2.7577130794525146
51449,train_loss,-2.5451507568359375
51499,train_loss,-2.3078360557556152
51549,train_loss,-2.718233346939087
51599,train_loss,-2.8009562492370605
51649,train_loss,-2.7706944942474365
51699,train_loss,-2.6835079193115234
51749,train_loss,-2.5949532985687256
51799,train_loss,-2.54970121383667
51849,train_loss,-2.6692421436309814
51899,train_loss,-2.491103410720825
51949,train_loss,-2.597496271133423
51999,train_loss,-2.756216049194336
52049,train_loss,-2.726619243621826
52099,train_loss,-2.478715181350708
52149,train_loss,-2.7596628665924072
52199,train_loss,-2.58561635017395
52249,train_loss,-2.3724899291992188
52299,train_loss,-2.828991413116455
52349,train_loss,-2.4141993522644043
52399,train_loss,-2.7241928577423096
52449,train_loss,-2.601248025894165
52499,train_loss,-2.72633695602417
52549,train_loss,-2.528425455093384
52599,train_loss,-2.5726253986358643
52649,train_loss,-2.2207083702087402
52699,train_loss,-2.6416821479797363
52749,train_loss,-2.589867353439331
52799,train_loss,-2.8145642280578613
52849,train_loss,-2.5434024333953857
52899,train_loss,-2.6785340309143066
52949,train_loss,-2.5944018363952637
52999,train_loss,-2.794581413269043
53049,train_loss,-2.692735433578491
53099,train_loss,-2.540386438369751
53149,train_loss,-2.5075464248657227
53199,train_loss,-2.415172576904297
53249,train_loss,-2.997088670730591
53299,train_loss,-2.832275152206421
53349,train_loss,-2.7479021549224854
53399,train_loss,-2.5618529319763184
53449,train_loss,-2.58585524559021
53499,train_loss,-2.7468068599700928
53549,train_loss,-2.703104257583618
53599,train_loss,-2.668567419052124
53649,train_loss,-2.4667623043060303
53699,train_loss,-2.702443838119507
53749,train_loss,-2.586480140686035
53799,train_loss,-2.7660329341888428
53849,train_loss,-2.7190937995910645
53899,train_loss,-2.4989428520202637
53949,train_loss,-2.379833459854126
53999,train_loss,-2.5406179428100586
54049,train_loss,-2.5839900970458984
54099,train_loss,-2.5747478008270264
54149,train_loss,-2.7869298458099365
54199,train_loss,-2.6036441326141357
54249,train_loss,-2.762287139892578
54299,train_loss,-2.6990203857421875
54349,train_loss,-2.7693161964416504
54399,train_loss,-2.7120723724365234
54449,train_loss,-2.6496379375457764
54499,train_loss,-2.725330352783203
54549,train_loss,-2.7295374870300293
54599,train_loss,-2.4565558433532715
54649,train_loss,-2.451340436935425
54699,train_loss,-2.7131500244140625
54749,train_loss,-2.7434921264648438
54799,train_loss,-2.4890379905700684
54849,train_loss,-2.522308111190796
54899,train_loss,-2.78861141204834
54949,train_loss,-2.3947763442993164
54999,train_loss,-2.6716599464416504
55049,train_loss,-2.4781928062438965
55099,train_loss,-2.916077136993408
55149,train_loss,-2.4790194034576416
55199,train_loss,-2.7413504123687744
55249,train_loss,-2.724728584289551
55299,train_loss,-2.734609365463257
55349,train_loss,-2.6721179485321045
55399,train_loss,-2.4129843711853027
55449,train_loss,-2.4603867530822754
55499,train_loss,-2.5981922149658203
55549,train_loss,-2.788578748703003
55599,train_loss,-2.5481209754943848
55649,train_loss,-2.5925519466400146
55699,train_loss,-2.660612106323242
55749,train_loss,-2.7758772373199463
55799,train_loss,-2.6687800884246826
55849,train_loss,-2.664966344833374
55899,train_loss,-2.7057018280029297
55949,train_loss,-2.858149290084839
55999,train_loss,-2.754718542098999
56049,train_loss,-2.7537968158721924
56099,train_loss,-2.810704231262207
56149,train_loss,-2.865420341491699
56199,train_loss,-2.7162961959838867
56249,train_loss,-2.851834774017334
56299,train_loss,-2.465754747390747
56349,train_loss,-2.785041332244873
56399,train_loss,-2.677260637283325
56449,train_loss,-2.7010691165924072
56499,train_loss,-2.705693006515503
56549,train_loss,-2.6925241947174072
56599,train_loss,-2.6046230792999268
56649,train_loss,-2.666668176651001
56699,train_loss,-2.711116313934326
56749,train_loss,-2.595309257507324
56799,train_loss,-2.488208532333374
56849,train_loss,-2.696934223175049
56899,train_loss,-2.752678871154785
56949,train_loss,-2.7680270671844482
56999,train_loss,-2.6668708324432373
57049,train_loss,-2.721642017364502
57099,train_loss,-2.6452651023864746
57149,train_loss,-2.541074752807617
57199,train_loss,-2.5405433177948
57249,train_loss,-2.2141330242156982
57299,train_loss,-2.8901491165161133
57349,train_loss,-2.6435742378234863
57399,train_loss,-2.6360177993774414
57449,train_loss,-2.818370819091797
57499,train_loss,-2.4513797760009766
57549,train_loss,-2.5779120922088623
57599,train_loss,-2.816452741622925
57649,train_loss,-2.5617892742156982
57699,train_loss,-2.8138434886932373
57749,train_loss,-2.707909345626831
57799,train_loss,-2.9261467456817627
57849,train_loss,-2.7018675804138184
57899,train_loss,-2.8894007205963135
57949,train_loss,-2.68200421333313
57999,train_loss,-2.6178784370422363
58049,train_loss,-2.562387704849243
58099,train_loss,-2.5734429359436035
58149,train_loss,-2.45965313911438
58199,train_loss,-2.6928117275238037
58249,train_loss,-2.7820544242858887
58299,train_loss,-2.7379868030548096
58349,train_loss,-2.48124098777771
58399,train_loss,-2.6545777320861816
58449,train_loss,-2.7805569171905518
58499,train_loss,-2.751248598098755
58549,train_loss,-2.6632230281829834
58599,train_loss,-2.741954803466797
58649,train_loss,-2.664780378341675
58699,train_loss,-2.518864870071411
58749,train_loss,-2.78131103515625
58799,train_loss,-2.6298491954803467
58849,train_loss,-2.7783637046813965
58899,train_loss,-2.827338457107544
58949,train_loss,-2.878049850463867
58999,train_loss,-2.880079984664917
59049,train_loss,-2.7606377601623535
59099,train_loss,-2.6311752796173096
59149,train_loss,-2.868926525115967
59199,train_loss,-2.626110076904297
59249,train_loss,-2.7182540893554688
59299,train_loss,-2.560412883758545
59349,train_loss,-2.7764344215393066
59399,train_loss,-2.771695852279663
59449,train_loss,-2.619131326675415
59499,train_loss,-2.688697099685669
59549,train_loss,-2.756852865219116
59599,train_loss,-2.6332874298095703
59649,train_loss,-2.641860008239746
59699,train_loss,-2.9595963954925537
59749,train_loss,-2.7166552543640137
59799,train_loss,-2.598299741744995
59849,train_loss,-2.678013801574707
59899,train_loss,-2.6665406227111816
59949,train_loss,-2.5159223079681396
59999,train_loss,-2.5695643424987793
60049,train_loss,-2.870868682861328
60099,train_loss,-2.60239839553833
60149,train_loss,-2.4839766025543213
60199,train_loss,-2.703509569168091
60249,train_loss,-2.6257050037384033
60299,train_loss,-2.723595142364502
60349,train_loss,-2.6254823207855225
60399,train_loss,-2.675234317779541
60449,train_loss,-2.446612596511841
60499,train_loss,-2.8325114250183105
60549,train_loss,-2.661991596221924
60599,train_loss,-2.5947699546813965
60649,train_loss,-2.460336208343506
60699,train_loss,-2.5887932777404785
60749,train_loss,-2.727612257003784
60799,train_loss,-2.8120172023773193
60849,train_loss,-2.8426640033721924
60899,train_loss,-2.475714683532715
60949,train_loss,-2.6331944465637207
60999,train_loss,-2.665112018585205
61049,train_loss,-2.8035035133361816
61099,train_loss,-2.59189510345459
61149,train_loss,-2.6947927474975586
61199,train_loss,-2.5633881092071533
61249,train_loss,-2.516686201095581
61299,train_loss,-2.742689609527588
61349,train_loss,-2.7058093547821045
61399,train_loss,-2.9367053508758545
61449,train_loss,-2.7905378341674805
61499,train_loss,-2.777954339981079
61549,train_loss,-2.52009654045105
61599,train_loss,-2.402087926864624
61649,train_loss,-2.8721396923065186
61699,train_loss,-2.8884103298187256
61749,train_loss,-2.7566077709198
61799,train_loss,-2.68074893951416
61849,train_loss,-2.6705119609832764
61899,train_loss,-2.499547004699707
61949,train_loss,-2.9877007007598877
61999,train_loss,-2.8482677936553955
62049,train_loss,-2.8285329341888428
62099,train_loss,-2.632966995239258
62149,train_loss,-2.8121378421783447
62199,train_loss,-2.773885726928711
62249,train_loss,-2.6219797134399414
62299,train_loss,-2.6453986167907715
62349,train_loss,-2.854973316192627
62399,train_loss,-2.456408977508545
62449,train_loss,-2.789926052093506
62499,train_loss,-2.7128236293792725
62549,train_loss,-2.543635845184326
62599,train_loss,-2.738847255706787
62649,train_loss,-2.4555909633636475
62699,train_loss,-2.7771520614624023
62749,train_loss,-2.4790236949920654
62799,train_loss,-2.543393850326538
62849,train_loss,-2.602595567703247
62899,train_loss,-2.850740909576416
62949,train_loss,-2.59084415435791
62999,train_loss,-2.4201948642730713
63049,train_loss,-2.447624444961548
63099,train_loss,-2.9054908752441406
63149,train_loss,-2.5211808681488037
63199,train_loss,-2.7088112831115723
63249,train_loss,-2.7682793140411377
63299,train_loss,-2.641885757446289
63349,train_loss,-2.518676996231079
63399,train_loss,-2.654707193374634
63449,train_loss,-2.7855703830718994
63499,train_loss,-2.7793636322021484
63549,train_loss,-2.7827465534210205
63599,train_loss,-2.5460779666900635
63649,train_loss,-2.542263984680176
63699,train_loss,-2.557675361633301
63749,train_loss,-2.9042258262634277
63799,train_loss,-2.845000982284546
63849,train_loss,-2.5412890911102295
63899,train_loss,-2.7494149208068848
63949,train_loss,-2.6306276321411133
63999,train_loss,-2.894333839416504
64049,train_loss,-2.9272236824035645
64099,train_loss,-2.7105956077575684
64149,train_loss,-2.6671135425567627
64199,train_loss,-2.621469497680664
64249,train_loss,-2.7086567878723145
64299,train_loss,-2.8827948570251465
64349,train_loss,-2.912186622619629
64399,train_loss,-2.536304473876953
64449,train_loss,-2.929641008377075
64499,train_loss,-2.6933960914611816
64549,train_loss,-2.254091501235962
64599,train_loss,-2.9164764881134033
64649,train_loss,-2.3685548305511475
64699,train_loss,-2.8179357051849365
64749,train_loss,-2.700500249862671
64799,train_loss,-2.671609401702881
64849,train_loss,-2.684966802597046
64899,train_loss,-2.6631815433502197
64949,train_loss,-2.6089227199554443
64999,train_loss,-2.6439313888549805
65049,train_loss,-2.8367698192596436
65099,train_loss,-2.5527963638305664
65149,train_loss,-2.865368127822876
65199,train_loss,-2.605999708175659
65249,train_loss,-2.71311616897583
65299,train_loss,-2.664480447769165
65349,train_loss,-2.7589187622070312
65399,train_loss,-2.682368755340576
65449,train_loss,-2.697443962097168
65499,train_loss,-2.6010007858276367
65549,train_loss,-2.8172647953033447
65599,train_loss,-2.6616334915161133
65649,train_loss,-2.5222086906433105
65699,train_loss,-2.7695577144622803
65749,train_loss,-2.5826010704040527
65799,train_loss,-2.748810291290283
65849,train_loss,-2.5566632747650146
65899,train_loss,-2.6900765895843506
65949,train_loss,-2.9434926509857178
65999,train_loss,-2.6734635829925537
66049,train_loss,-2.8090450763702393
66099,train_loss,-2.520383596420288
66149,train_loss,-2.7227489948272705
66199,train_loss,-2.769625425338745
66249,train_loss,-2.228088140487671
66299,train_loss,-2.624391794204712
66349,train_loss,-2.7269089221954346
66399,train_loss,-2.7116920948028564
66449,train_loss,-2.6300058364868164
66499,train_loss,-2.6328048706054688
66549,train_loss,-2.5689616203308105
66599,train_loss,-2.6791491508483887
66649,train_loss,-2.6168324947357178
66699,train_loss,-2.6460936069488525
66749,train_loss,-2.713186740875244
66799,train_loss,-2.3240599632263184
66849,train_loss,-2.845918655395508
66899,train_loss,-2.5618820190429688
66949,train_loss,-2.6519694328308105
66999,train_loss,-2.7194838523864746
67049,train_loss,-2.5514094829559326
67099,train_loss,-2.239029884338379
67149,train_loss,-2.662980318069458
67199,train_loss,-2.722153425216675
67249,train_loss,-2.5962705612182617
67299,train_loss,-2.5232126712799072
67349,train_loss,-2.751650094985962
67399,train_loss,-2.590313673019409
67449,train_loss,-2.7646610736846924
67499,train_loss,-2.5069262981414795
67549,train_loss,-2.652808904647827
67599,train_loss,-2.5960845947265625
67649,train_loss,-2.874953508377075
67699,train_loss,-2.980771541595459
67749,train_loss,-2.721900463104248
67799,train_loss,-2.6842143535614014
67849,train_loss,-2.570371389389038
67899,train_loss,-2.6170284748077393
67949,train_loss,-2.7329750061035156
67999,train_loss,-2.65411114692688
68049,train_loss,-2.8463590145111084
68099,train_loss,-2.6536037921905518
68149,train_loss,-2.951626777648926
68199,train_loss,-2.6734848022460938
68249,train_loss,-2.596186399459839
68299,train_loss,-2.733226776123047
68349,train_loss,-2.8304686546325684
68399,train_loss,-2.7019448280334473
68449,train_loss,-2.9210824966430664
68499,train_loss,-2.647883415222168
68549,train_loss,-2.620068311691284
68599,train_loss,-3.0405728816986084
68649,train_loss,-2.4954755306243896
68699,train_loss,-2.3970234394073486
68749,train_loss,-2.823216676712036
68799,train_loss,-1.534857988357544
68849,train_loss,-2.9144158363342285
68899,train_loss,-2.794137477874756
68949,train_loss,-2.6020376682281494
68999,train_loss,-2.4847936630249023
69049,train_loss,-2.7431154251098633
69099,train_loss,-2.716757297515869
69149,train_loss,-2.865729570388794
69199,train_loss,-2.6086554527282715
69249,train_loss,-2.9125144481658936
69299,train_loss,-2.50946044921875
69349,train_loss,-2.853170871734619
69399,train_loss,-2.665079116821289
69449,train_loss,-2.7818782329559326
69499,train_loss,-2.7637293338775635
69549,train_loss,-2.8758015632629395
69599,train_loss,-2.8407325744628906
69649,train_loss,-2.434748888015747
69699,train_loss,-2.7117390632629395
69749,train_loss,-2.569889783859253
69799,train_loss,-2.768765926361084
69849,train_loss,-2.9754652976989746
69899,train_loss,-2.601801872253418
69949,train_loss,-2.852168321609497
69999,train_loss,-2.34965443611145
70049,train_loss,-2.682471513748169
70099,train_loss,-2.7357230186462402
70149,train_loss,-2.849587917327881
70199,train_loss,-2.633877992630005
70249,train_loss,-2.769315719604492
70299,train_loss,-2.715325117111206
70349,train_loss,-2.824176788330078
70399,train_loss,-2.4381372928619385
70449,train_loss,-2.8940534591674805
70499,train_loss,-2.761443614959717
70549,train_loss,-2.8268425464630127
70599,train_loss,-2.7662839889526367
70649,train_loss,-2.95004940032959
70699,train_loss,-2.8353018760681152
70749,train_loss,-2.5772056579589844
70799,train_loss,-2.7039036750793457
70849,train_loss,-2.5545427799224854
70899,train_loss,-2.7069687843322754
70949,train_loss,-2.746504306793213
70999,train_loss,-2.879004955291748
71049,train_loss,-2.609694719314575
71099,train_loss,-2.9487099647521973
71149,train_loss,-2.770240306854248
71199,train_loss,-2.641538143157959
71249,train_loss,-2.5987541675567627
71299,train_loss,-2.6371188163757324
71349,train_loss,-2.528345823287964
71399,train_loss,-2.8308770656585693
71449,train_loss,-2.7534022331237793
71499,train_loss,-2.8188650608062744
71549,train_loss,-2.8073878288269043
71599,train_loss,-2.950657606124878
71649,train_loss,-2.627969741821289
71699,train_loss,-2.7574729919433594
71749,train_loss,-2.8347344398498535
71799,train_loss,-2.59350848197937
71849,train_loss,-2.7658069133758545
71899,train_loss,-2.93446946144104
71949,train_loss,-2.8169586658477783
71999,train_loss,-2.6683144569396973
72049,train_loss,-2.7547316551208496
72099,train_loss,-2.9153926372528076
72149,train_loss,-2.8544223308563232
72199,train_loss,-2.75368332862854
72249,train_loss,-2.4872121810913086
72299,train_loss,-2.7981321811676025
72349,train_loss,-2.723471164703369
72399,train_loss,-2.780532121658325
72449,train_loss,-2.5055794715881348
72499,train_loss,-2.9105474948883057
72549,train_loss,-2.850593090057373
72599,train_loss,-2.553985357284546
72649,train_loss,-2.495556354522705
72699,train_loss,-2.614636182785034
72749,train_loss,-2.5373308658599854
72799,train_loss,-2.825748920440674
72849,train_loss,-2.7374703884124756
72899,train_loss,-2.716109275817871
72949,train_loss,-2.603055953979492
72999,train_loss,-2.61234712600708
73049,train_loss,-2.705841541290283
73099,train_loss,-3.050410270690918
73149,train_loss,-2.696648359298706
73199,train_loss,-2.5309908390045166
73249,train_loss,-2.7962307929992676
73299,train_loss,-2.699690818786621
73349,train_loss,-2.7830746173858643
73399,train_loss,-2.692237138748169
73449,train_loss,-2.635601758956909
73499,train_loss,-2.645118236541748
73549,train_loss,-2.264981746673584
73599,train_loss,-2.604544162750244
73649,train_loss,-2.5191543102264404
73699,train_loss,-2.8438093662261963
73749,train_loss,-2.6069514751434326
73799,train_loss,-2.5804760456085205
73849,train_loss,-2.8317954540252686
73899,train_loss,-2.681338310241699
73949,train_loss,-2.852205514907837
73999,train_loss,-2.4713876247406006
74049,train_loss,-2.613957643508911
74099,train_loss,-2.554079055786133
74149,train_loss,-2.675601005554199
74199,train_loss,-2.7720279693603516
74249,train_loss,-2.909406900405884
74299,train_loss,-2.6071553230285645
74349,train_loss,-3.0588152408599854
74399,train_loss,-2.409274101257324
74449,train_loss,-2.571429967880249
74499,train_loss,-2.748699903488159
74549,train_loss,-2.5872251987457275
74599,train_loss,-2.949145793914795
74649,train_loss,-2.8863394260406494
74699,train_loss,-2.5637402534484863
74749,train_loss,-2.8311309814453125
74799,train_loss,-2.9751644134521484
74849,train_loss,-2.1872761249542236
74899,train_loss,-3.010540246963501
74949,train_loss,-2.57198166847229
74999,train_loss,-2.7430167198181152
75049,train_loss,-2.4666526317596436
75099,train_loss,-2.6640360355377197
75149,train_loss,-2.557626485824585
75199,train_loss,-2.6567161083221436
75249,train_loss,-2.713322877883911
75299,train_loss,-2.8068768978118896
75349,train_loss,-2.6251633167266846
75399,train_loss,-2.710073232650757
75449,train_loss,-2.7496695518493652
75499,train_loss,-2.8616456985473633
75549,train_loss,-2.5400164127349854
75599,train_loss,-2.878124713897705
75649,train_loss,-2.6966562271118164
75699,train_loss,-2.9656670093536377
75749,train_loss,-2.603689432144165
75799,train_loss,-2.7473642826080322
75849,train_loss,-2.6096596717834473
75899,train_loss,-2.66440486907959
75949,train_loss,-2.7220613956451416
75999,train_loss,-2.8229238986968994
76049,train_loss,-2.45304799079895
76099,train_loss,-3.083510398864746
76149,train_loss,-2.8790247440338135
76199,train_loss,-2.5164101123809814
76249,train_loss,-2.8999438285827637
76299,train_loss,-2.551971435546875
76349,train_loss,-2.9585888385772705
76399,train_loss,-2.4671037197113037
76449,train_loss,-2.6712071895599365
76499,train_loss,-2.6110682487487793
76549,train_loss,-2.3551864624023438
76599,train_loss,-2.7917754650115967
76649,train_loss,-2.944025993347168
76699,train_loss,-2.585923671722412
76749,train_loss,-2.768665313720703
76799,train_loss,-2.6537442207336426
76849,train_loss,-2.8572418689727783
76899,train_loss,-2.733201026916504
76949,train_loss,-2.773597240447998
76999,train_loss,-2.7131593227386475
77049,train_loss,-2.7149384021759033
77099,train_loss,-2.501807451248169
77149,train_loss,-2.626565933227539
77199,train_loss,-2.5398595333099365
77249,train_loss,-2.8230862617492676
77299,train_loss,-2.7170825004577637
77349,train_loss,-2.49239444732666
77399,train_loss,-2.6373391151428223
77449,train_loss,-2.521524667739868
77499,train_loss,-2.776710033416748
77549,train_loss,-2.9887607097625732
77599,train_loss,-2.681917428970337
77649,train_loss,-2.5853216648101807
77699,train_loss,-2.780862331390381
77749,train_loss,-2.489015579223633
77799,train_loss,-2.7605881690979004
77849,train_loss,-2.8368027210235596
77899,train_loss,-2.863250732421875
77949,train_loss,-2.8035614490509033
77999,train_loss,-2.705045461654663
78049,train_loss,-2.556959629058838
78099,train_loss,-2.602550983428955
78149,train_loss,-2.7542989253997803
78199,train_loss,-2.7272396087646484
78249,train_loss,-2.543302297592163
78299,train_loss,-2.609651803970337
78349,train_loss,-2.581681966781616
78399,train_loss,-3.1371641159057617
78449,train_loss,-2.8351826667785645
78499,train_loss,-2.787898302078247
78549,train_loss,-2.7119786739349365
78599,train_loss,-2.5247628688812256
78649,train_loss,-2.6229240894317627
78699,train_loss,-2.887967824935913
78749,train_loss,-2.7272257804870605
78799,train_loss,-2.5655746459960938
78849,train_loss,-2.754810094833374
78899,train_loss,-2.8610382080078125
78949,train_loss,-2.46431303024292
78999,train_loss,-2.9543991088867188
79049,train_loss,-2.7310800552368164
79099,train_loss,-2.68235445022583
79149,train_loss,-2.759446382522583
79199,train_loss,-2.6226608753204346
79249,train_loss,-2.5952651500701904
79299,train_loss,-2.5651650428771973
79349,train_loss,-2.6491339206695557
79399,train_loss,-2.5755817890167236
79449,train_loss,-2.6921181678771973
79499,train_loss,-2.7325687408447266
79549,train_loss,-2.577455997467041
79599,train_loss,-2.788444995880127
79649,train_loss,-2.728682518005371
79699,train_loss,-2.6975789070129395
79749,train_loss,-2.4143638610839844
79799,train_loss,-2.825547218322754
79849,train_loss,-2.4047203063964844
79899,train_loss,-2.8173015117645264
79949,train_loss,-2.7421181201934814
79999,train_loss,-2.84682297706604
80049,train_loss,-2.784609079360962
80099,train_loss,-2.6078505516052246
80149,train_loss,-2.5994603633880615
80199,train_loss,-2.607409715652466
80249,train_loss,-2.4317915439605713
80299,train_loss,-2.7171835899353027
80349,train_loss,-2.960787296295166
80399,train_loss,-2.556471109390259
80449,train_loss,-2.6317338943481445
80499,train_loss,-2.8988802433013916
80549,train_loss,-2.74937105178833
80599,train_loss,-2.8870139122009277
80649,train_loss,-2.6799368858337402
80699,train_loss,-2.641709327697754
80749,train_loss,-2.969491481781006
80799,train_loss,-2.679037570953369
80849,train_loss,-2.6910035610198975
80899,train_loss,-2.836236000061035
80949,train_loss,-2.8387441635131836
80999,train_loss,-2.818373680114746
81049,train_loss,-2.90968918800354
81099,train_loss,-2.839647054672241
81149,train_loss,-2.8339061737060547
81199,train_loss,-2.687519073486328
81249,train_loss,-2.4844532012939453
81299,train_loss,-2.7426950931549072
81349,train_loss,-2.646596908569336
81399,train_loss,-2.8583664894104004
81449,train_loss,-2.611844062805176
81499,train_loss,-2.6946656703948975
81549,train_loss,-2.6361184120178223
81599,train_loss,-2.7854979038238525
81649,train_loss,-2.7748522758483887
81699,train_loss,-2.768667697906494
81749,train_loss,-2.8268845081329346
81799,train_loss,-2.700796604156494
81849,train_loss,-2.6223342418670654
81899,train_loss,-2.6342432498931885
81949,train_loss,-2.54911732673645
81999,train_loss,-2.5527634620666504
82049,train_loss,-2.6214725971221924
82099,train_loss,-2.752920627593994
82149,train_loss,-2.8773369789123535
82199,train_loss,-2.860987424850464
82249,train_loss,-2.7866384983062744
82299,train_loss,-2.7576048374176025
82349,train_loss,-2.8266425132751465
82399,train_loss,-2.5802884101867676
82449,train_loss,-2.6910438537597656
82499,train_loss,-2.7368533611297607
82549,train_loss,-2.7258384227752686
82599,train_loss,-2.6380743980407715
82649,train_loss,-2.568549633026123
82699,train_loss,-2.3754515647888184
82749,train_loss,-2.8819704055786133
82799,train_loss,-2.654250383377075
82849,train_loss,-2.808771848678589
82899,train_loss,-2.8835527896881104
82949,train_loss,-2.8494296073913574
82999,train_loss,-2.942005157470703
83049,train_loss,-2.9537882804870605
83099,train_loss,-2.695481300354004
83149,train_loss,-2.692984104156494
83199,train_loss,-2.605422019958496
83249,train_loss,-2.6977899074554443
83299,train_loss,-2.350461721420288
83349,train_loss,-2.6545639038085938
83399,train_loss,-2.6545114517211914
83449,train_loss,-2.8288686275482178
83499,train_loss,-2.5324225425720215
83549,train_loss,-2.715392589569092
83599,train_loss,-2.7730863094329834
83649,train_loss,-2.6638104915618896
83699,train_loss,-2.5182607173919678
83749,train_loss,-2.9487740993499756
83799,train_loss,-2.7320077419281006
83849,train_loss,-2.845773458480835
83899,train_loss,-2.54050350189209
83949,train_loss,-2.756009578704834
83999,train_loss,-2.395557165145874
84049,train_loss,-2.7539501190185547
84099,train_loss,-2.7246086597442627
84149,train_loss,-2.750091552734375
84199,train_loss,-2.5204198360443115
84249,train_loss,-2.789599895477295
84299,train_loss,-2.9488887786865234
84349,train_loss,-2.7898521423339844
84399,train_loss,-2.3914785385131836
84449,train_loss,-2.4259912967681885
84499,train_loss,-2.724087953567505
84549,train_loss,-2.802091598510742
84599,train_loss,-2.694035291671753
84649,train_loss,-2.626012086868286
84699,train_loss,-2.861907958984375
84749,train_loss,-2.8524293899536133
84799,train_loss,-2.5860917568206787
84849,train_loss,-2.7043702602386475
84899,train_loss,-2.8899455070495605
84949,train_loss,-2.6081345081329346
84999,train_loss,-2.5808355808258057
85049,train_loss,-2.9780099391937256
85099,train_loss,-2.472264289855957
85149,train_loss,-2.8168256282806396
85199,train_loss,-2.6242475509643555
85249,train_loss,-2.7476272583007812
85299,train_loss,-2.6068897247314453
85349,train_loss,-2.7706024646759033
85399,train_loss,-2.7325313091278076
85449,train_loss,-2.634075403213501
85499,train_loss,-2.7205049991607666
85549,train_loss,-2.5741076469421387
85599,train_loss,-2.876976728439331
85649,train_loss,-2.634206771850586
85699,train_loss,-2.577221155166626
85749,train_loss,-2.731020212173462
85799,train_loss,-2.8132195472717285
85849,train_loss,-2.913226366043091
85899,train_loss,-2.690924644470215
85949,train_loss,-2.9347167015075684
85999,train_loss,-2.8449792861938477
86049,train_loss,-2.5908632278442383
86099,train_loss,-2.6904327869415283
86149,train_loss,-2.803147792816162
86199,train_loss,-2.472419023513794
86249,train_loss,-2.6690263748168945
86299,train_loss,-2.413034200668335
86349,train_loss,-2.8378946781158447
86399,train_loss,-2.631784200668335
86449,train_loss,-2.7134556770324707
86499,train_loss,-2.8819923400878906
86549,train_loss,-2.6861534118652344
86599,train_loss,-2.850721597671509
86649,train_loss,-2.817479372024536
86699,train_loss,-2.7328922748565674
86749,train_loss,-2.442495107650757
86799,train_loss,-2.785287857055664
86849,train_loss,-2.849780797958374
86899,train_loss,-2.663562774658203
86949,train_loss,-2.577004909515381
86999,train_loss,-2.792996883392334
87049,train_loss,-2.904310464859009
87099,train_loss,-2.5619475841522217
87149,train_loss,-2.6430530548095703
87199,train_loss,-2.8765769004821777
87249,train_loss,-2.644728422164917
87299,train_loss,-2.916593074798584
87349,train_loss,-2.6698029041290283
87399,train_loss,-2.726443290710449
87449,train_loss,-2.771223306655884
87499,train_loss,-2.8068063259124756
87549,train_loss,-2.9847941398620605
87599,train_loss,-2.578209161758423
87649,train_loss,-2.8850114345550537
87699,train_loss,-2.858492851257324
87749,train_loss,-2.8185789585113525
87799,train_loss,-2.735365390777588
87849,train_loss,-2.3870651721954346
87899,train_loss,-2.8627452850341797
87949,train_loss,-2.5535359382629395
87999,train_loss,-2.6898252964019775
88049,train_loss,-2.431342124938965
88099,train_loss,-2.639003276824951
88149,train_loss,-2.758186101913452
88199,train_loss,-2.8310680389404297
88249,train_loss,-2.992604970932007
88299,train_loss,-2.663980484008789
88349,train_loss,-2.9107136726379395
88399,train_loss,-2.78678035736084
88449,train_loss,-2.7159273624420166
88499,train_loss,-2.7982869148254395
88549,train_loss,-2.9886817932128906
88599,train_loss,-2.848445177078247
88649,train_loss,-2.8871047496795654
88699,train_loss,-2.7694222927093506
88749,train_loss,-3.015512704849243
88799,train_loss,-3.031182050704956
88849,train_loss,-2.5939314365386963
88899,train_loss,-2.618823289871216
88949,train_loss,-2.7007124423980713
88999,train_loss,-2.7241744995117188
89049,train_loss,-2.6036689281463623
89099,train_loss,-2.8324151039123535
89149,train_loss,-2.744161367416382
89199,train_loss,-2.710143566131592
89249,train_loss,-2.760720729827881
89299,train_loss,-2.8964102268218994
89349,train_loss,-2.902219772338867
89399,train_loss,-2.540902853012085
89449,train_loss,-2.841637372970581
89499,train_loss,-2.6436264514923096
89549,train_loss,-2.647486686706543
89599,train_loss,-2.782201051712036
89649,train_loss,-2.6590118408203125
89699,train_loss,-2.8630530834198
89749,train_loss,-2.7352707386016846
89799,train_loss,-2.5201103687286377
89849,train_loss,-2.8153603076934814
89899,train_loss,-2.723334789276123
89949,train_loss,-2.757200241088867
89999,train_loss,-2.84714674949646
90049,train_loss,-2.6183104515075684
90099,train_loss,-2.899351119995117
90149,train_loss,-2.6866767406463623
90199,train_loss,-2.513986587524414
90249,train_loss,-2.640204906463623
90299,train_loss,-2.6890766620635986
90349,train_loss,-2.535553216934204
90399,train_loss,-2.7899816036224365
90449,train_loss,-2.677619218826294
90499,train_loss,-2.6127026081085205
90549,train_loss,-2.9816677570343018
90599,train_loss,-2.8252522945404053
90649,train_loss,-2.957655429840088
90699,train_loss,-2.6095545291900635
90749,train_loss,-2.8170816898345947
90799,train_loss,-2.6574323177337646
90849,train_loss,-2.7766618728637695
90899,train_loss,-2.7242510318756104
90949,train_loss,-2.85996675491333
90999,train_loss,-2.6905126571655273
91049,train_loss,-2.768960475921631
91099,train_loss,-2.813004493713379
91149,train_loss,-2.6615195274353027
91199,train_loss,-2.6608684062957764
91249,train_loss,-2.6676371097564697
91299,train_loss,-2.610231637954712
91349,train_loss,-2.731703996658325
91399,train_loss,-2.992398977279663
91449,train_loss,-3.015343427658081
91499,train_loss,-2.679486036300659
91549,train_loss,-2.780291795730591
91599,train_loss,-2.7629003524780273
91649,train_loss,-2.9085147380828857
91699,train_loss,-2.7616043090820312
91749,train_loss,-2.9609031677246094
91799,train_loss,-3.024021625518799
91849,train_loss,-2.8228306770324707
91899,train_loss,-2.809373140335083
91949,train_loss,-2.9153261184692383
91999,train_loss,-2.5819430351257324
92049,train_loss,-2.8386785984039307
92099,train_loss,-2.905022382736206
92149,train_loss,-2.6399571895599365
92199,train_loss,-2.7066590785980225
92249,train_loss,-2.561825752258301
92299,train_loss,-2.6720528602600098
92349,train_loss,-2.670062303543091
92399,train_loss,-2.799038887023926
92449,train_loss,-2.388472080230713
92499,train_loss,-2.723064661026001
92549,train_loss,-2.6617536544799805
92599,train_loss,-2.669116497039795
92649,train_loss,-2.7273035049438477
92699,train_loss,-2.5934407711029053
92749,train_loss,-2.7824933528900146
92799,train_loss,-2.8191134929656982
92849,train_loss,-2.9198906421661377
92899,train_loss,-2.4438772201538086
92949,train_loss,-2.690829277038574
92999,train_loss,-2.89064359664917
93049,train_loss,-2.6384360790252686
93099,train_loss,-2.8590097427368164
93149,train_loss,-2.4111852645874023
93199,train_loss,-2.703648090362549
93249,train_loss,-2.980550765991211
93299,train_loss,-2.69008731842041
93349,train_loss,-2.686012029647827
93399,train_loss,-2.457412004470825
93449,train_loss,-2.610508918762207
93499,train_loss,-2.7807393074035645
93549,train_loss,-2.450737237930298
93599,train_loss,-2.8168957233428955
93649,train_loss,-2.5882034301757812
93699,train_loss,-2.397657632827759
93749,train_loss,-2.8198955059051514
93799,train_loss,-2.714970111846924
93849,train_loss,-2.571092367172241
93899,train_loss,-2.7462363243103027
93949,train_loss,-2.8344149589538574
93999,train_loss,-2.7025890350341797
94049,train_loss,-2.6446166038513184
94099,train_loss,-2.9001221656799316
94149,train_loss,-2.8509461879730225
94199,train_loss,-3.038363456726074
94249,train_loss,-2.7457404136657715
94299,train_loss,-2.987607717514038
94349,train_loss,-2.8420848846435547
94399,train_loss,-2.8099236488342285
94449,train_loss,-2.483720302581787
94499,train_loss,-2.8654890060424805
94549,train_loss,-2.6866517066955566
94599,train_loss,-2.832542657852173
94649,train_loss,-2.6995346546173096
94699,train_loss,-2.910521984100342
94749,train_loss,-2.5765063762664795
94799,train_loss,-2.613851308822632
94849,train_loss,-2.8434157371520996
94899,train_loss,-2.64245867729187
94949,train_loss,-2.9095821380615234
94999,train_loss,-2.804002046585083
95049,train_loss,-2.872448682785034
95099,train_loss,-2.8928112983703613
95149,train_loss,-3.015742063522339
95199,train_loss,-2.6119370460510254
95249,train_loss,-2.5764870643615723
95299,train_loss,-2.799621105194092
95349,train_loss,-2.7625584602355957
95399,train_loss,-2.6066389083862305
95449,train_loss,-2.844808340072632
95499,train_loss,-2.667874813079834
95549,train_loss,-2.6608409881591797
95599,train_loss,-2.7587780952453613
95649,train_loss,-2.95353627204895
95699,train_loss,-2.8790855407714844
95749,train_loss,-2.784376382827759
95799,train_loss,-2.619011163711548
95849,train_loss,-2.8314530849456787
95899,train_loss,-2.8493027687072754
95949,train_loss,-2.907475709915161
95999,train_loss,-2.689209222793579
96049,train_loss,-2.5267906188964844
96099,train_loss,-2.766303062438965
96149,train_loss,-2.0031309127807617
96199,train_loss,-2.7351748943328857
96249,train_loss,-2.829977512359619
96299,train_loss,-2.5821926593780518
96349,train_loss,-2.6807281970977783
96399,train_loss,-3.040750026702881
96449,train_loss,-2.617792844772339
96499,train_loss,-2.80879545211792
96549,train_loss,-2.618408203125
96599,train_loss,-2.91023588180542
96649,train_loss,-2.783061981201172
96699,train_loss,-2.6675524711608887
96749,train_loss,-2.7813422679901123
96799,train_loss,-2.6290500164031982
96849,train_loss,-2.8290905952453613
96899,train_loss,-2.6136488914489746
96949,train_loss,-2.7713379859924316
96999,train_loss,-2.652374744415283
97049,train_loss,-2.787388801574707
97099,train_loss,-2.6483476161956787
97149,train_loss,-2.906696081161499
97199,train_loss,-2.68686580657959
97249,train_loss,-3.112433910369873
97299,train_loss,-2.651336669921875
97349,train_loss,-2.747180461883545
97399,train_loss,-2.8183465003967285
97449,train_loss,-2.622901201248169
97499,train_loss,-2.8226873874664307
97549,train_loss,-2.6523962020874023
97599,train_loss,-2.844956159591675
97649,train_loss,-2.3506596088409424
97699,train_loss,-2.7153899669647217
97749,train_loss,-2.7115836143493652
97799,train_loss,-3.0576443672180176
97849,train_loss,-2.348367691040039
97899,train_loss,-2.4237277507781982
97949,train_loss,-3.101510763168335
97999,train_loss,-2.668121576309204
98049,train_loss,-2.6736180782318115
98099,train_loss,-2.87237286567688
98149,train_loss,-2.576718330383301
98199,train_loss,-2.835904836654663
98249,train_loss,-2.87105393409729
98299,train_loss,-2.7112655639648438
98349,train_loss,-2.9461779594421387
98399,train_loss,-2.585794448852539
98449,train_loss,-2.7420663833618164
98499,train_loss,-2.7397961616516113
98549,train_loss,-2.9628255367279053
98599,train_loss,-2.646700382232666
98649,train_loss,-2.915102005004883
98699,train_loss,-3.0590219497680664
98749,train_loss,-2.653071403503418
98799,train_loss,-2.9731605052948
98849,train_loss,-2.7877838611602783
98899,train_loss,-2.808082103729248
98949,train_loss,-3.165403366088867
98999,train_loss,-2.86737322807312
99049,train_loss,-2.790311574935913
99099,train_loss,-2.51482892036438
99149,train_loss,-2.809344530105591
99199,train_loss,-2.8690433502197266
99249,train_loss,-2.6892452239990234
99299,train_loss,-2.973792791366577
99349,train_loss,-2.7392313480377197
99399,train_loss,-2.585588216781616
99449,train_loss,-2.795929431915283
99499,train_loss,-2.5613322257995605
99549,train_loss,-2.368919610977173
99599,train_loss,-2.748039484024048
99649,train_loss,-2.7358593940734863
99699,train_loss,-2.6990668773651123
99749,train_loss,-2.7318594455718994
99799,train_loss,-2.611356496810913
99849,train_loss,-2.772503137588501
99899,train_loss,-2.6850013732910156
99949,train_loss,-2.761603593826294
99999,train_loss,-2.9508140087127686
100049,train_loss,-2.8225603103637695
100099,train_loss,-2.737471342086792
100149,train_loss,-2.7867848873138428
100199,train_loss,-2.708397150039673
100249,train_loss,-3.158759355545044
100299,train_loss,-2.6768431663513184
100349,train_loss,-2.849712610244751
100399,train_loss,-2.8861312866210938
100449,train_loss,-2.8539199829101562
100499,train_loss,-2.5823276042938232
100549,train_loss,-2.9142773151397705
100599,train_loss,-2.8427233695983887
100649,train_loss,-2.0355660915374756
100699,train_loss,-2.761974573135376
100749,train_loss,-2.8884100914001465
100799,train_loss,-2.982243061065674
100849,train_loss,-2.9167020320892334
100899,train_loss,-2.983879566192627
100949,train_loss,-2.995601177215576
100999,train_loss,-2.888594388961792
101049,train_loss,-2.7773678302764893
101099,train_loss,-2.5863208770751953
101149,train_loss,-2.742007255554199
101199,train_loss,-2.579005002975464
101249,train_loss,-2.4395697116851807
101299,train_loss,-2.6207377910614014
101349,train_loss,-2.7043068408966064
101399,train_loss,-2.8117189407348633
101449,train_loss,-2.9002463817596436
101499,train_loss,-2.89454984664917
101549,train_loss,-2.6069884300231934
101599,train_loss,-2.88336443901062
101649,train_loss,-2.889559507369995
101699,train_loss,-2.722078800201416
101749,train_loss,-2.687610626220703
101799,train_loss,-2.68926739692688
101849,train_loss,-2.963411808013916
101899,train_loss,-3.037546396255493
101949,train_loss,-2.9392638206481934
101999,train_loss,-2.789599657058716
102049,train_loss,-2.782022714614868
102099,train_loss,-2.736337184906006
102149,train_loss,-2.5840280055999756
102199,train_loss,-3.0737712383270264
102249,train_loss,-2.7585525512695312
102299,train_loss,-3.0082290172576904
102349,train_loss,-2.7590653896331787
102399,train_loss,-2.622408866882324
102449,train_loss,-2.9443109035491943
102499,train_loss,-2.6180458068847656
102549,train_loss,-2.7547054290771484
102599,train_loss,-2.685802936553955
102649,train_loss,-2.9606776237487793
102699,train_loss,-2.526841640472412
102749,train_loss,-2.950504779815674
102799,train_loss,-2.868797540664673
102849,train_loss,-3.054278612136841
102899,train_loss,-2.8934614658355713
102949,train_loss,-2.6944358348846436
102999,train_loss,-2.456364631652832
103049,train_loss,-2.726163625717163
103099,train_loss,-2.579979181289673
103149,train_loss,-2.722339630126953
103199,train_loss,-2.508359670639038
103249,train_loss,-2.4111781120300293
103299,train_loss,-2.84558367729187
103349,train_loss,-2.847242593765259
103399,train_loss,-2.734194755554199
103449,train_loss,-2.5325052738189697
103499,train_loss,-2.8029086589813232
103549,train_loss,-2.74930477142334
103599,train_loss,-2.722533941268921
103649,train_loss,-2.661346673965454
103699,train_loss,-2.839421272277832
103749,train_loss,-3.1277778148651123
103799,train_loss,-2.8446335792541504
103849,train_loss,-2.603362560272217
103899,train_loss,-2.8411855697631836
103949,train_loss,-3.0702192783355713
103999,train_loss,-2.7312488555908203
104049,train_loss,-2.831617832183838
104099,train_loss,-2.564633846282959
104149,train_loss,-2.8110320568084717
104199,train_loss,-2.750784158706665
104249,train_loss,-2.6033995151519775
104299,train_loss,-2.7783539295196533
104349,train_loss,-2.781864881515503
104399,train_loss,-2.5770344734191895
104449,train_loss,-2.678689956665039
104499,train_loss,-2.8646240234375
104549,train_loss,-3.0091474056243896
104599,train_loss,-2.753418445587158
104649,train_loss,-2.749376058578491
104699,train_loss,-2.5523998737335205
104749,train_loss,-2.7688310146331787
104799,train_loss,-2.8173017501831055
104849,train_loss,-2.9514803886413574
104899,train_loss,-2.9720706939697266
104949,train_loss,-2.7304723262786865
104999,train_loss,-2.968590497970581
105049,train_loss,-2.756925344467163
105099,train_loss,-2.690825939178467
105149,train_loss,-2.9482383728027344
105199,train_loss,-2.8139631748199463
105249,train_loss,-2.935917615890503
105299,train_loss,-2.9879541397094727
105349,train_loss,-2.80307936668396
105399,train_loss,-2.889212131500244
105449,train_loss,-2.7257556915283203
105499,train_loss,-2.6434154510498047
105549,train_loss,-2.885657548904419
105599,train_loss,-2.4951510429382324
105649,train_loss,-2.69735050201416
105699,train_loss,-2.669750452041626
105749,train_loss,-2.9355950355529785
105799,train_loss,-2.5608696937561035
105849,train_loss,-2.8943231105804443
105899,train_loss,-2.8938682079315186
105949,train_loss,-2.8396873474121094
105999,train_loss,-2.751620292663574
106049,train_loss,-2.691147804260254
106099,train_loss,-2.821803569793701
106149,train_loss,-2.752326011657715
106199,train_loss,-2.5698859691619873
106249,train_loss,-2.921658515930176
106299,train_loss,-2.8694725036621094
106349,train_loss,-3.156497001647949
106399,train_loss,-2.746263027191162
106449,train_loss,-2.882793664932251
106499,train_loss,-2.678321361541748
106549,train_loss,-2.9348459243774414
106599,train_loss,-2.7583885192871094
106649,train_loss,-3.2451956272125244
106699,train_loss,-2.7898659706115723
106749,train_loss,-2.7158210277557373
106799,train_loss,-2.668893575668335
106849,train_loss,-2.7445082664489746
106899,train_loss,-2.651557683944702
106949,train_loss,-2.849557638168335
106999,train_loss,-2.795436382293701
107049,train_loss,-2.7030210494995117
107099,train_loss,-2.5699920654296875
107149,train_loss,-3.004514455795288
107199,train_loss,-2.5575575828552246
107249,train_loss,-2.887479543685913
107299,train_loss,-2.7978451251983643
107349,train_loss,-2.9972519874572754
107399,train_loss,-2.87800931930542
107449,train_loss,-2.8383548259735107
107499,train_loss,-2.6164438724517822
107549,train_loss,-2.562997579574585
107599,train_loss,-2.837636947631836
107649,train_loss,-2.5830883979797363
107699,train_loss,-2.362950563430786
107749,train_loss,-2.7576329708099365
107799,train_loss,-2.6590540409088135
107849,train_loss,-2.62001633644104
107899,train_loss,-2.74194073677063
107949,train_loss,-2.6483821868896484
107999,train_loss,-2.6901957988739014
108049,train_loss,-2.9381935596466064
108099,train_loss,-2.7869598865509033
108149,train_loss,-2.5367705821990967
108199,train_loss,-2.8494718074798584
108249,train_loss,-2.571481227874756
108299,train_loss,-2.8876380920410156
108349,train_loss,-2.5109798908233643
108399,train_loss,-2.2889723777770996
108449,train_loss,-2.885059356689453
108499,train_loss,-2.472809076309204
108549,train_loss,-2.7322239875793457
108599,train_loss,-3.105991840362549
108649,train_loss,-2.683753252029419
108699,train_loss,-2.8880157470703125
108749,train_loss,-2.57574725151062
108799,train_loss,-2.900385856628418
108849,train_loss,-2.961522102355957
108899,train_loss,-2.846705198287964
108949,train_loss,-2.9435296058654785
108999,train_loss,-2.641488790512085
109049,train_loss,-2.8719170093536377
109099,train_loss,-2.8545286655426025
109149,train_loss,-2.6108245849609375
109199,train_loss,-2.9057130813598633
109249,train_loss,-2.7975964546203613
109299,train_loss,-2.6029677391052246
109349,train_loss,-2.50008487701416
109399,train_loss,-3.0272557735443115
109449,train_loss,-2.7849559783935547
109499,train_loss,-2.6611127853393555
109549,train_loss,-2.865295886993408
109599,train_loss,-2.8308606147766113
109649,train_loss,-2.7388319969177246
109699,train_loss,-2.834864854812622
109749,train_loss,-3.0093071460723877
109799,train_loss,-2.728865385055542
109849,train_loss,-2.6595940589904785
109899,train_loss,-2.6194210052490234
109949,train_loss,-2.7817494869232178
109999,train_loss,-2.5640087127685547
110049,train_loss,-2.634258508682251
110099,train_loss,-2.384270191192627
110149,train_loss,-2.7469303607940674
110199,train_loss,-2.6996726989746094
110249,train_loss,-2.8913230895996094
110299,train_loss,-2.541252374649048
110349,train_loss,-2.959937334060669
110399,train_loss,-2.5668740272521973
110449,train_loss,-2.6990718841552734
110499,train_loss,-2.6455237865448
110549,train_loss,-2.8236629962921143
110599,train_loss,-2.552253007888794
110649,train_loss,-2.4502599239349365
110699,train_loss,-2.6082029342651367
110749,train_loss,-2.682246446609497
110799,train_loss,-2.553941488265991
110849,train_loss,-2.9497182369232178
110899,train_loss,-2.6194283962249756
110949,train_loss,-2.6815102100372314
110999,train_loss,-2.801938056945801
111049,train_loss,-2.7473669052124023
111099,train_loss,-2.7310450077056885
111149,train_loss,-2.6046814918518066
111199,train_loss,-2.6496095657348633
111249,train_loss,-2.9922406673431396
111299,train_loss,-2.7822258472442627
111349,train_loss,-2.4856698513031006
111399,train_loss,-2.915966510772705
111449,train_loss,-2.8402180671691895
111499,train_loss,-2.458345651626587
111549,train_loss,-2.9675633907318115
111599,train_loss,-2.9318552017211914
111649,train_loss,-2.610140085220337
111699,train_loss,-2.7628819942474365
111749,train_loss,-3.07771372795105
111799,train_loss,-2.9501850605010986
111849,train_loss,-2.6120798587799072
111899,train_loss,-2.6308727264404297
111949,train_loss,-2.698444128036499
111999,train_loss,-2.666229009628296
112049,train_loss,-3.048182487487793
112099,train_loss,-2.674139976501465
112149,train_loss,-2.644221544265747
112199,train_loss,-2.869504690170288
112249,train_loss,-2.581092119216919
112299,train_loss,-2.757984161376953
112349,train_loss,-2.7911510467529297
112399,train_loss,-2.573246717453003
112449,train_loss,-2.765315294265747
112499,train_loss,-2.690734624862671
112549,train_loss,-2.621309995651245
112599,train_loss,-2.8947253227233887
112649,train_loss,-2.6846187114715576
112699,train_loss,-2.8760554790496826
112749,train_loss,-2.628497362136841
112799,train_loss,-2.74505352973938
112849,train_loss,-2.711918830871582
112899,train_loss,-2.8529012203216553
112949,train_loss,-2.570866346359253
112999,train_loss,-2.570892810821533
113049,train_loss,-2.4888248443603516
113099,train_loss,-2.4935405254364014
113149,train_loss,-2.4450013637542725
113199,train_loss,-2.9989728927612305
113249,train_loss,-2.4845564365386963
113299,train_loss,-2.630185127258301
113349,train_loss,-3.0032246112823486
113399,train_loss,-1.8170733451843262
113449,train_loss,-2.7725651264190674
113499,train_loss,-3.069126605987549
113549,train_loss,-2.6484570503234863
113599,train_loss,-2.9191620349884033
113649,train_loss,-2.6443328857421875
113699,train_loss,-2.7055087089538574
113749,train_loss,-2.784951686859131
113799,train_loss,-2.850033760070801
113849,train_loss,-2.8699216842651367
113899,train_loss,-2.790409803390503
113949,train_loss,-2.413121223449707
113999,train_loss,-3.144411325454712
114049,train_loss,-2.782736301422119
114099,train_loss,-2.698132038116455
114149,train_loss,-2.6990015506744385
114199,train_loss,-2.8661820888519287
114249,train_loss,-2.902836322784424
114299,train_loss,-2.5732717514038086
114349,train_loss,-3.0834243297576904
114399,train_loss,-2.4776339530944824
114449,train_loss,-2.7711021900177
114499,train_loss,-2.8160054683685303
114549,train_loss,-2.984503984451294
114599,train_loss,-2.626673936843872
114649,train_loss,-2.949033737182617
114699,train_loss,-2.840980052947998
114749,train_loss,-2.722285032272339
114799,train_loss,-2.7497305870056152
114849,train_loss,-2.8252627849578857
114899,train_loss,-2.712977886199951
114949,train_loss,-2.8696975708007812
114999,train_loss,-2.5887844562530518
115049,train_loss,-2.553440809249878
115099,train_loss,-2.95886492729187
115149,train_loss,-2.952690839767456
115199,train_loss,-2.9262993335723877
115249,train_loss,-2.8873424530029297
115299,train_loss,-2.9079065322875977
115349,train_loss,-2.671884775161743
115399,train_loss,-2.7749032974243164
115449,train_loss,-2.7267720699310303
115499,train_loss,-2.963202953338623
115549,train_loss,-2.766103506088257
115599,train_loss,-3.125717878341675
115649,train_loss,-2.473289966583252
115699,train_loss,-2.808789014816284
115749,train_loss,-2.492841958999634
115799,train_loss,-2.6321096420288086
115849,train_loss,-2.7840657234191895
115899,train_loss,-2.4816205501556396
115949,train_loss,-2.502319812774658
115999,train_loss,-3.0501773357391357
116049,train_loss,-2.8843812942504883
116099,train_loss,-3.0810067653656006
116149,train_loss,-2.7806081771850586
116199,train_loss,-2.4585022926330566
116249,train_loss,-2.7224488258361816
116299,train_loss,-2.9538779258728027
116349,train_loss,-2.8465538024902344
116399,train_loss,-2.6576666831970215
116449,train_loss,-2.934215784072876
116499,train_loss,-2.664309501647949
116549,train_loss,-2.904278516769409
116599,train_loss,-2.8032631874084473
116649,train_loss,-2.846858263015747
116699,train_loss,-2.829134941101074
116749,train_loss,-2.8021132946014404
116799,train_loss,-2.516266345977783
116849,train_loss,-2.81595778465271
116899,train_loss,-2.5961599349975586
116949,train_loss,-2.624004602432251
116999,train_loss,-2.4956321716308594
117049,train_loss,-2.6985371112823486
117099,train_loss,-2.825260639190674
117149,train_loss,-2.5539748668670654
117199,train_loss,-2.753570795059204
117249,train_loss,-2.8674352169036865
117299,train_loss,-2.7523722648620605
117349,train_loss,-2.9159815311431885
117399,train_loss,-2.8400251865386963
117449,train_loss,-2.8469905853271484
117499,train_loss,-2.519228219985962
117549,train_loss,-2.5605051517486572
117599,train_loss,-3.034245729446411
117649,train_loss,-2.90407395362854
117699,train_loss,-3.0522491931915283
117749,train_loss,-2.926321506500244
117799,train_loss,-2.66550874710083
117849,train_loss,-2.8104631900787354
117899,train_loss,-2.880314350128174
117949,train_loss,-2.9106223583221436
117999,train_loss,-2.8515193462371826
118049,train_loss,-2.9861133098602295
118099,train_loss,-2.6699631214141846
118149,train_loss,-2.886986255645752
118199,train_loss,-2.8389368057250977
118249,train_loss,-2.8978190422058105
118299,train_loss,-2.8399598598480225
118349,train_loss,-2.6396055221557617
118399,train_loss,-2.7021186351776123
118449,train_loss,-2.675898790359497
118499,train_loss,-2.792144298553467
118549,train_loss,-2.761789321899414
118599,train_loss,-2.7371792793273926
118649,train_loss,-2.972064971923828
118699,train_loss,-2.651704788208008
118749,train_loss,-2.4477572441101074
118799,train_loss,-2.809974193572998
118849,train_loss,-2.8902955055236816
118899,train_loss,-2.728525161743164
118949,train_loss,-2.63130259513855
118999,train_loss,-3.0581166744232178
119049,train_loss,-2.637354612350464
119099,train_loss,-2.7378296852111816
119149,train_loss,-2.354356288909912
119199,train_loss,-2.7321486473083496
119249,train_loss,-2.867213487625122
119299,train_loss,-2.9124233722686768
119349,train_loss,-2.7710955142974854
119399,train_loss,-2.5325474739074707
119449,train_loss,-2.763216733932495
119499,train_loss,-2.5220870971679688
119549,train_loss,-2.7272300720214844
119599,train_loss,-2.667945146560669
119649,train_loss,-2.73592209815979
119699,train_loss,-2.771789312362671
119749,train_loss,-2.9497487545013428
119799,train_loss,-3.1308932304382324
119849,train_loss,-2.8262624740600586
119899,train_loss,-2.9715869426727295
119949,train_loss,-2.724405527114868
119999,train_loss,-2.7171876430511475
120049,train_loss,-2.895670175552368
120099,train_loss,-2.6488630771636963
120149,train_loss,-3.071603536605835
120199,train_loss,-2.731825113296509
120249,train_loss,-2.8699586391448975
120299,train_loss,-3.057178258895874
120349,train_loss,-2.647423267364502
120399,train_loss,-2.5798871517181396
120449,train_loss,-2.963454484939575
120499,train_loss,-2.76369047164917
120549,train_loss,-2.89599871635437
120599,train_loss,-2.630164623260498
120649,train_loss,-2.8489489555358887
120699,train_loss,-2.6994028091430664
120749,train_loss,-2.658430337905884
120799,train_loss,-2.812316656112671
120849,train_loss,-2.81038761138916
120899,train_loss,-2.810082197189331
120949,train_loss,-2.672145366668701
120999,train_loss,-2.6039204597473145
121049,train_loss,-2.669781446456909
121099,train_loss,-2.7079246044158936
121149,train_loss,-2.584092378616333
121199,train_loss,-2.8198273181915283
121249,train_loss,-2.697382926940918
121299,train_loss,-2.7297911643981934
121349,train_loss,-2.689509868621826
121399,train_loss,-2.6765191555023193
121449,train_loss,-2.674494743347168
121499,train_loss,-2.9948582649230957
121549,train_loss,-2.701702117919922
121599,train_loss,-2.7664506435394287
121649,train_loss,-2.70881724357605
121699,train_loss,-2.7812228202819824
121749,train_loss,-2.7824785709381104
121799,train_loss,-2.8339593410491943
121849,train_loss,-2.8537607192993164
121899,train_loss,-2.691413640975952
121949,train_loss,-2.7351131439208984
121999,train_loss,-2.661473274230957
122049,train_loss,-2.80212664604187
122099,train_loss,-2.8243019580841064
122149,train_loss,-2.8788416385650635
122199,train_loss,-3.0443780422210693
122249,train_loss,-2.79923152923584
122299,train_loss,-2.866873025894165
122349,train_loss,-2.7399682998657227
122399,train_loss,-2.81209659576416
122449,train_loss,-2.8656182289123535
122499,train_loss,-2.601036787033081
122549,train_loss,-2.864802122116089
122599,train_loss,-2.7541890144348145
122649,train_loss,-2.778013229370117
122699,train_loss,-2.780947208404541
122749,train_loss,-2.6547207832336426
122799,train_loss,-2.9560301303863525
122849,train_loss,-2.670414447784424
122899,train_loss,-2.882352352142334
122949,train_loss,-2.7629919052124023
122999,train_loss,-2.744002103805542
123049,train_loss,-2.979185104370117
123099,train_loss,-3.132035255432129
123149,train_loss,-2.7358689308166504
123199,train_loss,-2.813194990158081
123249,train_loss,-2.8027613162994385
123299,train_loss,-2.6023077964782715
123349,train_loss,-2.779430866241455
123399,train_loss,-2.8544750213623047
123449,train_loss,-2.591798782348633
123499,train_loss,-2.8021035194396973
123549,train_loss,-2.8916943073272705
123599,train_loss,-2.4112842082977295
123649,train_loss,-2.890416145324707
123699,train_loss,-2.7949564456939697
123749,train_loss,-2.662292003631592
123799,train_loss,-2.958699941635132
123849,train_loss,-2.933128833770752
123899,train_loss,-2.8999412059783936
123949,train_loss,-2.8714523315429688
123999,train_loss,-2.7106714248657227
124049,train_loss,-2.5052247047424316
124099,train_loss,-2.601710796356201
124149,train_loss,-2.9192636013031006
124199,train_loss,-2.780618190765381
124249,train_loss,-2.8058652877807617
124299,train_loss,-2.837350845336914
124349,train_loss,-2.763204336166382
124399,train_loss,-2.6311824321746826
124449,train_loss,-2.6891019344329834
124499,train_loss,-2.831254720687866
124549,train_loss,-2.7009263038635254
124599,train_loss,-3.0150787830352783
124649,train_loss,-3.119490146636963
124699,train_loss,-2.870570182800293
124749,train_loss,-2.753488302230835
124799,train_loss,-2.730429172515869
124849,train_loss,-2.783756732940674
124899,train_loss,-2.648855686187744
124949,train_loss,-2.7968385219573975
124999,train_loss,-2.73923659324646
125049,train_loss,-2.318371534347534
125099,train_loss,-2.39921236038208
125149,train_loss,-2.588198661804199
125199,train_loss,-2.6823339462280273
125249,train_loss,-2.9603233337402344
125299,train_loss,-2.802872657775879
125349,train_loss,-3.1538727283477783
125399,train_loss,-2.7025301456451416
125449,train_loss,-2.3803963661193848
125499,train_loss,-3.1679069995880127
125549,train_loss,-2.6229913234710693
125599,train_loss,-2.979320764541626
125649,train_loss,-2.7374000549316406
125699,train_loss,-2.647723436355591
125749,train_loss,-2.734549045562744
125799,train_loss,-3.119284152984619
125849,train_loss,-2.531865119934082
125899,train_loss,-2.698150634765625
125949,train_loss,-2.8497228622436523
125999,train_loss,-2.6561458110809326
126049,train_loss,-3.023031711578369
126099,train_loss,-2.7185332775115967
126149,train_loss,-3.112579584121704
126199,train_loss,-2.758795976638794
126249,train_loss,-2.78547739982605
126299,train_loss,-2.659221649169922
126349,train_loss,-2.6397387981414795
126399,train_loss,-2.898737907409668
126449,train_loss,-2.906120777130127
126499,train_loss,-2.7423460483551025
126549,train_loss,-2.9003164768218994
126599,train_loss,-2.486687183380127
126649,train_loss,-2.810420513153076
126699,train_loss,-2.8210952281951904
126749,train_loss,-2.735008955001831
126799,train_loss,-2.8521552085876465
126849,train_loss,-2.6203954219818115
126899,train_loss,-2.685307025909424
126949,train_loss,-2.7209835052490234
126999,train_loss,-2.9186458587646484
127049,train_loss,-2.8847298622131348
127099,train_loss,-2.8508260250091553
127149,train_loss,-2.975651741027832
127199,train_loss,-2.457225799560547
127249,train_loss,-2.709005832672119
127299,train_loss,-2.6594340801239014
127349,train_loss,-2.5897672176361084
127399,train_loss,-2.8934314250946045
127449,train_loss,-2.8831143379211426
127499,train_loss,-2.5426523685455322
127549,train_loss,-2.857612133026123
127599,train_loss,-2.6813788414001465
127649,train_loss,-2.929969310760498
127699,train_loss,-2.9126815795898438
127749,train_loss,-2.6098997592926025
127799,train_loss,-2.6665561199188232
127849,train_loss,-2.8427584171295166
127899,train_loss,-2.9022395610809326
127949,train_loss,-2.397184133529663
127999,train_loss,-2.8604466915130615
128049,train_loss,-2.8747777938842773
128099,train_loss,-2.817948341369629
128149,train_loss,-2.6332449913024902
128199,train_loss,-2.850902795791626
128249,train_loss,-2.985356569290161
128299,train_loss,-2.8246829509735107
128349,train_loss,-2.694566488265991
128399,train_loss,-2.6593735218048096
128449,train_loss,-2.9284205436706543
128499,train_loss,-2.7731714248657227
128549,train_loss,-2.7856295108795166
128599,train_loss,-2.854558229446411
128649,train_loss,-2.6078648567199707
128699,train_loss,-2.727480888366699
128749,train_loss,-2.781590223312378
128799,train_loss,-2.8190877437591553
128849,train_loss,-2.7510616779327393
128899,train_loss,-2.804677724838257
128949,train_loss,-2.9586122035980225
128999,train_loss,-2.7258458137512207
129049,train_loss,-2.730698823928833
129099,train_loss,-2.833130359649658
129149,train_loss,-2.775705099105835
129199,train_loss,-2.6794960498809814
129249,train_loss,-2.8736181259155273
129299,train_loss,-2.786628246307373
129349,train_loss,-2.83808970451355
129399,train_loss,-2.792248487472534
129449,train_loss,-2.9301581382751465
129499,train_loss,-2.6487014293670654
129549,train_loss,-2.6141469478607178
129599,train_loss,-2.9425413608551025
129649,train_loss,-2.7338831424713135
129699,train_loss,-3.0279958248138428
129749,train_loss,-2.8444745540618896
129799,train_loss,-2.7028493881225586
129849,train_loss,-2.729623556137085
129899,train_loss,-2.9615304470062256
129949,train_loss,-2.940481662750244
129999,train_loss,-2.6367504596710205
130049,train_loss,-2.926640033721924
130099,train_loss,-2.6615638732910156
130149,train_loss,-2.642381429672241
130199,train_loss,-2.7692227363586426
130249,train_loss,-2.8842382431030273
130299,train_loss,-2.635723829269409
130349,train_loss,-2.944559097290039
130399,train_loss,-2.7820396423339844
130449,train_loss,-2.6767008304595947
130499,train_loss,-2.8436548709869385
130549,train_loss,-2.901313066482544
130599,train_loss,-2.6598567962646484
130649,train_loss,-2.7568700313568115
130699,train_loss,-2.929893970489502
130749,train_loss,-2.6233277320861816
130799,train_loss,-2.684217929840088
130849,train_loss,-2.713488817214966
130899,train_loss,-2.971268653869629
130949,train_loss,-3.0627353191375732
130999,train_loss,-2.8245277404785156
131049,train_loss,-2.9458260536193848
131099,train_loss,-2.626584768295288
131149,train_loss,-3.2262916564941406
131199,train_loss,-2.62668514251709
131249,train_loss,-2.9817590713500977
131299,train_loss,-2.807100296020508
131349,train_loss,-2.9114553928375244
131399,train_loss,-2.7369813919067383
131449,train_loss,-2.5984179973602295
131499,train_loss,-2.9713797569274902
131549,train_loss,-2.8034839630126953
131599,train_loss,-2.862118721008301
131649,train_loss,-2.859492063522339
131699,train_loss,-2.815892457962036
131749,train_loss,-2.5663022994995117
131799,train_loss,-2.696869373321533
131849,train_loss,-2.719653606414795
131899,train_loss,-2.884615182876587
131949,train_loss,-2.5546646118164062
131999,train_loss,-2.9647040367126465
132049,train_loss,-2.856926202774048
132099,train_loss,-2.6583285331726074
132149,train_loss,-2.763291597366333
132199,train_loss,-2.3844552040100098
132249,train_loss,-2.743271827697754
132299,train_loss,-2.7865121364593506
132349,train_loss,-2.6860036849975586
132399,train_loss,-2.9545512199401855
132449,train_loss,-2.889340400695801
132499,train_loss,-2.941685676574707
132549,train_loss,-2.8678455352783203
132599,train_loss,-2.8990273475646973
132649,train_loss,-2.6569738388061523
132699,train_loss,-2.6506905555725098
132749,train_loss,-2.751711845397949
132799,train_loss,-2.623979330062866
132849,train_loss,-2.694950819015503
132899,train_loss,-2.826023578643799
132949,train_loss,-2.7727837562561035
132999,train_loss,-3.0075831413269043
133049,train_loss,-2.932006597518921
133099,train_loss,-2.6331632137298584
133149,train_loss,-2.7158689498901367
133199,train_loss,-2.7742509841918945
133249,train_loss,-2.8642752170562744
133299,train_loss,-2.7511231899261475
133349,train_loss,-2.665919065475464
133399,train_loss,-2.431636095046997
133449,train_loss,-2.5494191646575928
133499,train_loss,-2.632650852203369
133549,train_loss,-2.774872064590454
133599,train_loss,-2.62090802192688
133649,train_loss,-2.83622145652771
133699,train_loss,-2.9075331687927246
133749,train_loss,-2.780445098876953
133799,train_loss,-2.4963746070861816
133849,train_loss,-2.664534330368042
133899,train_loss,-2.8868260383605957
133949,train_loss,-2.675139904022217
133999,train_loss,-3.0292809009552
134049,train_loss,-2.5452709197998047
134099,train_loss,-3.0568814277648926
134149,train_loss,-2.738089084625244
134199,train_loss,-2.7833213806152344
134249,train_loss,-2.5491607189178467
134299,train_loss,-2.935924530029297
134349,train_loss,-2.488072633743286
134399,train_loss,-2.8156750202178955
134449,train_loss,-2.8757896423339844
134499,train_loss,-2.7719898223876953
134549,train_loss,-2.7944753170013428
134599,train_loss,-2.635796546936035
134649,train_loss,-2.844135284423828
134699,train_loss,-2.7528693675994873
134749,train_loss,-2.8568294048309326
134799,train_loss,-2.8188304901123047
134849,train_loss,-2.7090516090393066
134899,train_loss,-2.8790438175201416
134949,train_loss,-2.8252129554748535
134999,train_loss,-2.704118251800537
135049,train_loss,-2.8411378860473633
135099,train_loss,-2.69569993019104
135149,train_loss,-2.4951114654541016
135199,train_loss,-2.8007616996765137
135249,train_loss,-2.912964344024658
135299,train_loss,-2.7224531173706055
135349,train_loss,-2.7757370471954346
135399,train_loss,-2.8886940479278564
135449,train_loss,-2.7455618381500244
135499,train_loss,-2.6333024501800537
135549,train_loss,-2.5100901126861572
135599,train_loss,-2.6905159950256348
135649,train_loss,-2.890711784362793
135699,train_loss,-2.7708797454833984
135749,train_loss,-2.9662909507751465
135799,train_loss,-2.936666965484619
135849,train_loss,-2.5341756343841553
135899,train_loss,-2.728329658508301
135949,train_loss,-2.9426522254943848
135999,train_loss,-2.655306577682495
136049,train_loss,-2.8984923362731934
136099,train_loss,-2.5142998695373535
136149,train_loss,-2.8573575019836426
136199,train_loss,-2.6423401832580566
136249,train_loss,-3.038017511367798
136299,train_loss,-2.854306936264038
136349,train_loss,-2.8939836025238037
136399,train_loss,-2.9382686614990234
136449,train_loss,-3.147508382797241
136499,train_loss,-2.864666700363159
136549,train_loss,-2.7502315044403076
136599,train_loss,-2.610713005065918
136649,train_loss,-2.649547576904297
136699,train_loss,-2.8634145259857178
136749,train_loss,-2.6930251121520996
136799,train_loss,-2.732710599899292
136849,train_loss,-2.9426121711730957
136899,train_loss,-2.652632236480713
136949,train_loss,-3.0431251525878906
136999,train_loss,-2.796823740005493
137049,train_loss,-2.810483455657959
137099,train_loss,-2.6579527854919434
137149,train_loss,-2.841524362564087
137199,train_loss,-2.9274749755859375
137249,train_loss,-2.8887970447540283
137299,train_loss,-3.0906870365142822
137349,train_loss,-2.823901414871216
137399,train_loss,-2.8140311241149902
137449,train_loss,-3.125389575958252
137499,train_loss,-2.8841168880462646
137549,train_loss,-2.644652843475342
137599,train_loss,-2.626699209213257
137649,train_loss,-2.795534133911133
137699,train_loss,-2.604807138442993
137749,train_loss,-2.840362548828125
137799,train_loss,-2.8110976219177246
137849,train_loss,-2.985123634338379
137899,train_loss,-2.6209144592285156
137949,train_loss,-2.937164545059204
137999,train_loss,-2.8886754512786865
138049,train_loss,-2.633230686187744
138099,train_loss,-2.8307480812072754
138149,train_loss,-2.80267071723938
138199,train_loss,-2.81374192237854
138249,train_loss,-2.9096195697784424
138299,train_loss,-2.9557206630706787
138349,train_loss,-2.6515517234802246
138399,train_loss,-2.695871353149414
138449,train_loss,-2.6369481086730957
138499,train_loss,-2.884690761566162
138549,train_loss,-2.923198938369751
138599,train_loss,-2.9654288291931152
138649,train_loss,-2.649714231491089
138699,train_loss,-2.7478787899017334
138749,train_loss,-2.890505075454712
138799,train_loss,-2.853569746017456
138849,train_loss,-2.991007089614868
138899,train_loss,-2.9710018634796143
138949,train_loss,-2.681891918182373
138999,train_loss,-2.8302860260009766
139049,train_loss,-2.936973810195923
139099,train_loss,-2.8395309448242188
139149,train_loss,-2.996277093887329
139199,train_loss,-2.8133065700531006
139249,train_loss,-2.8590004444122314
139299,train_loss,-2.7994961738586426
139349,train_loss,-2.696597099304199
139399,train_loss,-2.7894225120544434
139449,train_loss,-2.630906820297241
139499,train_loss,-2.3792624473571777
139549,train_loss,-2.680845022201538
139599,train_loss,-2.885873794555664
139649,train_loss,-2.5351266860961914
139699,train_loss,-2.7067739963531494
139749,train_loss,-3.0311808586120605
139799,train_loss,-2.8570635318756104
139849,train_loss,-2.479637622833252
139899,train_loss,-2.6580991744995117
139949,train_loss,-3.103142261505127
139999,train_loss,-2.8499770164489746
140049,train_loss,-2.852966547012329
140099,train_loss,-2.827601909637451
140149,train_loss,-2.869002342224121
140199,train_loss,-2.4954922199249268
140249,train_loss,-2.8707516193389893
140299,train_loss,-2.6803576946258545
140349,train_loss,-2.8348495960235596
140399,train_loss,-2.7390573024749756
140449,train_loss,-2.725677013397217
140499,train_loss,-3.0014264583587646
140549,train_loss,-2.5233278274536133
140599,train_loss,-2.7739059925079346
140649,train_loss,-2.804732322692871
140699,train_loss,-2.7498154640197754
5627,val_metric,121.88526916503906
11255,val_metric,102.50731658935547
16883,val_metric,98.59334564208984
22511,val_metric,99.46012115478516
28139,val_metric,95.58898162841797
33767,val_metric,94.48556518554688
39395,val_metric,91.81169891357422
45023,val_metric,91.29595184326172
50651,val_metric,93.08930969238281
56279,val_metric,92.54328918457031
61910,val_metric,90.0195083618164
67538,val_metric,89.3157730102539
73166,val_metric,89.27909088134766
78794,val_metric,92.61546325683594
84422,val_metric,89.49142456054688
90050,val_metric,88.37443542480469
95678,val_metric,88.66032409667969
101306,val_metric,88.21868896484375
106934,val_metric,87.63447570800781
112562,val_metric,89.98360443115234
118193,val_metric,87.10780334472656
123821,val_metric,87.0119857788086
129449,val_metric,87.07091522216797
135077,val_metric,87.22512817382812
140705,val_metric,88.31412506103516
