step,tag,value
49,train_loss,19.939327239990234
99,train_loss,18.576313018798828
149,train_loss,17.64204216003418
199,train_loss,16.753618240356445
249,train_loss,16.0931396484375
299,train_loss,15.18962287902832
349,train_loss,14.410572052001953
399,train_loss,13.541966438293457
449,train_loss,12.693676948547363
499,train_loss,11.873529434204102
549,train_loss,11.024996757507324
599,train_loss,10.233674049377441
649,train_loss,9.414423942565918
699,train_loss,8.58974552154541
749,train_loss,7.883553981781006
799,train_loss,7.313648223876953
849,train_loss,6.616410255432129
899,train_loss,5.837022304534912
949,train_loss,5.555109977722168
999,train_loss,5.0575385093688965
1049,train_loss,4.755989074707031
1099,train_loss,4.481142997741699
1149,train_loss,4.2179083824157715
1199,train_loss,3.724940776824951
1249,train_loss,3.677999258041382
1299,train_loss,3.5086371898651123
1349,train_loss,3.5241053104400635
1399,train_loss,3.253133773803711
1449,train_loss,3.1036291122436523
1499,train_loss,3.12699556350708
1549,train_loss,2.9791417121887207
1599,train_loss,2.8187787532806396
1649,train_loss,2.810685634613037
1699,train_loss,2.752976894378662
1749,train_loss,2.6552200317382812
1799,train_loss,2.649836540222168
1849,train_loss,2.6790430545806885
1899,train_loss,2.603285551071167
1949,train_loss,2.61140513420105
1999,train_loss,2.6083145141601562
2049,train_loss,2.545633554458618
2099,train_loss,2.595885992050171
2149,train_loss,2.486558198928833
2199,train_loss,2.459859609603882
2249,train_loss,2.443206787109375
2299,train_loss,2.451253890991211
2349,train_loss,2.4491305351257324
2399,train_loss,2.4583632946014404
2449,train_loss,2.3926968574523926
2499,train_loss,2.3891730308532715
2549,train_loss,2.3702359199523926
2599,train_loss,2.398902654647827
2649,train_loss,2.293729543685913
2699,train_loss,2.318981647491455
2749,train_loss,2.2743773460388184
2799,train_loss,2.353698253631592
2849,train_loss,2.3405933380126953
2899,train_loss,2.2077810764312744
2949,train_loss,2.324622392654419
2999,train_loss,2.400749921798706
3049,train_loss,2.2617194652557373
3099,train_loss,2.263531446456909
3149,train_loss,2.215081214904785
3199,train_loss,2.169706106185913
3249,train_loss,2.2993576526641846
3299,train_loss,2.2824764251708984
3349,train_loss,2.1633403301239014
3399,train_loss,2.2662086486816406
3449,train_loss,2.3178088665008545
3499,train_loss,2.219283103942871
3549,train_loss,2.204918146133423
3599,train_loss,2.2193167209625244
3649,train_loss,2.1634631156921387
3699,train_loss,2.2228596210479736
3749,train_loss,2.1355741024017334
3799,train_loss,2.137349843978882
3849,train_loss,2.1827707290649414
3899,train_loss,2.120767593383789
3949,train_loss,2.1716275215148926
3999,train_loss,2.158935785293579
4049,train_loss,2.159313201904297
4099,train_loss,2.1354422569274902
4149,train_loss,2.148024320602417
4199,train_loss,2.116948366165161
4249,train_loss,2.0485174655914307
4299,train_loss,2.1110198497772217
4349,train_loss,2.113237142562866
4399,train_loss,2.134655237197876
4449,train_loss,2.0942625999450684
4499,train_loss,2.09397029876709
4549,train_loss,2.12211537361145
4599,train_loss,2.134030342102051
4649,train_loss,2.050104856491089
4699,train_loss,2.1277990341186523
4749,train_loss,2.0905346870422363
4799,train_loss,2.078080654144287
4849,train_loss,2.0587193965911865
4899,train_loss,2.0999131202697754
4949,train_loss,2.0923919677734375
4999,train_loss,2.0918402671813965
5049,train_loss,2.08249831199646
5099,train_loss,2.088057518005371
5149,train_loss,2.0793423652648926
5199,train_loss,2.1552574634552
5249,train_loss,2.0924103260040283
5299,train_loss,2.0351545810699463
5349,train_loss,2.0775301456451416
5399,train_loss,2.1015610694885254
5449,train_loss,2.023167371749878
5499,train_loss,2.0538599491119385
5549,train_loss,2.069385290145874
5599,train_loss,2.0039849281311035
5649,train_loss,1.9621831178665161
5699,train_loss,2.000173330307007
5749,train_loss,2.065523624420166
5799,train_loss,2.03757905960083
5849,train_loss,2.0633203983306885
5899,train_loss,2.0834107398986816
5949,train_loss,2.0573251247406006
5999,train_loss,2.0008530616760254
6049,train_loss,2.0413668155670166
6099,train_loss,2.0492935180664062
6149,train_loss,1.9819854497909546
6199,train_loss,1.9782923460006714
6249,train_loss,2.0137951374053955
6299,train_loss,2.01859974861145
6349,train_loss,1.9816100597381592
6399,train_loss,2.0440633296966553
6449,train_loss,2.0166070461273193
6499,train_loss,2.0229554176330566
6549,train_loss,1.983195424079895
6599,train_loss,1.983471155166626
6649,train_loss,1.9901294708251953
6699,train_loss,1.9693130254745483
6749,train_loss,1.9804892539978027
6799,train_loss,1.9246140718460083
6849,train_loss,2.0064499378204346
6899,train_loss,2.0533175468444824
6949,train_loss,1.9782463312149048
6999,train_loss,1.95888352394104
7049,train_loss,1.9481483697891235
7099,train_loss,1.9786888360977173
7149,train_loss,2.0287744998931885
7199,train_loss,1.9345310926437378
7249,train_loss,1.969860315322876
7299,train_loss,1.9133224487304688
7349,train_loss,1.959843397140503
7399,train_loss,1.9674086570739746
7449,train_loss,1.986367106437683
7499,train_loss,1.9571421146392822
7549,train_loss,1.9948546886444092
7599,train_loss,2.043895721435547
7649,train_loss,1.9923624992370605
7699,train_loss,2.0112626552581787
7749,train_loss,1.9246102571487427
7799,train_loss,1.9120219945907593
7849,train_loss,1.9296025037765503
7899,train_loss,1.9287083148956299
7949,train_loss,1.9786741733551025
7999,train_loss,1.9653512239456177
8049,train_loss,1.9066174030303955
8099,train_loss,2.0101475715637207
8149,train_loss,1.8953766822814941
8199,train_loss,1.9018542766571045
8249,train_loss,1.8258508443832397
8299,train_loss,1.9039438962936401
8349,train_loss,1.9421052932739258
8399,train_loss,1.9021406173706055
8449,train_loss,1.998370885848999
8499,train_loss,1.9229450225830078
8549,train_loss,1.9251766204833984
8599,train_loss,1.8318125009536743
8649,train_loss,1.8840389251708984
8699,train_loss,1.8946517705917358
8749,train_loss,1.918191909790039
8799,train_loss,1.9003010988235474
8849,train_loss,1.9708662033081055
8899,train_loss,1.9189051389694214
8949,train_loss,1.9488519430160522
8999,train_loss,1.9002325534820557
9049,train_loss,1.9059913158416748
9099,train_loss,1.879164695739746
9149,train_loss,1.8391021490097046
9199,train_loss,1.935734748840332
9249,train_loss,1.9114748239517212
9299,train_loss,1.7880133390426636
9349,train_loss,1.9064332246780396
9399,train_loss,1.8597136735916138
9449,train_loss,1.862245798110962
9499,train_loss,1.8498890399932861
9549,train_loss,1.8113768100738525
9599,train_loss,1.8338717222213745
9649,train_loss,1.8854892253875732
9699,train_loss,1.8483586311340332
9749,train_loss,1.8556290864944458
9799,train_loss,1.8244550228118896
9849,train_loss,1.85897958278656
9899,train_loss,1.8232966661453247
9949,train_loss,1.8720521926879883
9999,train_loss,1.9072861671447754
10049,train_loss,1.8174842596054077
10099,train_loss,1.8847482204437256
10149,train_loss,1.862961769104004
10199,train_loss,1.8872476816177368
10249,train_loss,1.8460559844970703
10299,train_loss,1.8492412567138672
10349,train_loss,1.8814692497253418
10399,train_loss,1.8554954528808594
10449,train_loss,1.8957136869430542
10499,train_loss,1.8989123106002808
10549,train_loss,1.7945791482925415
10599,train_loss,1.822708010673523
10649,train_loss,1.8270237445831299
10699,train_loss,1.741950273513794
10749,train_loss,1.933974027633667
10799,train_loss,1.8341206312179565
10849,train_loss,1.9077060222625732
10899,train_loss,1.8550196886062622
10949,train_loss,1.7706272602081299
10999,train_loss,1.8825757503509521
11049,train_loss,1.8712252378463745
11099,train_loss,1.8620573282241821
11149,train_loss,1.8714911937713623
11199,train_loss,1.7952576875686646
11249,train_loss,1.820616602897644
11299,train_loss,1.9052797555923462
11349,train_loss,1.8494863510131836
11399,train_loss,1.8750165700912476
11449,train_loss,1.912203311920166
11499,train_loss,1.801927089691162
11549,train_loss,1.8728139400482178
11599,train_loss,1.8843913078308105
11649,train_loss,1.9161579608917236
11699,train_loss,1.9360041618347168
11749,train_loss,1.8990776538848877
11799,train_loss,1.7719995975494385
11849,train_loss,1.920653223991394
11899,train_loss,1.8367252349853516
11949,train_loss,1.8031518459320068
11999,train_loss,1.8171615600585938
12049,train_loss,1.8646273612976074
12099,train_loss,1.8963512182235718
12149,train_loss,1.8603370189666748
12199,train_loss,1.8456681966781616
12249,train_loss,1.7813458442687988
12299,train_loss,1.8360027074813843
12349,train_loss,1.8417290449142456
12399,train_loss,1.8496264219284058
12449,train_loss,1.8316854238510132
12499,train_loss,1.7668976783752441
12549,train_loss,1.8161336183547974
12599,train_loss,1.8201227188110352
12649,train_loss,1.7608975172042847
12699,train_loss,1.8927558660507202
12749,train_loss,1.875800371170044
12799,train_loss,1.8297827243804932
12849,train_loss,1.9242037534713745
12899,train_loss,1.9335203170776367
12949,train_loss,1.8019988536834717
12999,train_loss,1.7774498462677002
13049,train_loss,1.8110307455062866
13099,train_loss,1.8775099515914917
13149,train_loss,1.7779603004455566
13199,train_loss,1.8552587032318115
13249,train_loss,1.8481584787368774
13299,train_loss,1.7921987771987915
13349,train_loss,1.7533605098724365
13399,train_loss,1.8751518726348877
13449,train_loss,1.844894528388977
13499,train_loss,1.8428153991699219
13549,train_loss,1.795843482017517
13599,train_loss,1.8827605247497559
13649,train_loss,1.7815252542495728
13699,train_loss,1.8061052560806274
13749,train_loss,1.7989786863327026
13799,train_loss,1.8357031345367432
13849,train_loss,1.8059879541397095
13899,train_loss,1.8332998752593994
13949,train_loss,1.7671775817871094
13999,train_loss,1.824630856513977
14049,train_loss,1.8200767040252686
14099,train_loss,1.8113477230072021
14149,train_loss,1.7700525522232056
14199,train_loss,1.8472890853881836
14249,train_loss,1.8022254705429077
14299,train_loss,1.7541847229003906
14349,train_loss,1.7507224082946777
14399,train_loss,1.7819011211395264
14449,train_loss,1.8779950141906738
14499,train_loss,1.8244152069091797
14549,train_loss,1.822829008102417
14599,train_loss,1.8108289241790771
14649,train_loss,1.7726988792419434
14699,train_loss,1.8087645769119263
14749,train_loss,1.765414834022522
14799,train_loss,1.7834786176681519
14849,train_loss,1.7001923322677612
14899,train_loss,1.8331536054611206
14949,train_loss,1.7991888523101807
14999,train_loss,1.8804808855056763
15049,train_loss,1.85516357421875
15099,train_loss,1.7226552963256836
15149,train_loss,1.7638081312179565
15199,train_loss,1.8096171617507935
15249,train_loss,1.867131233215332
15299,train_loss,1.7934186458587646
15349,train_loss,1.7462804317474365
15399,train_loss,1.7808773517608643
15449,train_loss,1.758759617805481
15499,train_loss,1.749630093574524
15549,train_loss,1.7773219347000122
15599,train_loss,1.7550288438796997
15649,train_loss,1.8118603229522705
15699,train_loss,1.7208040952682495
15749,train_loss,1.819848656654358
15799,train_loss,1.8232802152633667
15849,train_loss,1.7979198694229126
15899,train_loss,1.8041359186172485
15949,train_loss,1.7601271867752075
15999,train_loss,1.7783092260360718
16049,train_loss,1.7951725721359253
16099,train_loss,1.806345820426941
16149,train_loss,1.7309843301773071
16199,train_loss,1.7916685342788696
16249,train_loss,1.7714903354644775
16299,train_loss,1.7479217052459717
16349,train_loss,1.7430740594863892
16399,train_loss,1.797251582145691
16449,train_loss,1.762333869934082
16499,train_loss,1.729853868484497
16549,train_loss,1.7898191213607788
16599,train_loss,1.8030277490615845
16649,train_loss,1.7829320430755615
16699,train_loss,1.7538515329360962
16749,train_loss,1.8237515687942505
16799,train_loss,1.7737828493118286
16849,train_loss,1.7781364917755127
16899,train_loss,1.8010914325714111
16949,train_loss,1.7602494955062866
16999,train_loss,1.8117326498031616
17049,train_loss,1.7882163524627686
17099,train_loss,1.8081425428390503
17149,train_loss,1.721147060394287
17199,train_loss,1.748294711112976
17249,train_loss,1.8034611940383911
17299,train_loss,1.7973201274871826
17349,train_loss,1.7206124067306519
17399,train_loss,1.8048874139785767
17449,train_loss,1.8390898704528809
17499,train_loss,1.6770515441894531
17549,train_loss,1.7497986555099487
17599,train_loss,1.7968555688858032
17649,train_loss,1.734348177909851
17699,train_loss,1.8148407936096191
17749,train_loss,1.7687046527862549
17799,train_loss,1.7176563739776611
17849,train_loss,1.7588224411010742
17899,train_loss,1.7593541145324707
17949,train_loss,1.8013898134231567
17999,train_loss,1.776261806488037
18049,train_loss,1.7051961421966553
18099,train_loss,1.7540992498397827
18149,train_loss,1.754582405090332
18199,train_loss,1.7584468126296997
18249,train_loss,1.7478893995285034
18299,train_loss,1.7318742275238037
18349,train_loss,1.70406174659729
18399,train_loss,1.8033804893493652
18449,train_loss,1.7881083488464355
18499,train_loss,1.8055696487426758
18549,train_loss,1.7784606218338013
18599,train_loss,1.7844014167785645
18649,train_loss,1.7791469097137451
18699,train_loss,1.7130740880966187
18749,train_loss,1.7550108432769775
18799,train_loss,1.814001202583313
18849,train_loss,1.73038649559021
18899,train_loss,1.725471019744873
18949,train_loss,1.761752963066101
18999,train_loss,1.7031326293945312
19049,train_loss,1.7090144157409668
19099,train_loss,1.6554374694824219
19149,train_loss,1.7871592044830322
19199,train_loss,1.7536139488220215
19249,train_loss,1.7614654302597046
19299,train_loss,1.8331652879714966
19349,train_loss,1.7511868476867676
19399,train_loss,1.740916132926941
19449,train_loss,1.6786346435546875
19499,train_loss,1.7809947729110718
19549,train_loss,1.7506370544433594
19599,train_loss,1.7846823930740356
19649,train_loss,1.793349027633667
19699,train_loss,1.7744035720825195
19749,train_loss,1.7672864198684692
19799,train_loss,1.6992120742797852
19849,train_loss,1.7863290309906006
19899,train_loss,1.7718528509140015
19949,train_loss,1.7799952030181885
19999,train_loss,1.7124583721160889
20049,train_loss,1.7093578577041626
20099,train_loss,1.76948082447052
20149,train_loss,1.830273151397705
20199,train_loss,1.7117743492126465
20249,train_loss,1.8209483623504639
20299,train_loss,1.7964444160461426
20349,train_loss,1.795565128326416
20399,train_loss,1.729882001876831
20449,train_loss,1.74697744846344
20499,train_loss,1.779829740524292
20549,train_loss,1.7540749311447144
20599,train_loss,1.7789537906646729
20649,train_loss,1.8209315538406372
20699,train_loss,1.7340526580810547
20749,train_loss,1.7856833934783936
20799,train_loss,1.7206175327301025
20849,train_loss,1.7281115055084229
20899,train_loss,1.7221590280532837
20949,train_loss,1.7456032037734985
20999,train_loss,1.7621952295303345
21049,train_loss,1.7374846935272217
21099,train_loss,1.7281157970428467
21149,train_loss,1.7068724632263184
21199,train_loss,1.7438651323318481
21249,train_loss,1.6940141916275024
21299,train_loss,1.8160088062286377
21349,train_loss,1.6941274404525757
21399,train_loss,1.8042696714401245
21449,train_loss,1.8009436130523682
21499,train_loss,1.724017858505249
21549,train_loss,1.8228273391723633
21599,train_loss,1.7783613204956055
21649,train_loss,1.6735682487487793
21699,train_loss,1.767549991607666
21749,train_loss,1.7268799543380737
21799,train_loss,1.7327874898910522
21849,train_loss,1.7176916599273682
21899,train_loss,1.7246218919754028
21949,train_loss,1.7485555410385132
21999,train_loss,1.8135966062545776
22049,train_loss,1.7102471590042114
22099,train_loss,1.7130059003829956
22149,train_loss,1.7474220991134644
22199,train_loss,1.7119382619857788
22249,train_loss,1.726840615272522
22299,train_loss,1.7527927160263062
22349,train_loss,1.7430448532104492
22399,train_loss,1.7288652658462524
22449,train_loss,1.6850908994674683
22499,train_loss,1.7400437593460083
22549,train_loss,1.6399776935577393
22599,train_loss,1.7789483070373535
22649,train_loss,1.7600055932998657
22699,train_loss,1.7465145587921143
22749,train_loss,1.7781054973602295
22799,train_loss,1.7720930576324463
22849,train_loss,1.6942681074142456
22899,train_loss,1.743749737739563
22949,train_loss,1.6891658306121826
22999,train_loss,1.7087446451187134
23049,train_loss,1.7874191999435425
23099,train_loss,1.7219209671020508
23149,train_loss,1.6808897256851196
23199,train_loss,1.7614692449569702
23249,train_loss,1.6959855556488037
23299,train_loss,1.815211296081543
23349,train_loss,1.7033426761627197
23399,train_loss,1.790175437927246
23449,train_loss,1.730891227722168
23499,train_loss,1.6906347274780273
23549,train_loss,1.7493592500686646
23599,train_loss,1.721841812133789
23649,train_loss,1.7286603450775146
23699,train_loss,1.7485748529434204
23749,train_loss,1.6737346649169922
23799,train_loss,1.7653155326843262
23849,train_loss,1.724135160446167
23899,train_loss,1.6979641914367676
23949,train_loss,1.7148650884628296
23999,train_loss,1.7077901363372803
24049,train_loss,1.7218965291976929
24099,train_loss,1.693284511566162
24149,train_loss,1.784495234489441
24199,train_loss,1.697396993637085
24249,train_loss,1.6642497777938843
24299,train_loss,1.7979357242584229
24349,train_loss,1.7548081874847412
24399,train_loss,1.7634618282318115
24449,train_loss,1.8049601316452026
24499,train_loss,1.7762304544448853
24549,train_loss,1.7995277643203735
24599,train_loss,1.7689403295516968
24649,train_loss,1.7823418378829956
24699,train_loss,1.7324124574661255
24749,train_loss,1.8015772104263306
24799,train_loss,1.7739259004592896
24849,train_loss,1.7712126970291138
24899,train_loss,1.7228639125823975
24949,train_loss,1.8105374574661255
24999,train_loss,1.6867817640304565
25049,train_loss,1.7608857154846191
25099,train_loss,1.6390576362609863
25149,train_loss,1.708250641822815
25199,train_loss,1.6872175931930542
25249,train_loss,1.6993225812911987
25299,train_loss,1.7481811046600342
25349,train_loss,1.7468557357788086
25399,train_loss,1.6883398294448853
25449,train_loss,1.7219898700714111
25499,train_loss,1.729807734489441
25549,train_loss,1.7483564615249634
25599,train_loss,1.7409274578094482
25649,train_loss,1.7284315824508667
25699,train_loss,1.7515456676483154
25749,train_loss,1.7402604818344116
25799,train_loss,1.7513082027435303
25849,train_loss,1.8178248405456543
25899,train_loss,1.6693137884140015
25949,train_loss,1.6919262409210205
25999,train_loss,1.7256790399551392
26049,train_loss,1.723386526107788
26099,train_loss,1.7098647356033325
26149,train_loss,1.7091009616851807
26199,train_loss,1.687198281288147
26249,train_loss,1.7537205219268799
26299,train_loss,1.6772089004516602
26349,train_loss,1.688380241394043
26399,train_loss,1.6928365230560303
26449,train_loss,1.690873622894287
26499,train_loss,1.680047631263733
26549,train_loss,1.7150689363479614
26599,train_loss,1.757904291152954
26649,train_loss,1.7066172361373901
26699,train_loss,1.7395639419555664
26749,train_loss,1.6925909519195557
26799,train_loss,1.737951397895813
26849,train_loss,1.7241230010986328
26899,train_loss,1.6868544816970825
26949,train_loss,1.6953985691070557
26999,train_loss,1.739464282989502
27049,train_loss,1.7251660823822021
27099,train_loss,1.7854392528533936
27149,train_loss,1.804038643836975
27199,train_loss,1.7264537811279297
27249,train_loss,1.7126281261444092
27299,train_loss,1.7640740871429443
27349,train_loss,1.7410645484924316
27399,train_loss,1.7338757514953613
27449,train_loss,1.6580241918563843
27499,train_loss,1.80270516872406
27549,train_loss,1.6919772624969482
27599,train_loss,1.8353941440582275
27649,train_loss,1.7078229188919067
27699,train_loss,1.6628588438034058
27749,train_loss,1.7491568326950073
27799,train_loss,1.7594914436340332
27849,train_loss,1.6859657764434814
27899,train_loss,1.7532473802566528
27949,train_loss,1.7644007205963135
27999,train_loss,1.7117931842803955
28049,train_loss,1.7225978374481201
28099,train_loss,1.7413582801818848
28149,train_loss,1.6917212009429932
28199,train_loss,1.6875663995742798
28249,train_loss,1.6855731010437012
28299,train_loss,1.686812162399292
28349,train_loss,1.7780143022537231
28399,train_loss,1.7308539152145386
28449,train_loss,1.70968496799469
28499,train_loss,1.7073235511779785
28549,train_loss,1.6806093454360962
28599,train_loss,1.6385186910629272
28649,train_loss,1.7320109605789185
28699,train_loss,1.7171268463134766
28749,train_loss,1.7406173944473267
28799,train_loss,1.680114507675171
28849,train_loss,1.8126198053359985
28899,train_loss,1.739017128944397
28949,train_loss,1.7445367574691772
28999,train_loss,1.7181240320205688
29049,train_loss,1.6942038536071777
29099,train_loss,1.7506670951843262
29149,train_loss,1.7671767473220825
29199,train_loss,1.723270297050476
29249,train_loss,1.6838639974594116
29299,train_loss,1.7390222549438477
29349,train_loss,1.6985194683074951
29399,train_loss,1.7178566455841064
29449,train_loss,1.7249921560287476
29499,train_loss,1.761033058166504
29549,train_loss,1.7433099746704102
29599,train_loss,1.6979540586471558
29649,train_loss,1.65674889087677
29699,train_loss,1.7184171676635742
29749,train_loss,1.6988584995269775
29799,train_loss,1.6766072511672974
29849,train_loss,1.6772682666778564
29899,train_loss,1.7192732095718384
29949,train_loss,1.638221263885498
29999,train_loss,1.718130111694336
30049,train_loss,1.7472740411758423
30099,train_loss,1.6960045099258423
30149,train_loss,1.7352598905563354
30199,train_loss,1.7176105976104736
30249,train_loss,1.6669485569000244
30299,train_loss,1.6541142463684082
30349,train_loss,1.692691445350647
30399,train_loss,1.6913727521896362
30449,train_loss,1.6969761848449707
30499,train_loss,1.7217905521392822
30549,train_loss,1.6818653345108032
30599,train_loss,1.734330654144287
30649,train_loss,1.6977931261062622
30699,train_loss,1.716005802154541
30749,train_loss,1.6966757774353027
30799,train_loss,1.6612547636032104
30849,train_loss,1.6304194927215576
30899,train_loss,1.697286605834961
30949,train_loss,1.7380423545837402
30999,train_loss,1.6552834510803223
31049,train_loss,1.701686978340149
31099,train_loss,1.6716989278793335
31149,train_loss,1.7420275211334229
31199,train_loss,1.7913265228271484
31249,train_loss,1.6654053926467896
31299,train_loss,1.6942774057388306
31349,train_loss,1.7418522834777832
31399,train_loss,1.6633803844451904
31449,train_loss,1.7123810052871704
31499,train_loss,1.6585297584533691
31549,train_loss,1.7052944898605347
31599,train_loss,1.7477847337722778
31649,train_loss,1.6153305768966675
31699,train_loss,1.7286738157272339
31749,train_loss,1.693904161453247
31799,train_loss,1.7200093269348145
31849,train_loss,1.7528350353240967
31899,train_loss,1.753512978553772
31949,train_loss,1.6477504968643188
31999,train_loss,1.7035243511199951
32049,train_loss,1.7610654830932617
32099,train_loss,1.687519907951355
32149,train_loss,1.708875060081482
32199,train_loss,1.7450947761535645
32249,train_loss,1.6524953842163086
32299,train_loss,1.7292861938476562
32349,train_loss,1.664381504058838
32399,train_loss,1.6533697843551636
32449,train_loss,1.6814398765563965
32499,train_loss,1.669711947441101
32549,train_loss,1.724416971206665
32599,train_loss,1.687009334564209
32649,train_loss,1.6674284934997559
32699,train_loss,1.655084252357483
32749,train_loss,1.6612459421157837
32799,train_loss,1.7658777236938477
32849,train_loss,1.6357710361480713
32899,train_loss,1.7038477659225464
32949,train_loss,1.6128356456756592
32999,train_loss,1.6708422899246216
33049,train_loss,1.7610373497009277
33099,train_loss,1.7539345026016235
33149,train_loss,1.7650046348571777
33199,train_loss,1.7098110914230347
33249,train_loss,1.7254542112350464
33299,train_loss,1.684127926826477
33349,train_loss,1.7131998538970947
33399,train_loss,1.7312240600585938
33449,train_loss,1.6701802015304565
33499,train_loss,1.6788256168365479
33549,train_loss,1.660267949104309
33599,train_loss,1.6364669799804688
33649,train_loss,1.7056810855865479
33699,train_loss,1.6597994565963745
33749,train_loss,1.6842291355133057
33799,train_loss,1.669926404953003
33849,train_loss,1.681844711303711
33899,train_loss,1.6738613843917847
33949,train_loss,1.7203845977783203
33999,train_loss,1.6993001699447632
34049,train_loss,1.7373517751693726
34099,train_loss,1.7711422443389893
34149,train_loss,1.667981505393982
34199,train_loss,1.6939572095870972
34249,train_loss,1.6373238563537598
34299,train_loss,1.7127341032028198
34349,train_loss,1.726348876953125
34399,train_loss,1.636273741722107
34449,train_loss,1.6876226663589478
34499,train_loss,1.6878349781036377
34549,train_loss,1.6964436769485474
34599,train_loss,1.6820266246795654
34649,train_loss,1.6622027158737183
34699,train_loss,1.7189170122146606
34749,train_loss,1.7592582702636719
34799,train_loss,1.6613633632659912
34849,train_loss,1.683830976486206
34899,train_loss,1.778363823890686
34949,train_loss,1.6802310943603516
34999,train_loss,1.6766152381896973
35049,train_loss,1.6583138704299927
35099,train_loss,1.643383264541626
35149,train_loss,1.7250498533248901
35199,train_loss,1.687132477760315
35249,train_loss,1.7897796630859375
35299,train_loss,1.7364118099212646
35349,train_loss,1.7222639322280884
35399,train_loss,1.693084955215454
35449,train_loss,1.7697643041610718
35499,train_loss,1.7588907480239868
35549,train_loss,1.6526120901107788
35599,train_loss,1.6526992321014404
35649,train_loss,1.7464478015899658
35699,train_loss,1.6955891847610474
35749,train_loss,1.7656810283660889
35799,train_loss,1.770189881324768
35849,train_loss,1.6501514911651611
35899,train_loss,1.6934837102890015
35949,train_loss,1.6643916368484497
35999,train_loss,1.7064909934997559
36049,train_loss,1.784683108329773
36099,train_loss,1.6582629680633545
36149,train_loss,1.6781582832336426
36199,train_loss,1.6659414768218994
36249,train_loss,1.6281298398971558
36299,train_loss,1.6607215404510498
36349,train_loss,1.7083263397216797
36399,train_loss,1.6652580499649048
36449,train_loss,1.7163220643997192
36499,train_loss,1.6915773153305054
36549,train_loss,1.7062538862228394
36599,train_loss,1.677209734916687
36649,train_loss,1.6732395887374878
36699,train_loss,1.7058053016662598
36749,train_loss,1.708037257194519
36799,train_loss,1.664476752281189
36849,train_loss,1.6933660507202148
36899,train_loss,1.698357343673706
36949,train_loss,1.678438663482666
36999,train_loss,1.7172859907150269
37049,train_loss,1.6435470581054688
37099,train_loss,1.7206512689590454
37149,train_loss,1.6852998733520508
37199,train_loss,1.6921716928482056
37249,train_loss,1.638972282409668
37299,train_loss,1.7035218477249146
37349,train_loss,1.7230536937713623
37399,train_loss,1.7104905843734741
37449,train_loss,1.699358344078064
37499,train_loss,1.7026396989822388
37549,train_loss,1.643014669418335
37599,train_loss,1.69561767578125
37649,train_loss,1.6667832136154175
37699,train_loss,1.7275136709213257
37749,train_loss,1.611551284790039
37799,train_loss,1.6958982944488525
37849,train_loss,1.6752848625183105
37899,train_loss,1.6928119659423828
37949,train_loss,1.6959925889968872
37999,train_loss,1.6270198822021484
38049,train_loss,1.7066460847854614
38099,train_loss,1.648850440979004
38149,train_loss,1.7008980512619019
38199,train_loss,1.7126424312591553
38249,train_loss,1.7008912563323975
38299,train_loss,1.6372573375701904
38349,train_loss,1.6634339094161987
38399,train_loss,1.7008554935455322
38449,train_loss,1.682389259338379
38499,train_loss,1.65078604221344
38549,train_loss,1.657880187034607
38599,train_loss,1.7117165327072144
38649,train_loss,1.7452682256698608
38699,train_loss,1.7207980155944824
38749,train_loss,1.6760005950927734
38799,train_loss,1.6736478805541992
38849,train_loss,1.6915888786315918
38899,train_loss,1.7311900854110718
38949,train_loss,1.7169817686080933
38999,train_loss,1.7128832340240479
39049,train_loss,1.6971105337142944
39099,train_loss,1.700435757637024
39149,train_loss,1.7512413263320923
39199,train_loss,1.6759178638458252
39249,train_loss,1.6681723594665527
39299,train_loss,1.7057920694351196
39349,train_loss,1.7289828062057495
39399,train_loss,1.6978727579116821
39449,train_loss,1.7035044431686401
39499,train_loss,1.5993702411651611
39549,train_loss,1.6542840003967285
39599,train_loss,1.6939247846603394
39649,train_loss,1.7045204639434814
39699,train_loss,1.5826665163040161
39749,train_loss,1.682126760482788
39799,train_loss,1.6181598901748657
39849,train_loss,1.7311882972717285
39899,train_loss,1.670280933380127
39949,train_loss,1.7127833366394043
39999,train_loss,1.6757373809814453
40049,train_loss,1.6632955074310303
40099,train_loss,1.768815279006958
40149,train_loss,1.6634328365325928
40199,train_loss,1.6422388553619385
40249,train_loss,1.7244762182235718
40299,train_loss,1.6869233846664429
40349,train_loss,1.6406290531158447
40399,train_loss,1.7357571125030518
40449,train_loss,1.6511167287826538
40499,train_loss,1.660781741142273
40549,train_loss,1.6557577848434448
40599,train_loss,1.678468942642212
40649,train_loss,1.7222247123718262
40699,train_loss,1.6620097160339355
40749,train_loss,1.7043043375015259
40799,train_loss,1.6710617542266846
40849,train_loss,1.7097429037094116
40899,train_loss,1.684980869293213
40949,train_loss,1.7179949283599854
40999,train_loss,1.6995328664779663
41049,train_loss,1.6431465148925781
41099,train_loss,1.6575173139572144
41149,train_loss,1.65618097782135
41199,train_loss,1.580869197845459
41249,train_loss,1.6603833436965942
41299,train_loss,1.6274263858795166
41349,train_loss,1.7514926195144653
41399,train_loss,1.6604083776474
41449,train_loss,1.6838668584823608
41499,train_loss,1.6942938566207886
41549,train_loss,1.6859400272369385
41599,train_loss,1.7099440097808838
41649,train_loss,1.6943233013153076
41699,train_loss,1.7370949983596802
41749,train_loss,1.6898891925811768
41799,train_loss,1.631526231765747
41849,train_loss,1.7618569135665894
41899,train_loss,1.6232472658157349
41949,train_loss,1.6330077648162842
41999,train_loss,1.7242131233215332
42049,train_loss,1.6718722581863403
42099,train_loss,1.6673060655593872
42149,train_loss,1.7471988201141357
42199,train_loss,1.6944319009780884
42249,train_loss,1.6477563381195068
42299,train_loss,1.6869032382965088
42349,train_loss,1.6784013509750366
42399,train_loss,1.65358304977417
42449,train_loss,1.657057523727417
42499,train_loss,1.6956284046173096
42549,train_loss,1.7009928226470947
42599,train_loss,1.6907954216003418
42649,train_loss,1.7001961469650269
42699,train_loss,1.7211484909057617
42749,train_loss,1.697257161140442
42799,train_loss,1.642501711845398
42849,train_loss,1.6141008138656616
42899,train_loss,1.642163634300232
42949,train_loss,1.6992266178131104
42999,train_loss,1.7031928300857544
43049,train_loss,1.679101824760437
43099,train_loss,1.6453675031661987
43149,train_loss,1.679779052734375
43199,train_loss,1.689616322517395
43249,train_loss,1.6912308931350708
43299,train_loss,1.7298237085342407
43349,train_loss,1.6885292530059814
43399,train_loss,1.6990792751312256
43449,train_loss,1.7112218141555786
43499,train_loss,1.7392743825912476
43549,train_loss,1.6448346376419067
43599,train_loss,1.6819440126419067
43649,train_loss,1.6363916397094727
43699,train_loss,1.64211106300354
43749,train_loss,1.681801199913025
43799,train_loss,1.6798412799835205
43849,train_loss,1.6413806676864624
43899,train_loss,1.709302544593811
43949,train_loss,1.6829724311828613
43999,train_loss,1.6609127521514893
44049,train_loss,1.6785659790039062
44099,train_loss,1.6653492450714111
44149,train_loss,1.634803295135498
44199,train_loss,1.7188937664031982
44249,train_loss,1.6377922296524048
44299,train_loss,1.6162028312683105
44349,train_loss,1.6972166299819946
44399,train_loss,1.604501485824585
44449,train_loss,1.6500324010849
44499,train_loss,1.7074440717697144
44549,train_loss,1.7272497415542603
44599,train_loss,1.6403323411941528
44649,train_loss,1.6894677877426147
44699,train_loss,1.635648488998413
44749,train_loss,1.6585540771484375
44799,train_loss,1.6528633832931519
44849,train_loss,1.6651214361190796
44899,train_loss,1.6996040344238281
44949,train_loss,1.6891134977340698
44999,train_loss,1.5983127355575562
45049,train_loss,1.6772843599319458
45099,train_loss,1.6436573266983032
45149,train_loss,1.6931514739990234
45199,train_loss,1.6584117412567139
45249,train_loss,1.6985877752304077
45299,train_loss,1.6424583196640015
45349,train_loss,1.7108259201049805
45399,train_loss,1.6271629333496094
45449,train_loss,1.6155118942260742
45499,train_loss,1.601662039756775
45549,train_loss,1.6200817823410034
45599,train_loss,1.7055150270462036
45649,train_loss,1.6524457931518555
45699,train_loss,1.6440517902374268
45749,train_loss,1.6259663105010986
45799,train_loss,1.7924154996871948
45849,train_loss,1.685666799545288
45899,train_loss,1.6943382024765015
45949,train_loss,1.6681634187698364
45999,train_loss,1.7327195405960083
46049,train_loss,1.6361563205718994
46099,train_loss,1.7291607856750488
46149,train_loss,1.638885498046875
46199,train_loss,1.6321805715560913
46249,train_loss,1.6696301698684692
46299,train_loss,1.6996269226074219
46349,train_loss,1.7004709243774414
46399,train_loss,1.7088470458984375
46449,train_loss,1.6606563329696655
46499,train_loss,1.6733981370925903
46549,train_loss,1.7009752988815308
46599,train_loss,1.6515966653823853
46649,train_loss,1.742611050605774
46699,train_loss,1.630712628364563
46749,train_loss,1.6359374523162842
46799,train_loss,1.6660733222961426
46849,train_loss,1.7221063375473022
46899,train_loss,1.6133273839950562
46949,train_loss,1.631341576576233
46999,train_loss,1.6632251739501953
47049,train_loss,1.6519560813903809
47099,train_loss,1.6595737934112549
47149,train_loss,1.6431199312210083
47199,train_loss,1.6266814470291138
47249,train_loss,1.7282862663269043
47299,train_loss,1.687347412109375
47349,train_loss,1.6881788969039917
47399,train_loss,1.7101998329162598
47449,train_loss,1.6736423969268799
47499,train_loss,1.6948833465576172
47549,train_loss,1.7106075286865234
47599,train_loss,1.6763250827789307
47649,train_loss,1.7189825773239136
47699,train_loss,1.6418055295944214
47749,train_loss,1.700951337814331
47799,train_loss,1.6317769289016724
47849,train_loss,1.7224088907241821
47899,train_loss,1.6687777042388916
47949,train_loss,1.643561601638794
47999,train_loss,1.6336272954940796
48049,train_loss,1.6049789190292358
48099,train_loss,1.6728324890136719
48149,train_loss,1.6396602392196655
48199,train_loss,1.6105536222457886
48249,train_loss,1.672406554222107
48299,train_loss,1.6639153957366943
48349,train_loss,1.6278996467590332
48399,train_loss,1.628764033317566
48449,train_loss,1.666115641593933
48499,train_loss,1.671142578125
48549,train_loss,1.6780571937561035
48599,train_loss,1.7175663709640503
48649,train_loss,1.6990070343017578
48699,train_loss,1.6389436721801758
48749,train_loss,1.6315385103225708
48799,train_loss,1.6594610214233398
48849,train_loss,1.689788818359375
48899,train_loss,1.6523668766021729
48949,train_loss,1.69298255443573
48999,train_loss,1.6335854530334473
49049,train_loss,1.6269023418426514
49099,train_loss,1.6640647649765015
49149,train_loss,1.6693705320358276
49199,train_loss,1.6741375923156738
49249,train_loss,1.6785093545913696
49299,train_loss,1.6551545858383179
49349,train_loss,1.6468722820281982
49399,train_loss,1.6755064725875854
49449,train_loss,1.6645057201385498
49499,train_loss,1.6882224082946777
49549,train_loss,1.6817598342895508
49599,train_loss,1.678463339805603
49649,train_loss,1.727874994277954
49699,train_loss,1.6865192651748657
49749,train_loss,1.6743197441101074
49799,train_loss,1.6645865440368652
49849,train_loss,1.650343894958496
49899,train_loss,1.7480907440185547
49949,train_loss,1.6915804147720337
49999,train_loss,1.6664390563964844
50049,train_loss,1.649674892425537
50099,train_loss,1.6276588439941406
50149,train_loss,1.7050797939300537
50199,train_loss,1.6543866395950317
50249,train_loss,1.6745625734329224
50299,train_loss,1.6499744653701782
50349,train_loss,1.5629572868347168
50399,train_loss,1.6322365999221802
50449,train_loss,1.6057676076889038
50499,train_loss,1.7206499576568604
50549,train_loss,1.616330623626709
50599,train_loss,1.7104052305221558
50649,train_loss,1.6568517684936523
50699,train_loss,1.7040753364562988
50749,train_loss,1.6486984491348267
50799,train_loss,1.6526597738265991
50849,train_loss,1.6548172235488892
50899,train_loss,1.7108780145645142
50949,train_loss,1.7313748598098755
50999,train_loss,1.6114643812179565
51049,train_loss,1.7098623514175415
51099,train_loss,1.6868962049484253
51149,train_loss,1.6439423561096191
51199,train_loss,1.7124459743499756
51249,train_loss,1.6717442274093628
51299,train_loss,1.738080620765686
51349,train_loss,1.7217481136322021
51399,train_loss,1.6529675722122192
51449,train_loss,1.6740362644195557
51499,train_loss,1.6467115879058838
51549,train_loss,1.6616582870483398
51599,train_loss,1.6584835052490234
51649,train_loss,1.6748669147491455
51699,train_loss,1.6457161903381348
51749,train_loss,1.6936984062194824
51799,train_loss,1.6448099613189697
51849,train_loss,1.638765811920166
51899,train_loss,1.641898512840271
51949,train_loss,1.6779155731201172
51999,train_loss,1.6210819482803345
52049,train_loss,1.6824268102645874
52099,train_loss,1.5983593463897705
52149,train_loss,1.7203677892684937
52199,train_loss,1.645819067955017
52249,train_loss,1.6440749168395996
52299,train_loss,1.6914349794387817
52349,train_loss,1.6486082077026367
52399,train_loss,1.6612820625305176
52449,train_loss,1.689488410949707
52499,train_loss,1.675899624824524
52549,train_loss,1.6516053676605225
52599,train_loss,1.6460472345352173
52649,train_loss,1.665876030921936
52699,train_loss,1.6917973756790161
52749,train_loss,1.603980541229248
52799,train_loss,1.614312767982483
52849,train_loss,1.6959896087646484
52899,train_loss,1.6821467876434326
52949,train_loss,1.698341965675354
52999,train_loss,1.654348611831665
53049,train_loss,1.6578693389892578
53099,train_loss,1.6605215072631836
53149,train_loss,1.64687979221344
53199,train_loss,1.6835659742355347
53249,train_loss,1.6440247297286987
53299,train_loss,1.6148300170898438
53349,train_loss,1.6767936944961548
53399,train_loss,1.7123565673828125
53449,train_loss,1.6604843139648438
53499,train_loss,1.6955140829086304
53549,train_loss,1.640438437461853
53599,train_loss,1.6735328435897827
53649,train_loss,1.631783127784729
53699,train_loss,1.6508313417434692
53749,train_loss,1.6730977296829224
53799,train_loss,1.6189072132110596
53849,train_loss,1.6319665908813477
53899,train_loss,1.6652086973190308
53949,train_loss,1.6607953310012817
53999,train_loss,1.6095212697982788
54049,train_loss,1.5990545749664307
54099,train_loss,1.6430450677871704
54149,train_loss,1.6729801893234253
54199,train_loss,1.657198429107666
54249,train_loss,1.6760601997375488
54299,train_loss,1.7245051860809326
54349,train_loss,1.6561046838760376
54399,train_loss,1.649848222732544
54449,train_loss,1.630702257156372
54499,train_loss,1.6787432432174683
54549,train_loss,1.618942379951477
54599,train_loss,1.694048285484314
54649,train_loss,1.6780959367752075
54699,train_loss,1.6876782178878784
54749,train_loss,1.707072138786316
54799,train_loss,1.669683575630188
54849,train_loss,1.619131088256836
54899,train_loss,1.6131654977798462
54949,train_loss,1.6780112981796265
54999,train_loss,1.6581580638885498
55049,train_loss,1.6638774871826172
55099,train_loss,1.6732922792434692
55149,train_loss,1.6590967178344727
55199,train_loss,1.6333789825439453
55249,train_loss,1.6381210088729858
55299,train_loss,1.652369499206543
55349,train_loss,1.6349774599075317
55399,train_loss,1.6772834062576294
55449,train_loss,1.602149486541748
55499,train_loss,1.7087832689285278
55549,train_loss,1.671094298362732
55599,train_loss,1.6232832670211792
55649,train_loss,1.5967988967895508
55699,train_loss,1.655726671218872
55749,train_loss,1.6635245084762573
55799,train_loss,1.641863226890564
55849,train_loss,1.6704810857772827
55899,train_loss,1.686388373374939
55949,train_loss,1.6684887409210205
55999,train_loss,1.6800618171691895
56049,train_loss,1.617114782333374
56099,train_loss,1.6653777360916138
56149,train_loss,1.699872374534607
56199,train_loss,1.596956729888916
56249,train_loss,1.6506577730178833
56299,train_loss,1.6060069799423218
56349,train_loss,1.6724233627319336
56399,train_loss,1.67872953414917
56449,train_loss,1.6354718208312988
56499,train_loss,1.6154416799545288
56549,train_loss,1.6395814418792725
56599,train_loss,1.573765754699707
56649,train_loss,1.6272653341293335
56699,train_loss,1.6749485731124878
56749,train_loss,1.6616812944412231
56799,train_loss,1.5513217449188232
56849,train_loss,1.63704514503479
56899,train_loss,1.6930830478668213
56949,train_loss,1.6298688650131226
56999,train_loss,1.6618624925613403
57049,train_loss,1.6398757696151733
57099,train_loss,1.653175950050354
57149,train_loss,1.7596166133880615
57199,train_loss,1.6350195407867432
57249,train_loss,1.6457573175430298
57299,train_loss,1.7312911748886108
57349,train_loss,1.6055760383605957
57399,train_loss,1.579140305519104
57449,train_loss,1.68123197555542
57499,train_loss,1.6928902864456177
57549,train_loss,1.6639764308929443
57599,train_loss,1.6478501558303833
57649,train_loss,1.688778042793274
57699,train_loss,1.6938424110412598
57749,train_loss,1.7022067308425903
57799,train_loss,1.7177627086639404
57849,train_loss,1.6887544393539429
57899,train_loss,1.656712532043457
57949,train_loss,1.626301884651184
57999,train_loss,1.7232401371002197
58049,train_loss,1.6414357423782349
58099,train_loss,1.6487548351287842
58149,train_loss,1.6373671293258667
58199,train_loss,1.6080527305603027
58249,train_loss,1.6607608795166016
58299,train_loss,1.6370306015014648
58349,train_loss,1.6451963186264038
58399,train_loss,1.6076337099075317
58449,train_loss,1.596114158630371
58499,train_loss,1.645808219909668
58549,train_loss,1.6500493288040161
58599,train_loss,1.659190058708191
58649,train_loss,1.6209673881530762
58699,train_loss,1.7220317125320435
58749,train_loss,1.6678532361984253
58799,train_loss,1.6866846084594727
58849,train_loss,1.6953595876693726
58899,train_loss,1.6515071392059326
58949,train_loss,1.6651928424835205
58999,train_loss,1.7330851554870605
59049,train_loss,1.72255277633667
59099,train_loss,1.6749253273010254
59149,train_loss,1.7089298963546753
59199,train_loss,1.666117787361145
59249,train_loss,1.6617151498794556
59299,train_loss,1.7694984674453735
59349,train_loss,1.6616976261138916
59399,train_loss,1.688585638999939
59449,train_loss,1.632476806640625
59499,train_loss,1.6784942150115967
59549,train_loss,1.6968375444412231
59599,train_loss,1.562774658203125
59649,train_loss,1.6929630041122437
59699,train_loss,1.6958988904953003
59749,train_loss,1.689681887626648
59799,train_loss,1.6466258764266968
59849,train_loss,1.5714632272720337
59899,train_loss,1.6308810710906982
59949,train_loss,1.6817090511322021
59999,train_loss,1.6820101737976074
60049,train_loss,1.648328185081482
60099,train_loss,1.6234593391418457
60149,train_loss,1.6757957935333252
60199,train_loss,1.6306613683700562
60249,train_loss,1.6401121616363525
60299,train_loss,1.6671322584152222
60349,train_loss,1.657559871673584
60399,train_loss,1.695228099822998
60449,train_loss,1.6780544519424438
60499,train_loss,1.6130012273788452
60549,train_loss,1.713693380355835
60599,train_loss,1.6236629486083984
60649,train_loss,1.5776866674423218
60699,train_loss,1.6483943462371826
60749,train_loss,1.654032826423645
60799,train_loss,1.6715236902236938
60849,train_loss,1.6022186279296875
60899,train_loss,1.6593637466430664
60949,train_loss,1.6377018690109253
60999,train_loss,1.6758047342300415
61049,train_loss,1.6253100633621216
61099,train_loss,1.611570119857788
61149,train_loss,1.6761789321899414
61199,train_loss,1.6546820402145386
61249,train_loss,1.6850428581237793
61299,train_loss,1.6162142753601074
61349,train_loss,1.665149211883545
61399,train_loss,1.680904507637024
61449,train_loss,1.6826624870300293
61499,train_loss,1.7359040975570679
61549,train_loss,1.6392333507537842
61599,train_loss,1.6637656688690186
61649,train_loss,1.651668906211853
61699,train_loss,1.6248606443405151
61749,train_loss,1.6489609479904175
61799,train_loss,1.6305557489395142
61849,train_loss,1.7083063125610352
61899,train_loss,1.5675890445709229
61949,train_loss,1.615064024925232
61999,train_loss,1.6758078336715698
62049,train_loss,1.6829890012741089
62099,train_loss,1.6629019975662231
62149,train_loss,1.6165742874145508
62199,train_loss,1.6079204082489014
62249,train_loss,1.6370772123336792
62299,train_loss,1.6798332929611206
62349,train_loss,1.6632212400436401
62399,train_loss,1.6613965034484863
62449,train_loss,1.6671855449676514
62499,train_loss,1.6877894401550293
62549,train_loss,1.6733548641204834
62599,train_loss,1.6855952739715576
62649,train_loss,1.6397613286972046
62699,train_loss,1.6001631021499634
62749,train_loss,1.614693522453308
62799,train_loss,1.629226803779602
62849,train_loss,1.6531486511230469
62899,train_loss,1.6982953548431396
62949,train_loss,1.659887433052063
62999,train_loss,1.567033290863037
63049,train_loss,1.6489017009735107
63099,train_loss,1.6875070333480835
63149,train_loss,1.667124629020691
63199,train_loss,1.5887984037399292
63249,train_loss,1.6948113441467285
63299,train_loss,1.655975580215454
63349,train_loss,1.6117031574249268
63399,train_loss,1.5572830438613892
63449,train_loss,1.6225727796554565
63499,train_loss,1.602949619293213
63549,train_loss,1.664636254310608
63599,train_loss,1.5762027502059937
63649,train_loss,1.5826832056045532
63699,train_loss,1.6985951662063599
63749,train_loss,1.6444001197814941
63799,train_loss,1.6002987623214722
63849,train_loss,1.6528342962265015
63899,train_loss,1.6534407138824463
63949,train_loss,1.6788042783737183
63999,train_loss,1.68976628780365
64049,train_loss,1.716689109802246
64099,train_loss,1.619124174118042
64149,train_loss,1.6120070219039917
64199,train_loss,1.6163753271102905
64249,train_loss,1.6312631368637085
64299,train_loss,1.6133370399475098
64349,train_loss,1.6034597158432007
64399,train_loss,1.6168879270553589
64449,train_loss,1.6738402843475342
64499,train_loss,1.6280514001846313
64549,train_loss,1.6705604791641235
64599,train_loss,1.6274986267089844
64649,train_loss,1.5894159078598022
64699,train_loss,1.6557050943374634
64749,train_loss,1.6129271984100342
64799,train_loss,1.6491775512695312
64849,train_loss,1.6088752746582031
64899,train_loss,1.6595745086669922
64949,train_loss,1.6578316688537598
64999,train_loss,1.6457221508026123
65049,train_loss,1.5901293754577637
65099,train_loss,1.6692851781845093
65149,train_loss,1.6569143533706665
65199,train_loss,1.659488558769226
65249,train_loss,1.6300071477890015
65299,train_loss,1.591208815574646
65349,train_loss,1.6405856609344482
65399,train_loss,1.6284782886505127
65449,train_loss,1.7010555267333984
65499,train_loss,1.6244438886642456
65549,train_loss,1.6602522134780884
65599,train_loss,1.7127678394317627
65649,train_loss,1.6733663082122803
65699,train_loss,1.6900851726531982
65749,train_loss,1.6541908979415894
65799,train_loss,1.6268844604492188
65849,train_loss,1.6985152959823608
65899,train_loss,1.6325691938400269
65949,train_loss,1.647882103919983
65999,train_loss,1.6624716520309448
66049,train_loss,1.6787903308868408
66099,train_loss,1.6451961994171143
66149,train_loss,1.6790460348129272
66199,train_loss,1.655819296836853
66249,train_loss,1.6510833501815796
66299,train_loss,1.70199716091156
66349,train_loss,1.6063485145568848
66399,train_loss,1.6610677242279053
66449,train_loss,1.7433902025222778
66499,train_loss,1.6628320217132568
66549,train_loss,1.591241478919983
66599,train_loss,1.6613707542419434
66649,train_loss,1.6026257276535034
66699,train_loss,1.6507080793380737
66749,train_loss,1.6593693494796753
66799,train_loss,1.6471911668777466
66849,train_loss,1.6490892171859741
66899,train_loss,1.6848491430282593
66949,train_loss,1.6387308835983276
66999,train_loss,1.6619582176208496
67049,train_loss,1.6866590976715088
67099,train_loss,1.6079981327056885
67149,train_loss,1.6691924333572388
67199,train_loss,1.670983910560608
67249,train_loss,1.6624630689620972
67299,train_loss,1.6657119989395142
67349,train_loss,1.650216817855835
67399,train_loss,1.6117289066314697
67449,train_loss,1.5782076120376587
67499,train_loss,1.6594876050949097
67549,train_loss,1.6347423791885376
67599,train_loss,1.6443949937820435
67649,train_loss,1.6456502676010132
67699,train_loss,1.7098267078399658
67749,train_loss,1.6477526426315308
67799,train_loss,1.6205624341964722
67849,train_loss,1.6223965883255005
67899,train_loss,1.6003930568695068
67949,train_loss,1.6432592868804932
67999,train_loss,1.7037535905838013
68049,train_loss,1.6364054679870605
68099,train_loss,1.5631285905838013
68149,train_loss,1.6907061338424683
68199,train_loss,1.63410484790802
68249,train_loss,1.568746566772461
68299,train_loss,1.7017947435379028
68349,train_loss,1.6307076215744019
68399,train_loss,1.602721929550171
68449,train_loss,1.645887851715088
68499,train_loss,1.6636097431182861
68549,train_loss,1.625093936920166
68599,train_loss,1.6077321767807007
68649,train_loss,1.5951792001724243
68699,train_loss,1.6036103963851929
68749,train_loss,1.6142486333847046
68799,train_loss,1.6225749254226685
68849,train_loss,1.600827932357788
68899,train_loss,1.6642144918441772
68949,train_loss,1.7023811340332031
68999,train_loss,1.6435014009475708
69049,train_loss,1.6236982345581055
69099,train_loss,1.6743639707565308
69149,train_loss,1.6445293426513672
69199,train_loss,1.658581256866455
69249,train_loss,1.6678122282028198
69299,train_loss,1.6668781042099
69349,train_loss,1.6208689212799072
69399,train_loss,1.6023565530776978
69449,train_loss,1.6514606475830078
69499,train_loss,1.6171009540557861
69549,train_loss,1.6051385402679443
69599,train_loss,1.6441216468811035
69649,train_loss,1.6512435674667358
69699,train_loss,1.639533519744873
69749,train_loss,1.7042081356048584
69799,train_loss,1.6356858015060425
69849,train_loss,1.6641497611999512
69899,train_loss,1.5596987009048462
69949,train_loss,1.6459472179412842
69999,train_loss,1.651495337486267
70049,train_loss,1.6193554401397705
70099,train_loss,1.7005738019943237
70149,train_loss,1.6730953454971313
70199,train_loss,1.6532069444656372
70249,train_loss,1.6028105020523071
70299,train_loss,1.573975682258606
70349,train_loss,1.579974889755249
70399,train_loss,1.623574137687683
70449,train_loss,1.6187938451766968
70499,train_loss,1.666628360748291
70549,train_loss,1.6263201236724854
70599,train_loss,1.658965826034546
70649,train_loss,1.658717393875122
70699,train_loss,1.680492877960205
70749,train_loss,1.6357306241989136
70799,train_loss,1.683451533317566
70849,train_loss,1.6555711030960083
70899,train_loss,1.672061800956726
70949,train_loss,1.6083660125732422
70999,train_loss,1.6363943815231323
71049,train_loss,1.662742257118225
71099,train_loss,1.6590842008590698
71149,train_loss,1.6234058141708374
71199,train_loss,1.6908239126205444
71249,train_loss,1.5656245946884155
71299,train_loss,1.6797059774398804
71349,train_loss,1.655350923538208
71399,train_loss,1.6569812297821045
71449,train_loss,1.631521463394165
71499,train_loss,1.598415732383728
71549,train_loss,1.589432716369629
71599,train_loss,1.639076590538025
71649,train_loss,1.6096845865249634
71699,train_loss,1.6418195962905884
71749,train_loss,1.602799415588379
71799,train_loss,1.6669059991836548
71849,train_loss,1.6276543140411377
71899,train_loss,1.5913561582565308
71949,train_loss,1.726477861404419
71999,train_loss,1.6782478094100952
72049,train_loss,1.6812801361083984
72099,train_loss,1.6132537126541138
72149,train_loss,1.6669034957885742
72199,train_loss,1.644214153289795
72249,train_loss,1.618631362915039
72299,train_loss,1.662330985069275
72349,train_loss,1.615680456161499
72399,train_loss,1.5994142293930054
72449,train_loss,1.7000406980514526
72499,train_loss,1.6849377155303955
72549,train_loss,1.7164608240127563
72599,train_loss,1.6453297138214111
72649,train_loss,1.6280639171600342
72699,train_loss,1.6671442985534668
72749,train_loss,1.6034314632415771
72799,train_loss,1.6275444030761719
72849,train_loss,1.652778148651123
72899,train_loss,1.581528663635254
72949,train_loss,1.6155288219451904
72999,train_loss,1.6436543464660645
73049,train_loss,1.7456945180892944
73099,train_loss,1.6782748699188232
73149,train_loss,1.6103757619857788
73199,train_loss,1.623618721961975
73249,train_loss,1.6302076578140259
73299,train_loss,1.6100422143936157
73349,train_loss,1.6419246196746826
73399,train_loss,1.6233643293380737
73449,train_loss,1.5994926691055298
73499,train_loss,1.626821517944336
73549,train_loss,1.6076231002807617
73599,train_loss,1.6897640228271484
73649,train_loss,1.6711822748184204
73699,train_loss,1.6814981698989868
73749,train_loss,1.6322574615478516
73799,train_loss,1.6319477558135986
73849,train_loss,1.6870852708816528
73899,train_loss,1.5667667388916016
73949,train_loss,1.6484919786453247
73999,train_loss,1.644607663154602
74049,train_loss,1.6117031574249268
74099,train_loss,1.6956661939620972
74149,train_loss,1.7395840883255005
74199,train_loss,1.6441744565963745
74249,train_loss,1.6435426473617554
74299,train_loss,1.6316242218017578
74349,train_loss,1.6706050634384155
74399,train_loss,1.611411213874817
74449,train_loss,1.6783958673477173
74499,train_loss,1.6310542821884155
74549,train_loss,1.5996040105819702
74599,train_loss,1.668318748474121
74649,train_loss,1.6222331523895264
74699,train_loss,1.6368975639343262
74749,train_loss,1.651654601097107
74799,train_loss,1.6053255796432495
74849,train_loss,1.5542657375335693
74899,train_loss,1.6690970659255981
74949,train_loss,1.6616944074630737
74999,train_loss,1.682342290878296
75049,train_loss,1.656119704246521
75099,train_loss,1.6238939762115479
75149,train_loss,1.5935419797897339
75199,train_loss,1.687436819076538
75249,train_loss,1.636562705039978
75299,train_loss,1.6670939922332764
75349,train_loss,1.6660393476486206
75399,train_loss,1.6305168867111206
75449,train_loss,1.6391856670379639
75499,train_loss,1.5961534976959229
75549,train_loss,1.6203621625900269
75599,train_loss,1.572896957397461
75649,train_loss,1.6080178022384644
75699,train_loss,1.668497085571289
75749,train_loss,1.6517266035079956
75799,train_loss,1.6771842241287231
75849,train_loss,1.5937198400497437
75899,train_loss,1.7156237363815308
75949,train_loss,1.6618982553482056
75999,train_loss,1.6101922988891602
76049,train_loss,1.6206073760986328
76099,train_loss,1.6127640008926392
76149,train_loss,1.645477533340454
76199,train_loss,1.5767555236816406
76249,train_loss,1.6411336660385132
76299,train_loss,1.6130292415618896
76349,train_loss,1.5878015756607056
76399,train_loss,1.6047260761260986
76449,train_loss,1.5882176160812378
76499,train_loss,1.6427170038223267
76549,train_loss,1.6114341020584106
76599,train_loss,1.5895766019821167
76649,train_loss,1.6227266788482666
76699,train_loss,1.6025128364562988
76749,train_loss,1.6162998676300049
76799,train_loss,1.6642613410949707
76849,train_loss,1.6216545104980469
76899,train_loss,1.6466960906982422
76949,train_loss,1.624131679534912
76999,train_loss,1.700469970703125
77049,train_loss,1.6036674976348877
77099,train_loss,1.6967366933822632
77149,train_loss,1.6434024572372437
77199,train_loss,1.705554723739624
77249,train_loss,1.6255550384521484
77299,train_loss,1.5510623455047607
77349,train_loss,1.5745148658752441
77399,train_loss,1.6565722227096558
77449,train_loss,1.6805857419967651
77499,train_loss,1.6647015810012817
77549,train_loss,1.6199636459350586
77599,train_loss,1.6901503801345825
77649,train_loss,1.63463294506073
77699,train_loss,1.6414315700531006
77749,train_loss,1.6309126615524292
77799,train_loss,1.7119734287261963
77849,train_loss,1.6218589544296265
77899,train_loss,1.6102888584136963
77949,train_loss,1.6478108167648315
77999,train_loss,1.5772956609725952
78049,train_loss,1.6397937536239624
78099,train_loss,1.6757935285568237
78149,train_loss,1.6893244981765747
78199,train_loss,1.6371546983718872
78249,train_loss,1.6242197751998901
78299,train_loss,1.6640149354934692
78349,train_loss,1.612285852432251
78399,train_loss,1.6690590381622314
78449,train_loss,1.618648886680603
78499,train_loss,1.6947569847106934
78549,train_loss,1.6391334533691406
78599,train_loss,1.6531004905700684
78649,train_loss,1.6757558584213257
78699,train_loss,1.673642873764038
78749,train_loss,1.5811887979507446
78799,train_loss,1.5454896688461304
78849,train_loss,1.6123173236846924
78899,train_loss,1.6262320280075073
78949,train_loss,1.7016891241073608
78999,train_loss,1.6346206665039062
79049,train_loss,1.6177427768707275
79099,train_loss,1.6269750595092773
79149,train_loss,1.6080681085586548
79199,train_loss,1.6911929845809937
79249,train_loss,1.6634349822998047
79299,train_loss,1.6232094764709473
79349,train_loss,1.6047204732894897
79399,train_loss,1.6655850410461426
79449,train_loss,1.6136871576309204
79499,train_loss,1.647132396697998
79549,train_loss,1.6248608827590942
79599,train_loss,1.5851178169250488
79649,train_loss,1.575287103652954
79699,train_loss,1.625908374786377
79749,train_loss,1.6146074533462524
79799,train_loss,1.5531741380691528
79849,train_loss,1.5871626138687134
79899,train_loss,1.6651796102523804
79949,train_loss,1.579174518585205
79999,train_loss,1.696507453918457
80049,train_loss,1.6343772411346436
80099,train_loss,1.6611297130584717
80149,train_loss,1.641487717628479
80199,train_loss,1.663822054862976
80249,train_loss,1.5849342346191406
80299,train_loss,1.6293432712554932
80349,train_loss,1.6020628213882446
80399,train_loss,1.6678181886672974
80449,train_loss,1.6088398694992065
80499,train_loss,1.6028765439987183
80549,train_loss,1.6224844455718994
80599,train_loss,1.6593255996704102
80649,train_loss,1.6533522605895996
80699,train_loss,1.6039693355560303
80749,train_loss,1.6648298501968384
80799,train_loss,1.6511552333831787
80849,train_loss,1.6146577596664429
80899,train_loss,1.6191776990890503
80949,train_loss,1.6573997735977173
80999,train_loss,1.6727607250213623
81049,train_loss,1.6623508930206299
81099,train_loss,1.672532081604004
81149,train_loss,1.6060459613800049
81199,train_loss,1.612682819366455
81249,train_loss,1.5969570875167847
81299,train_loss,1.6151429414749146
81349,train_loss,1.6962844133377075
81399,train_loss,1.6918482780456543
81449,train_loss,1.6272786855697632
81499,train_loss,1.6028685569763184
81549,train_loss,1.6372805833816528
81599,train_loss,1.6596299409866333
81649,train_loss,1.6598812341690063
81699,train_loss,1.6415265798568726
81749,train_loss,1.64837646484375
81799,train_loss,1.565664529800415
81849,train_loss,1.6267797946929932
81899,train_loss,1.6569745540618896
81949,train_loss,1.5883132219314575
81999,train_loss,1.6209838390350342
82049,train_loss,1.6088374853134155
82099,train_loss,1.6325165033340454
82149,train_loss,1.5336811542510986
82199,train_loss,1.5600900650024414
82249,train_loss,1.5934691429138184
82299,train_loss,1.6977778673171997
82349,train_loss,1.6429826021194458
82399,train_loss,1.6341536045074463
82449,train_loss,1.5426604747772217
82499,train_loss,1.6514697074890137
82549,train_loss,1.7151097059249878
82599,train_loss,1.6579818725585938
82649,train_loss,1.667391300201416
82699,train_loss,1.6171926259994507
82749,train_loss,1.6596778631210327
82799,train_loss,1.6233525276184082
82849,train_loss,1.6358304023742676
82899,train_loss,1.7146248817443848
82949,train_loss,1.6275373697280884
82999,train_loss,1.6349067687988281
83049,train_loss,1.6744213104248047
83099,train_loss,1.700396180152893
83149,train_loss,1.6026192903518677
83199,train_loss,1.6465580463409424
83249,train_loss,1.6061826944351196
83299,train_loss,1.6511775255203247
83349,train_loss,1.5849624872207642
83399,train_loss,1.570265531539917
83449,train_loss,1.631750226020813
83499,train_loss,1.633048415184021
83549,train_loss,1.6670033931732178
83599,train_loss,1.6843318939208984
83649,train_loss,1.6128748655319214
83699,train_loss,1.5926704406738281
83749,train_loss,1.6288907527923584
83799,train_loss,1.6204222440719604
83849,train_loss,1.619064211845398
83899,train_loss,1.616065263748169
83949,train_loss,1.6414217948913574
83999,train_loss,1.6971923112869263
84049,train_loss,1.6527385711669922
84099,train_loss,1.617992877960205
84149,train_loss,1.6230549812316895
84199,train_loss,1.659010887145996
84249,train_loss,1.63394296169281
84299,train_loss,1.6439710855484009
84349,train_loss,1.596718430519104
84399,train_loss,1.6620103120803833
84449,train_loss,1.5908575057983398
84499,train_loss,1.6331065893173218
84549,train_loss,1.6445198059082031
84599,train_loss,1.6428934335708618
84649,train_loss,1.6866024732589722
84699,train_loss,1.6361242532730103
84749,train_loss,1.5747300386428833
84799,train_loss,1.6255627870559692
84849,train_loss,1.6636507511138916
84899,train_loss,1.6561919450759888
84949,train_loss,1.6372945308685303
84999,train_loss,1.5901169776916504
85049,train_loss,1.6521016359329224
85099,train_loss,1.6110401153564453
85149,train_loss,1.6737936735153198
85199,train_loss,1.6596523523330688
85249,train_loss,1.5983331203460693
85299,train_loss,1.6692867279052734
85349,train_loss,1.58926522731781
85399,train_loss,1.6634960174560547
85449,train_loss,1.5700678825378418
85499,train_loss,1.6608401536941528
85549,train_loss,1.6265877485275269
85599,train_loss,1.6405140161514282
85649,train_loss,1.585099220275879
85699,train_loss,1.6493489742279053
85749,train_loss,1.627014398574829
85799,train_loss,1.6717205047607422
85849,train_loss,1.6539950370788574
85899,train_loss,1.664513349533081
85949,train_loss,1.5891834497451782
85999,train_loss,1.6465644836425781
86049,train_loss,1.6312916278839111
86099,train_loss,1.6064199209213257
86149,train_loss,1.644714117050171
86199,train_loss,1.6613149642944336
86249,train_loss,1.6460191011428833
86299,train_loss,1.640097975730896
86349,train_loss,1.6660982370376587
86399,train_loss,1.6453508138656616
86449,train_loss,1.6062672138214111
86499,train_loss,1.7066560983657837
86549,train_loss,1.6105644702911377
86599,train_loss,1.58415687084198
86649,train_loss,1.6342042684555054
86699,train_loss,1.6566699743270874
86749,train_loss,1.6462011337280273
86799,train_loss,1.584442138671875
86849,train_loss,1.6496233940124512
86899,train_loss,1.542367935180664
86949,train_loss,1.6426727771759033
86999,train_loss,1.6390092372894287
87049,train_loss,1.6452982425689697
87099,train_loss,1.6018489599227905
87149,train_loss,1.5650242567062378
87199,train_loss,1.625852346420288
87249,train_loss,1.5586155652999878
87299,train_loss,1.630800724029541
87349,train_loss,1.635586142539978
87399,train_loss,1.6481785774230957
87449,train_loss,1.6288270950317383
87499,train_loss,1.5704237222671509
87549,train_loss,1.638749599456787
87599,train_loss,1.6511781215667725
87649,train_loss,1.6540740728378296
87699,train_loss,1.6216397285461426
87749,train_loss,1.6469483375549316
87799,train_loss,1.5886657238006592
87849,train_loss,1.6771265268325806
87899,train_loss,1.6849534511566162
87949,train_loss,1.6009886264801025
87999,train_loss,1.6687480211257935
88049,train_loss,1.6052064895629883
88099,train_loss,1.6413791179656982
88149,train_loss,1.6325809955596924
88199,train_loss,1.5962170362472534
88249,train_loss,1.5929805040359497
88299,train_loss,1.6871700286865234
88349,train_loss,1.6399437189102173
88399,train_loss,1.624469518661499
88449,train_loss,1.6348919868469238
88499,train_loss,1.6238809823989868
88549,train_loss,1.630771517753601
88599,train_loss,1.6251814365386963
88649,train_loss,1.7050797939300537
88699,train_loss,1.6152048110961914
88749,train_loss,1.629294991493225
88799,train_loss,1.717036485671997
88849,train_loss,1.6576114892959595
88899,train_loss,1.673152208328247
88949,train_loss,1.6478285789489746
88999,train_loss,1.675673484802246
89049,train_loss,1.7028801441192627
89099,train_loss,1.607692837715149
89149,train_loss,1.6660277843475342
89199,train_loss,1.5551838874816895
89249,train_loss,1.6063520908355713
89299,train_loss,1.6343415975570679
89349,train_loss,1.6264714002609253
89399,train_loss,1.589330792427063
89449,train_loss,1.6506450176239014
89499,train_loss,1.6240019798278809
89549,train_loss,1.6191132068634033
89599,train_loss,1.619820237159729
89649,train_loss,1.597425937652588
89699,train_loss,1.6827898025512695
89749,train_loss,1.6083474159240723
89799,train_loss,1.6711162328720093
89849,train_loss,1.6171480417251587
89899,train_loss,1.5942596197128296
89949,train_loss,1.6374459266662598
89999,train_loss,1.6695585250854492
90049,train_loss,1.639038324356079
90099,train_loss,1.5850354433059692
90149,train_loss,1.631946086883545
90199,train_loss,1.6610459089279175
90249,train_loss,1.6056113243103027
90299,train_loss,1.6791483163833618
90349,train_loss,1.6418849229812622
90399,train_loss,1.6599633693695068
90449,train_loss,1.6728559732437134
90499,train_loss,1.648880124092102
90549,train_loss,1.6152570247650146
90599,train_loss,1.5864133834838867
90649,train_loss,1.658151626586914
90699,train_loss,1.6813539266586304
90749,train_loss,1.6016877889633179
90799,train_loss,1.562201738357544
90849,train_loss,1.5829781293869019
90899,train_loss,1.6586222648620605
90949,train_loss,1.6835955381393433
90999,train_loss,1.6862822771072388
91049,train_loss,1.6263278722763062
91099,train_loss,1.5255935192108154
91149,train_loss,1.6362577676773071
91199,train_loss,1.6457818746566772
91249,train_loss,1.6316683292388916
91299,train_loss,1.6313778162002563
91349,train_loss,1.580241084098816
91399,train_loss,1.6645708084106445
91449,train_loss,1.5933202505111694
91499,train_loss,1.6120021343231201
91549,train_loss,1.606891393661499
91599,train_loss,1.6248732805252075
91649,train_loss,1.6616886854171753
91699,train_loss,1.6168545484542847
91749,train_loss,1.6108635663986206
91799,train_loss,1.6197509765625
91849,train_loss,1.5869373083114624
91899,train_loss,1.7344884872436523
91949,train_loss,1.5766663551330566
91999,train_loss,1.6465033292770386
92049,train_loss,1.6500853300094604
92099,train_loss,1.6383150815963745
92149,train_loss,1.6535605192184448
92199,train_loss,1.6262415647506714
92249,train_loss,1.64772367477417
92299,train_loss,1.6908817291259766
92349,train_loss,1.616092562675476
92399,train_loss,1.5670627355575562
92449,train_loss,1.590571641921997
92499,train_loss,1.615404486656189
92549,train_loss,1.6776869297027588
92599,train_loss,1.573807954788208
92649,train_loss,1.6290044784545898
92699,train_loss,1.6054638624191284
92749,train_loss,1.6269981861114502
92799,train_loss,1.668304443359375
92849,train_loss,1.6100411415100098
92899,train_loss,1.6568474769592285
92949,train_loss,1.624271035194397
92999,train_loss,1.654622197151184
93049,train_loss,1.6088125705718994
93099,train_loss,1.595062494277954
93149,train_loss,1.6124160289764404
93199,train_loss,1.6234102249145508
93249,train_loss,1.658965826034546
93299,train_loss,1.6119630336761475
93349,train_loss,1.613150954246521
93399,train_loss,1.6305055618286133
93449,train_loss,1.6616789102554321
93499,train_loss,1.6378779411315918
93549,train_loss,1.653250813484192
93599,train_loss,1.6291444301605225
93649,train_loss,1.6924382448196411
93699,train_loss,1.6196433305740356
93749,train_loss,1.5704030990600586
93799,train_loss,1.6436113119125366
93849,train_loss,1.6141823530197144
93899,train_loss,1.6437509059906006
93949,train_loss,1.6006304025650024
93999,train_loss,1.5760860443115234
94049,train_loss,1.6126757860183716
94099,train_loss,1.5476224422454834
94149,train_loss,1.6577192544937134
94199,train_loss,1.617241621017456
94249,train_loss,1.6814508438110352
94299,train_loss,1.574236512184143
94349,train_loss,1.613114595413208
94399,train_loss,1.6077466011047363
94449,train_loss,1.533443808555603
94499,train_loss,1.6494510173797607
94549,train_loss,1.6318185329437256
94599,train_loss,1.6079034805297852
94649,train_loss,1.6963131427764893
94699,train_loss,1.6208319664001465
94749,train_loss,1.5904459953308105
94799,train_loss,1.595900297164917
94849,train_loss,1.5952085256576538
94899,train_loss,1.648144006729126
94949,train_loss,1.6442383527755737
94999,train_loss,1.658963680267334
95049,train_loss,1.6376237869262695
95099,train_loss,1.6686383485794067
95149,train_loss,1.5732133388519287
95199,train_loss,1.620543122291565
95249,train_loss,1.5961041450500488
95299,train_loss,1.6006308794021606
95349,train_loss,1.6150093078613281
95399,train_loss,1.7158206701278687
95449,train_loss,1.6379806995391846
95499,train_loss,1.6474690437316895
95549,train_loss,1.6071702241897583
95599,train_loss,1.6378549337387085
95649,train_loss,1.6158597469329834
95699,train_loss,1.5933480262756348
95749,train_loss,1.6544774770736694
95799,train_loss,1.552793264389038
95849,train_loss,1.6172908544540405
95899,train_loss,1.64760160446167
95949,train_loss,1.6086513996124268
95999,train_loss,1.5875402688980103
96049,train_loss,1.6708861589431763
96099,train_loss,1.5842995643615723
96149,train_loss,1.642693042755127
96199,train_loss,1.667769432067871
96249,train_loss,1.6066267490386963
96299,train_loss,1.6051900386810303
96349,train_loss,1.5967657566070557
96399,train_loss,1.619024395942688
96449,train_loss,1.6156147718429565
96499,train_loss,1.6002634763717651
96549,train_loss,1.6421113014221191
96599,train_loss,1.6254305839538574
96649,train_loss,1.6000369787216187
96699,train_loss,1.5921694040298462
96749,train_loss,1.5921483039855957
96799,train_loss,1.6379390954971313
96849,train_loss,1.6621116399765015
96899,train_loss,1.6987327337265015
96949,train_loss,1.6080620288848877
96999,train_loss,1.5897260904312134
97049,train_loss,1.6313773393630981
97099,train_loss,1.6709555387496948
97149,train_loss,1.6614993810653687
97199,train_loss,1.5920000076293945
97249,train_loss,1.6152654886245728
97299,train_loss,1.6179252862930298
97349,train_loss,1.5881519317626953
97399,train_loss,1.613259196281433
97449,train_loss,1.6255073547363281
97499,train_loss,1.561592936515808
97549,train_loss,1.6843948364257812
97599,train_loss,1.6010786294937134
97649,train_loss,1.6308183670043945
97699,train_loss,1.6201964616775513
97749,train_loss,1.6049067974090576
97799,train_loss,1.5897936820983887
97849,train_loss,1.5642074346542358
97899,train_loss,1.6873623132705688
97949,train_loss,1.6242115497589111
97999,train_loss,1.647068977355957
98049,train_loss,1.6236714124679565
98099,train_loss,1.6312910318374634
98149,train_loss,1.711045265197754
98199,train_loss,1.608290433883667
98249,train_loss,1.6521129608154297
98299,train_loss,1.5706369876861572
98349,train_loss,1.6684763431549072
98399,train_loss,1.6261918544769287
98449,train_loss,1.6252081394195557
98499,train_loss,1.626072645187378
98549,train_loss,1.612160086631775
98599,train_loss,1.6649097204208374
98649,train_loss,1.6522552967071533
98699,train_loss,1.6410140991210938
98749,train_loss,1.6645139455795288
98799,train_loss,1.5939253568649292
98849,train_loss,1.6207425594329834
98899,train_loss,1.6422793865203857
98949,train_loss,1.5485525131225586
98999,train_loss,1.6045103073120117
99049,train_loss,1.6142960786819458
99099,train_loss,1.6094424724578857
99149,train_loss,1.632502794265747
99199,train_loss,1.5854500532150269
99249,train_loss,1.603498935699463
99299,train_loss,1.6280726194381714
99349,train_loss,1.6108553409576416
99399,train_loss,1.6910667419433594
99449,train_loss,1.5917558670043945
99499,train_loss,1.6224253177642822
99549,train_loss,1.637818455696106
99599,train_loss,1.5942378044128418
99649,train_loss,1.638285756111145
99699,train_loss,1.5774812698364258
99749,train_loss,1.5809507369995117
99799,train_loss,1.5970137119293213
99849,train_loss,1.632099986076355
99899,train_loss,1.6866587400436401
99949,train_loss,1.6875642538070679
99999,train_loss,1.628971815109253
100049,train_loss,1.601121187210083
100099,train_loss,1.5861690044403076
100149,train_loss,1.5675578117370605
100199,train_loss,1.6238895654678345
100249,train_loss,1.621511697769165
100299,train_loss,1.6124290227890015
100349,train_loss,1.6136385202407837
100399,train_loss,1.6205471754074097
100449,train_loss,1.6227859258651733
100499,train_loss,1.6046648025512695
100549,train_loss,1.6210054159164429
100599,train_loss,1.606522798538208
100649,train_loss,1.6121584177017212
100699,train_loss,1.593796968460083
100749,train_loss,1.6692314147949219
100799,train_loss,1.5747040510177612
100849,train_loss,1.6284830570220947
100899,train_loss,1.5725258588790894
100949,train_loss,1.5530335903167725
100999,train_loss,1.6293939352035522
101049,train_loss,1.6095999479293823
101099,train_loss,1.6350513696670532
101149,train_loss,1.6325969696044922
101199,train_loss,1.6178057193756104
101249,train_loss,1.6542102098464966
101299,train_loss,1.6916279792785645
101349,train_loss,1.6175389289855957
101399,train_loss,1.670080542564392
101449,train_loss,1.6281352043151855
101499,train_loss,1.6417316198349
101549,train_loss,1.6031264066696167
101599,train_loss,1.5875557661056519
101649,train_loss,1.684645414352417
101699,train_loss,1.6008678674697876
101749,train_loss,1.5832633972167969
101799,train_loss,1.6262272596359253
101849,train_loss,1.6324259042739868
101899,train_loss,1.6427969932556152
101949,train_loss,1.6052422523498535
101999,train_loss,1.5954546928405762
102049,train_loss,1.666409969329834
102099,train_loss,1.6416945457458496
102149,train_loss,1.6248937845230103
102199,train_loss,1.656826138496399
102249,train_loss,1.6283025741577148
102299,train_loss,1.6219120025634766
102349,train_loss,1.5924092531204224
102399,train_loss,1.646775484085083
102449,train_loss,1.6901400089263916
102499,train_loss,1.6525473594665527
102549,train_loss,1.5728912353515625
102599,train_loss,1.5958287715911865
102649,train_loss,1.6094692945480347
102699,train_loss,1.6455949544906616
102749,train_loss,1.5866425037384033
102799,train_loss,1.6374374628067017
102849,train_loss,1.634522557258606
102899,train_loss,1.608889102935791
102949,train_loss,1.6454576253890991
102999,train_loss,1.578723669052124
103049,train_loss,1.6502501964569092
103099,train_loss,1.6812726259231567
103149,train_loss,1.6160929203033447
103199,train_loss,1.599776268005371
103249,train_loss,1.6309348344802856
103299,train_loss,1.6877565383911133
103349,train_loss,1.6035256385803223
103399,train_loss,1.6730225086212158
103449,train_loss,1.5616799592971802
103499,train_loss,1.5875434875488281
103549,train_loss,1.6068180799484253
103599,train_loss,1.5704028606414795
103649,train_loss,1.646209478378296
103699,train_loss,1.62509286403656
103749,train_loss,1.6614937782287598
103799,train_loss,1.6013884544372559
103849,train_loss,1.6534143686294556
103899,train_loss,1.5733730792999268
103949,train_loss,1.6093164682388306
103999,train_loss,1.5430353879928589
104049,train_loss,1.6773207187652588
104099,train_loss,1.6357975006103516
104149,train_loss,1.6774728298187256
104199,train_loss,1.6924747228622437
104249,train_loss,1.6373116970062256
104299,train_loss,1.6357336044311523
104349,train_loss,1.6363340616226196
104399,train_loss,1.6148122549057007
104449,train_loss,1.636339545249939
104499,train_loss,1.6239994764328003
104549,train_loss,1.6045305728912354
104599,train_loss,1.6011871099472046
104649,train_loss,1.6002458333969116
104699,train_loss,1.6296072006225586
104749,train_loss,1.601554274559021
104799,train_loss,1.5957190990447998
104849,train_loss,1.6330149173736572
104899,train_loss,1.6259185075759888
104949,train_loss,1.6234196424484253
104999,train_loss,1.6492865085601807
105049,train_loss,1.5885297060012817
105099,train_loss,1.5884610414505005
105149,train_loss,1.6060872077941895
105199,train_loss,1.6514105796813965
105249,train_loss,1.6408458948135376
105299,train_loss,1.6379112005233765
105349,train_loss,1.6502962112426758
105399,train_loss,1.6939202547073364
105449,train_loss,1.6236435174942017
105499,train_loss,1.5988819599151611
105549,train_loss,1.6766949892044067
105599,train_loss,1.6219016313552856
105649,train_loss,1.7015897035598755
105699,train_loss,1.645341157913208
105749,train_loss,1.6355955600738525
105799,train_loss,1.623171329498291
105849,train_loss,1.6363202333450317
105899,train_loss,1.5930274724960327
105949,train_loss,1.658516526222229
105999,train_loss,1.5641433000564575
106049,train_loss,1.6593198776245117
106099,train_loss,1.6107656955718994
106149,train_loss,1.60670804977417
106199,train_loss,1.7010424137115479
106249,train_loss,1.6423066854476929
106299,train_loss,1.6116588115692139
106349,train_loss,1.643422245979309
106399,train_loss,1.5959657430648804
106449,train_loss,1.6821147203445435
106499,train_loss,1.582086443901062
106549,train_loss,1.667108416557312
106599,train_loss,1.5933372974395752
106649,train_loss,1.5977660417556763
106699,train_loss,1.6095967292785645
106749,train_loss,1.6575754880905151
106799,train_loss,1.634455919265747
106849,train_loss,1.5953025817871094
106899,train_loss,1.6034777164459229
106949,train_loss,1.638669490814209
106999,train_loss,1.6908178329467773
107049,train_loss,1.5825796127319336
107099,train_loss,1.5586178302764893
107149,train_loss,1.6137943267822266
107199,train_loss,1.5953264236450195
107249,train_loss,1.6680394411087036
107299,train_loss,1.5305216312408447
107349,train_loss,1.604023814201355
107399,train_loss,1.5872803926467896
107449,train_loss,1.5561883449554443
107499,train_loss,1.5827264785766602
107549,train_loss,1.6113795042037964
107599,train_loss,1.5744634866714478
107649,train_loss,1.600527048110962
107699,train_loss,1.6247730255126953
107749,train_loss,1.6346099376678467
107799,train_loss,1.7283791303634644
107849,train_loss,1.6730490922927856
107899,train_loss,1.6196751594543457
107949,train_loss,1.6767568588256836
107999,train_loss,1.6324501037597656
108049,train_loss,1.6411653757095337
108099,train_loss,1.6005951166152954
108149,train_loss,1.5957350730895996
108199,train_loss,1.6383379697799683
108249,train_loss,1.6730650663375854
108299,train_loss,1.588059425354004
108349,train_loss,1.6376906633377075
108399,train_loss,1.615792155265808
108449,train_loss,1.596203088760376
108499,train_loss,1.6029125452041626
108549,train_loss,1.6233882904052734
108599,train_loss,1.6060080528259277
108649,train_loss,1.630599021911621
108699,train_loss,1.6577816009521484
108749,train_loss,1.6320832967758179
108799,train_loss,1.5693979263305664
108849,train_loss,1.635399580001831
108899,train_loss,1.6726336479187012
108949,train_loss,1.5703870058059692
108999,train_loss,1.581201434135437
109049,train_loss,1.6039314270019531
109099,train_loss,1.6393852233886719
109149,train_loss,1.6086013317108154
109199,train_loss,1.6118147373199463
109249,train_loss,1.6131885051727295
109299,train_loss,1.623465895652771
109349,train_loss,1.5887647867202759
109399,train_loss,1.6065211296081543
109449,train_loss,1.6951837539672852
109499,train_loss,1.6116867065429688
109549,train_loss,1.5991785526275635
109599,train_loss,1.5503897666931152
109649,train_loss,1.5475363731384277
109699,train_loss,1.6481531858444214
109749,train_loss,1.58107328414917
109799,train_loss,1.569847822189331
109849,train_loss,1.6631983518600464
109899,train_loss,1.594083547592163
109949,train_loss,1.624767780303955
109999,train_loss,1.64775812625885
110049,train_loss,1.614892840385437
110099,train_loss,1.5785961151123047
110149,train_loss,1.6113700866699219
110199,train_loss,1.6558818817138672
110249,train_loss,1.5997531414031982
110299,train_loss,1.6541026830673218
110349,train_loss,1.6669317483901978
110399,train_loss,1.6080039739608765
110449,train_loss,1.5886435508728027
110499,train_loss,1.5959521532058716
110549,train_loss,1.5718013048171997
110599,train_loss,1.6136753559112549
110649,train_loss,1.6278624534606934
110699,train_loss,1.6085723638534546
110749,train_loss,1.624375820159912
110799,train_loss,1.632021188735962
110849,train_loss,1.601133108139038
110899,train_loss,1.6219297647476196
110949,train_loss,1.589389681816101
110999,train_loss,1.6458228826522827
111049,train_loss,1.6309915781021118
111099,train_loss,1.631455898284912
111149,train_loss,1.5984059572219849
111199,train_loss,1.6335060596466064
111249,train_loss,1.6097805500030518
111299,train_loss,1.5857733488082886
111349,train_loss,1.6410542726516724
111399,train_loss,1.6976746320724487
111449,train_loss,1.6563966274261475
111499,train_loss,1.620360016822815
111549,train_loss,1.5858741998672485
111599,train_loss,1.6300255060195923
111649,train_loss,1.696596622467041
111699,train_loss,1.634334921836853
111749,train_loss,1.6924452781677246
111799,train_loss,1.6165882349014282
111849,train_loss,1.6030343770980835
111899,train_loss,1.633780598640442
111949,train_loss,1.6322308778762817
111999,train_loss,1.5600203275680542
112049,train_loss,1.59610116481781
112099,train_loss,1.5796020030975342
112149,train_loss,1.7098764181137085
112199,train_loss,1.6275312900543213
112249,train_loss,1.6196820735931396
112299,train_loss,1.6376556158065796
112349,train_loss,1.612879991531372
112399,train_loss,1.5644444227218628
112449,train_loss,1.585653305053711
112499,train_loss,1.5897239446640015
112549,train_loss,1.6394994258880615
112599,train_loss,1.5903767347335815
112649,train_loss,1.5993765592575073
112699,train_loss,1.564894437789917
112749,train_loss,1.6362484693527222
112799,train_loss,1.671998143196106
112849,train_loss,1.5890687704086304
112899,train_loss,1.6391069889068604
112949,train_loss,1.6731191873550415
112999,train_loss,1.656688928604126
113049,train_loss,1.5974122285842896
113099,train_loss,1.622714638710022
113149,train_loss,1.5726226568222046
113199,train_loss,1.6182862520217896
113249,train_loss,1.5864065885543823
113299,train_loss,1.6400785446166992
113349,train_loss,1.6169886589050293
113399,train_loss,1.6281373500823975
113449,train_loss,1.611676812171936
113499,train_loss,1.6420397758483887
113549,train_loss,1.5757949352264404
113599,train_loss,1.5766769647598267
113649,train_loss,1.5658217668533325
113699,train_loss,1.6020358800888062
113749,train_loss,1.633005142211914
113799,train_loss,1.5583224296569824
113849,train_loss,1.6756287813186646
113899,train_loss,1.6302961111068726
113949,train_loss,1.6881202459335327
113999,train_loss,1.6200557947158813
114049,train_loss,1.5906389951705933
114099,train_loss,1.58254075050354
114149,train_loss,1.5875087976455688
114199,train_loss,1.605219841003418
114249,train_loss,1.6243382692337036
114299,train_loss,1.5509393215179443
114349,train_loss,1.5968416929244995
114399,train_loss,1.6471291780471802
114449,train_loss,1.6222952604293823
114499,train_loss,1.6747373342514038
114549,train_loss,1.6714743375778198
114599,train_loss,1.6394693851470947
114649,train_loss,1.6050701141357422
114699,train_loss,1.5565311908721924
114749,train_loss,1.5889195203781128
114799,train_loss,1.6216365098953247
114849,train_loss,1.6325085163116455
114899,train_loss,1.654173493385315
114949,train_loss,1.6283670663833618
114999,train_loss,1.5997451543807983
115049,train_loss,1.645164132118225
115099,train_loss,1.5688203573226929
115149,train_loss,1.690320611000061
115199,train_loss,1.5942212343215942
115249,train_loss,1.5798019170761108
115299,train_loss,1.7175995111465454
115349,train_loss,1.6636269092559814
115399,train_loss,1.5895107984542847
115449,train_loss,1.5844929218292236
115499,train_loss,1.6271358728408813
115549,train_loss,1.6305432319641113
115599,train_loss,1.6239444017410278
115649,train_loss,1.5318118333816528
115699,train_loss,1.592125654220581
115749,train_loss,1.6512888669967651
115799,train_loss,1.6992169618606567
115849,train_loss,1.6320319175720215
115899,train_loss,1.5768001079559326
115949,train_loss,1.5795881748199463
115999,train_loss,1.6243573427200317
116049,train_loss,1.5886417627334595
116099,train_loss,1.66454017162323
116149,train_loss,1.6990973949432373
116199,train_loss,1.6456270217895508
116249,train_loss,1.5784004926681519
116299,train_loss,1.6160997152328491
116349,train_loss,1.6299337148666382
116399,train_loss,1.6045968532562256
116449,train_loss,1.6427483558654785
116499,train_loss,1.6278430223464966
116549,train_loss,1.5917474031448364
116599,train_loss,1.6477688550949097
116649,train_loss,1.5867727994918823
116699,train_loss,1.6627780199050903
116749,train_loss,1.5737553834915161
116799,train_loss,1.6088905334472656
116849,train_loss,1.6785564422607422
116899,train_loss,1.5419905185699463
116949,train_loss,1.6139130592346191
116999,train_loss,1.6339737176895142
117049,train_loss,1.6481736898422241
117099,train_loss,1.6700443029403687
117149,train_loss,1.683809518814087
117199,train_loss,1.6258161067962646
117249,train_loss,1.6393485069274902
117299,train_loss,1.661258339881897
117349,train_loss,1.5805003643035889
117399,train_loss,1.6093162298202515
117449,train_loss,1.619077444076538
117499,train_loss,1.6511694192886353
117549,train_loss,1.5609428882598877
117599,train_loss,1.6041407585144043
117649,train_loss,1.5938853025436401
117699,train_loss,1.6177829504013062
117749,train_loss,1.6148077249526978
117799,train_loss,1.5833159685134888
117849,train_loss,1.6111239194869995
117899,train_loss,1.5743768215179443
117949,train_loss,1.6484346389770508
117999,train_loss,1.60901939868927
118049,train_loss,1.6466509103775024
118099,train_loss,1.5242698192596436
118149,train_loss,1.6181668043136597
118199,train_loss,1.645849585533142
118249,train_loss,1.6133184432983398
118299,train_loss,1.656457543373108
118349,train_loss,1.5895895957946777
118399,train_loss,1.597489833831787
118449,train_loss,1.5909826755523682
118499,train_loss,1.6928094625473022
118549,train_loss,1.6505168676376343
118599,train_loss,1.603373646736145
118649,train_loss,1.6840208768844604
118699,train_loss,1.6433688402175903
118749,train_loss,1.6114078760147095
118799,train_loss,1.5827044248580933
118849,train_loss,1.5257943868637085
118899,train_loss,1.6476179361343384
118949,train_loss,1.5773006677627563
118999,train_loss,1.5830113887786865
119049,train_loss,1.6724334955215454
119099,train_loss,1.608162522315979
119149,train_loss,1.6199076175689697
119199,train_loss,1.53160560131073
119249,train_loss,1.5932685136795044
119299,train_loss,1.6566007137298584
119349,train_loss,1.5487372875213623
119399,train_loss,1.5880725383758545
119449,train_loss,1.7389270067214966
119499,train_loss,1.5875017642974854
119549,train_loss,1.6510560512542725
119599,train_loss,1.6406989097595215
119649,train_loss,1.587807059288025
119699,train_loss,1.5944151878356934
119749,train_loss,1.617734432220459
119799,train_loss,1.6618928909301758
119849,train_loss,1.6177074909210205
119899,train_loss,1.6100772619247437
119949,train_loss,1.6008094549179077
119999,train_loss,1.6009480953216553
120049,train_loss,1.62887442111969
120099,train_loss,1.642392635345459
120149,train_loss,1.593704342842102
120199,train_loss,1.6064344644546509
120249,train_loss,1.6151752471923828
120299,train_loss,1.589882731437683
120349,train_loss,1.6139955520629883
120399,train_loss,1.6038273572921753
120449,train_loss,1.6184275150299072
120499,train_loss,1.5849976539611816
120549,train_loss,1.6022084951400757
120599,train_loss,1.5922057628631592
120649,train_loss,1.6305605173110962
120699,train_loss,1.676233172416687
120749,train_loss,1.5818957090377808
120799,train_loss,1.704844355583191
120849,train_loss,1.6541441679000854
120899,train_loss,1.5980693101882935
120949,train_loss,1.6096168756484985
120999,train_loss,1.617375373840332
121049,train_loss,1.5582410097122192
121099,train_loss,1.578632116317749
121149,train_loss,1.641423225402832
121199,train_loss,1.6021287441253662
121249,train_loss,1.6118773221969604
121299,train_loss,1.6223376989364624
121349,train_loss,1.6868531703948975
121399,train_loss,1.6294074058532715
121449,train_loss,1.6447547674179077
121499,train_loss,1.5993473529815674
121549,train_loss,1.5923486948013306
121599,train_loss,1.6976187229156494
121649,train_loss,1.577918291091919
121699,train_loss,1.5827536582946777
121749,train_loss,1.5856443643569946
121799,train_loss,1.5972591638565063
121849,train_loss,1.637291669845581
121899,train_loss,1.599919080734253
121949,train_loss,1.6235538721084595
121999,train_loss,1.609481930732727
122049,train_loss,1.661763310432434
122099,train_loss,1.5839879512786865
122149,train_loss,1.6311248540878296
122199,train_loss,1.5744706392288208
122249,train_loss,1.5276105403900146
122299,train_loss,1.650709867477417
122349,train_loss,1.6061116456985474
122399,train_loss,1.5947812795639038
122449,train_loss,1.595325231552124
122499,train_loss,1.5862617492675781
122549,train_loss,1.6165845394134521
122599,train_loss,1.6310958862304688
122649,train_loss,1.5671299695968628
122699,train_loss,1.6577410697937012
122749,train_loss,1.637308955192566
122799,train_loss,1.60025954246521
122849,train_loss,1.6318057775497437
122899,train_loss,1.5870208740234375
122949,train_loss,1.5581427812576294
122999,train_loss,1.5747979879379272
123049,train_loss,1.5307023525238037
123099,train_loss,1.5939245223999023
123149,train_loss,1.667474627494812
123199,train_loss,1.5853825807571411
123249,train_loss,1.6734167337417603
123299,train_loss,1.6815284490585327
123349,train_loss,1.6198005676269531
123399,train_loss,1.603247880935669
123449,train_loss,1.6700390577316284
123499,train_loss,1.6762224435806274
123549,train_loss,1.6217405796051025
123599,train_loss,1.6388719081878662
123649,train_loss,1.5793668031692505
123699,train_loss,1.608421802520752
123749,train_loss,1.6213631629943848
123799,train_loss,1.612180233001709
123849,train_loss,1.5544332265853882
123899,train_loss,1.628861665725708
123949,train_loss,1.6934767961502075
123999,train_loss,1.711119294166565
124049,train_loss,1.5728727579116821
124099,train_loss,1.6205066442489624
124149,train_loss,1.6153268814086914
124199,train_loss,1.6095868349075317
124249,train_loss,1.577686071395874
124299,train_loss,1.605215072631836
124349,train_loss,1.6326838731765747
124399,train_loss,1.5802420377731323
124449,train_loss,1.575893759727478
124499,train_loss,1.7211858034133911
124549,train_loss,1.616132378578186
124599,train_loss,1.6015474796295166
124649,train_loss,1.579512596130371
124699,train_loss,1.5598148107528687
124749,train_loss,1.5778000354766846
124799,train_loss,1.557730793952942
124849,train_loss,1.6453328132629395
124899,train_loss,1.6291207075119019
124949,train_loss,1.6089082956314087
124999,train_loss,1.585829734802246
125049,train_loss,1.5276154279708862
125099,train_loss,1.645198106765747
125149,train_loss,1.6468230485916138
125199,train_loss,1.6598403453826904
125249,train_loss,1.5686328411102295
125299,train_loss,1.5939455032348633
125349,train_loss,1.6321557760238647
125399,train_loss,1.5895969867706299
125449,train_loss,1.6503797769546509
125499,train_loss,1.5695031881332397
125549,train_loss,1.580968976020813
125599,train_loss,1.6321996450424194
125649,train_loss,1.6121538877487183
125699,train_loss,1.6527917385101318
125749,train_loss,1.5537927150726318
125799,train_loss,1.5992921590805054
125849,train_loss,1.5808324813842773
125899,train_loss,1.599737286567688
125949,train_loss,1.5814006328582764
125999,train_loss,1.620863914489746
126049,train_loss,1.6030443906784058
126099,train_loss,1.5802654027938843
126149,train_loss,1.6188077926635742
126199,train_loss,1.6721768379211426
126249,train_loss,1.6567211151123047
126299,train_loss,1.594565987586975
126349,train_loss,1.630715012550354
126399,train_loss,1.603940725326538
126449,train_loss,1.6163219213485718
126499,train_loss,1.6526778936386108
126549,train_loss,1.6514315605163574
126599,train_loss,1.6221204996109009
126649,train_loss,1.6539645195007324
126699,train_loss,1.5995632410049438
126749,train_loss,1.6196930408477783
126799,train_loss,1.6711395978927612
126849,train_loss,1.5979522466659546
126899,train_loss,1.6134753227233887
126949,train_loss,1.606202483177185
126999,train_loss,1.609797716140747
127049,train_loss,1.5806803703308105
127099,train_loss,1.6192007064819336
127149,train_loss,1.6583985090255737
127199,train_loss,1.6292567253112793
127249,train_loss,1.6081970930099487
127299,train_loss,1.6195310354232788
127349,train_loss,1.578583836555481
127399,train_loss,1.624016284942627
127449,train_loss,1.582869052886963
127499,train_loss,1.6312427520751953
127549,train_loss,1.6291929483413696
127599,train_loss,1.555717945098877
127649,train_loss,1.649407148361206
127699,train_loss,1.546891212463379
127749,train_loss,1.6113309860229492
127799,train_loss,1.609293818473816
127849,train_loss,1.5826127529144287
127899,train_loss,1.586737871170044
127949,train_loss,1.5891902446746826
127999,train_loss,1.6259182691574097
128049,train_loss,1.614538550376892
128099,train_loss,1.6327624320983887
128149,train_loss,1.5882104635238647
128199,train_loss,1.576404333114624
128249,train_loss,1.6148266792297363
128299,train_loss,1.6409322023391724
128349,train_loss,1.633711576461792
128399,train_loss,1.6064692735671997
128449,train_loss,1.5576951503753662
128499,train_loss,1.5870904922485352
128549,train_loss,1.6896361112594604
128599,train_loss,1.607283592224121
128649,train_loss,1.5695873498916626
128699,train_loss,1.6188291311264038
128749,train_loss,1.572483777999878
128799,train_loss,1.5914442539215088
128849,train_loss,1.5876120328903198
128899,train_loss,1.5397744178771973
128949,train_loss,1.694569706916809
128999,train_loss,1.5850459337234497
129049,train_loss,1.630897879600525
129099,train_loss,1.6424729824066162
129149,train_loss,1.5578866004943848
129199,train_loss,1.63077712059021
129249,train_loss,1.636946678161621
129299,train_loss,1.5702449083328247
129349,train_loss,1.7149392366409302
129399,train_loss,1.5635411739349365
129449,train_loss,1.5939971208572388
129499,train_loss,1.5763524770736694
129549,train_loss,1.6715285778045654
129599,train_loss,1.532585859298706
129649,train_loss,1.6296838521957397
129699,train_loss,1.569571852684021
129749,train_loss,1.6130610704421997
129799,train_loss,1.5954819917678833
129849,train_loss,1.6476167440414429
129899,train_loss,1.6193667650222778
129949,train_loss,1.6185567378997803
129999,train_loss,1.6629854440689087
130049,train_loss,1.6161566972732544
130099,train_loss,1.57420015335083
130149,train_loss,1.6051348447799683
130199,train_loss,1.5982506275177002
130249,train_loss,1.6306439638137817
130299,train_loss,1.5997675657272339
130349,train_loss,1.650160789489746
130399,train_loss,1.5851103067398071
130449,train_loss,1.6201895475387573
130499,train_loss,1.5673569440841675
130549,train_loss,1.6266306638717651
130599,train_loss,1.6109631061553955
130649,train_loss,1.6222790479660034
130699,train_loss,1.5958551168441772
130749,train_loss,1.6316462755203247
130799,train_loss,1.5362378358840942
130849,train_loss,1.6650992631912231
130899,train_loss,1.6067521572113037
130949,train_loss,1.6096018552780151
130999,train_loss,1.636433482170105
131049,train_loss,1.6172722578048706
131099,train_loss,1.6935116052627563
131149,train_loss,1.5758146047592163
131199,train_loss,1.5451573133468628
131249,train_loss,1.5878595113754272
131299,train_loss,1.61955726146698
131349,train_loss,1.6348849534988403
131399,train_loss,1.5827245712280273
131449,train_loss,1.603789210319519
131499,train_loss,1.630938172340393
131549,train_loss,1.6879017353057861
131599,train_loss,1.6043388843536377
131649,train_loss,1.6431633234024048
131699,train_loss,1.5881073474884033
131749,train_loss,1.5642187595367432
131799,train_loss,1.5793297290802002
131849,train_loss,1.6389082670211792
131899,train_loss,1.5756298303604126
131949,train_loss,1.6208398342132568
131999,train_loss,1.546514868736267
132049,train_loss,1.6403822898864746
132099,train_loss,1.6348414421081543
132149,train_loss,1.603811502456665
132199,train_loss,1.6197537183761597
132249,train_loss,1.614728569984436
132299,train_loss,1.643282413482666
132349,train_loss,1.5996618270874023
132399,train_loss,1.6229923963546753
132449,train_loss,1.6051162481307983
132499,train_loss,1.5856834650039673
132549,train_loss,1.595536231994629
132599,train_loss,1.5975377559661865
132649,train_loss,1.5731732845306396
132699,train_loss,1.5338259935379028
132749,train_loss,1.6718806028366089
132799,train_loss,1.6122026443481445
132849,train_loss,1.5809520483016968
132899,train_loss,1.6054580211639404
132949,train_loss,1.6105091571807861
132999,train_loss,1.5991076231002808
133049,train_loss,1.6435939073562622
133099,train_loss,1.5977228879928589
133149,train_loss,1.6257904767990112
133199,train_loss,1.6377463340759277
133249,train_loss,1.5746923685073853
133299,train_loss,1.6293283700942993
133349,train_loss,1.6351720094680786
133399,train_loss,1.628596305847168
133449,train_loss,1.5859205722808838
133499,train_loss,1.6039941310882568
133549,train_loss,1.6088999509811401
133599,train_loss,1.5921193361282349
133649,train_loss,1.5640900135040283
133699,train_loss,1.5765187740325928
133749,train_loss,1.606194257736206
133799,train_loss,1.5756789445877075
133849,train_loss,1.6552996635437012
133899,train_loss,1.587615728378296
133949,train_loss,1.608872890472412
133999,train_loss,1.6293622255325317
134049,train_loss,1.6286938190460205
134099,train_loss,1.5910060405731201
134149,train_loss,1.6038525104522705
134199,train_loss,1.6264519691467285
134249,train_loss,1.6108509302139282
134299,train_loss,1.586594581604004
134349,train_loss,1.6217448711395264
134399,train_loss,1.6605907678604126
134449,train_loss,1.6225183010101318
134499,train_loss,1.6069121360778809
134549,train_loss,1.626387357711792
134599,train_loss,1.5878798961639404
134649,train_loss,1.6659022569656372
134699,train_loss,1.640037178993225
134749,train_loss,1.5955772399902344
134799,train_loss,1.6548314094543457
134849,train_loss,1.5319563150405884
134899,train_loss,1.6069291830062866
134949,train_loss,1.56508207321167
134999,train_loss,1.6184337139129639
135049,train_loss,1.6762702465057373
135099,train_loss,1.652410864830017
135149,train_loss,1.5745495557785034
135199,train_loss,1.5928136110305786
135249,train_loss,1.6213208436965942
135299,train_loss,1.6000490188598633
135349,train_loss,1.5874758958816528
135399,train_loss,1.5984842777252197
135449,train_loss,1.6216174364089966
135499,train_loss,1.6288255453109741
135549,train_loss,1.6595728397369385
135599,train_loss,1.5946540832519531
135649,train_loss,1.5925434827804565
135699,train_loss,1.6670418977737427
135749,train_loss,1.6294585466384888
135799,train_loss,1.6074885129928589
135849,train_loss,1.584506630897522
135899,train_loss,1.592018961906433
135949,train_loss,1.6230977773666382
135999,train_loss,1.6415367126464844
136049,train_loss,1.6168510913848877
136099,train_loss,1.5668946504592896
136149,train_loss,1.624147891998291
136199,train_loss,1.5509766340255737
136249,train_loss,1.6457303762435913
136299,train_loss,1.684601902961731
136349,train_loss,1.6063742637634277
136399,train_loss,1.6566424369812012
136449,train_loss,1.6256823539733887
136499,train_loss,1.5887260437011719
136549,train_loss,1.6420764923095703
136599,train_loss,1.5770472288131714
136649,train_loss,1.565063238143921
136699,train_loss,1.6203067302703857
136749,train_loss,1.5947673320770264
136799,train_loss,1.5781433582305908
136849,train_loss,1.6205648183822632
136899,train_loss,1.6067341566085815
136949,train_loss,1.6260045766830444
136999,train_loss,1.510450005531311
137049,train_loss,1.6359211206436157
137099,train_loss,1.577355146408081
137149,train_loss,1.6249456405639648
137199,train_loss,1.5987317562103271
137249,train_loss,1.6427509784698486
137299,train_loss,1.5530920028686523
137349,train_loss,1.6439507007598877
137399,train_loss,1.5728638172149658
137449,train_loss,1.580342411994934
137499,train_loss,1.5891368389129639
137549,train_loss,1.564340591430664
137599,train_loss,1.6527894735336304
137649,train_loss,1.6309705972671509
137699,train_loss,1.6515049934387207
137749,train_loss,1.5991716384887695
137799,train_loss,1.6214678287506104
137849,train_loss,1.5931755304336548
137899,train_loss,1.6090935468673706
137949,train_loss,1.6411997079849243
137999,train_loss,1.6343055963516235
138049,train_loss,1.5910019874572754
138099,train_loss,1.6461974382400513
138149,train_loss,1.598888874053955
138199,train_loss,1.6034832000732422
138249,train_loss,1.6881095170974731
138299,train_loss,1.6313470602035522
138349,train_loss,1.628528118133545
138399,train_loss,1.6409070491790771
138449,train_loss,1.5799146890640259
138499,train_loss,1.6146230697631836
138549,train_loss,1.6891330480575562
138599,train_loss,1.6226887702941895
138649,train_loss,1.5386760234832764
138699,train_loss,1.6064352989196777
138749,train_loss,1.6296457052230835
138799,train_loss,1.5885227918624878
138849,train_loss,1.5823051929473877
138899,train_loss,1.5812506675720215
138949,train_loss,1.5741974115371704
138999,train_loss,1.5438594818115234
139049,train_loss,1.6684433221817017
139099,train_loss,1.6440660953521729
139149,train_loss,1.5945637226104736
139199,train_loss,1.6239192485809326
139249,train_loss,1.6878383159637451
139299,train_loss,1.6140124797821045
139349,train_loss,1.6357187032699585
139399,train_loss,1.5881669521331787
139449,train_loss,1.5826770067214966
139499,train_loss,1.6361360549926758
139549,train_loss,1.6292409896850586
139599,train_loss,1.6227232217788696
139649,train_loss,1.576964259147644
139699,train_loss,1.626562237739563
139749,train_loss,1.6482285261154175
139799,train_loss,1.6455837488174438
139849,train_loss,1.6485941410064697
139899,train_loss,1.6001684665679932
139949,train_loss,1.671690821647644
139999,train_loss,1.598746418952942
140049,train_loss,1.6495099067687988
140099,train_loss,1.6035479307174683
140149,train_loss,1.571311354637146
140199,train_loss,1.614270806312561
140249,train_loss,1.6189358234405518
140299,train_loss,1.6058628559112549
140349,train_loss,1.6492919921875
140399,train_loss,1.607272982597351
140449,train_loss,1.6451711654663086
140499,train_loss,1.5640499591827393
140549,train_loss,1.616030216217041
140599,train_loss,1.5696980953216553
140649,train_loss,1.584260106086731
140699,train_loss,1.6464500427246094
140749,train_loss,1.6208893060684204
140799,train_loss,1.6140903234481812
140849,train_loss,1.545222520828247
140899,train_loss,1.614547610282898
140949,train_loss,1.5939946174621582
140999,train_loss,1.6203895807266235
141049,train_loss,1.6217018365859985
141099,train_loss,1.604553461074829
141149,train_loss,1.592559814453125
141199,train_loss,1.556431531906128
141249,train_loss,1.6172728538513184
141299,train_loss,1.584283471107483
141349,train_loss,1.6589080095291138
141399,train_loss,1.6354238986968994
141449,train_loss,1.5886893272399902
141499,train_loss,1.5986883640289307
141549,train_loss,1.5851911306381226
141599,train_loss,1.658348560333252
141649,train_loss,1.594704508781433
141699,train_loss,1.5905402898788452
141749,train_loss,1.5448142290115356
141799,train_loss,1.6146512031555176
141849,train_loss,1.6637649536132812
141899,train_loss,1.6131078004837036
141949,train_loss,1.5676727294921875
141999,train_loss,1.6224408149719238
142049,train_loss,1.6327587366104126
142099,train_loss,1.6090975999832153
142149,train_loss,1.6272835731506348
142199,train_loss,1.5742398500442505
142249,train_loss,1.5906476974487305
142299,train_loss,1.5859324932098389
142349,train_loss,1.5762851238250732
142399,train_loss,1.563275933265686
142449,train_loss,1.6577073335647583
142499,train_loss,1.5574290752410889
142549,train_loss,1.571571946144104
142599,train_loss,1.6002367734909058
142649,train_loss,1.6079444885253906
142699,train_loss,1.6129591464996338
142749,train_loss,1.6839728355407715
142799,train_loss,1.5941922664642334
142849,train_loss,1.6431902647018433
142899,train_loss,1.5775115489959717
142949,train_loss,1.5853163003921509
142999,train_loss,1.5138434171676636
143049,train_loss,1.558166265487671
143099,train_loss,1.5455570220947266
143149,train_loss,1.6609292030334473
143199,train_loss,1.5441417694091797
143249,train_loss,1.614363431930542
143299,train_loss,1.623036503791809
143349,train_loss,1.5595566034317017
143399,train_loss,1.6777608394622803
143449,train_loss,1.657604694366455
143499,train_loss,1.60747492313385
143549,train_loss,1.6559133529663086
143599,train_loss,1.5511364936828613
143649,train_loss,1.6386187076568604
143699,train_loss,1.4475300312042236
143749,train_loss,1.5585039854049683
143799,train_loss,1.6102055311203003
143849,train_loss,1.5723844766616821
143899,train_loss,1.6292918920516968
143949,train_loss,1.539184808731079
143999,train_loss,1.5582656860351562
144049,train_loss,1.6368556022644043
144099,train_loss,1.5519343614578247
144149,train_loss,1.6331233978271484
144199,train_loss,1.6820341348648071
144249,train_loss,1.5897406339645386
144299,train_loss,1.6201835870742798
144349,train_loss,1.585402011871338
144399,train_loss,1.5665199756622314
144449,train_loss,1.554444432258606
144499,train_loss,1.626110553741455
144549,train_loss,1.5763487815856934
144599,train_loss,1.580703854560852
144649,train_loss,1.6708258390426636
144699,train_loss,1.608262538909912
144749,train_loss,1.582792043685913
144799,train_loss,1.6016669273376465
144849,train_loss,1.687050223350525
144899,train_loss,1.6157127618789673
144949,train_loss,1.5488560199737549
144999,train_loss,1.6018632650375366
145049,train_loss,1.6517207622528076
145099,train_loss,1.5691561698913574
145149,train_loss,1.6275999546051025
145199,train_loss,1.6167320013046265
145249,train_loss,1.6041871309280396
145299,train_loss,1.6343308687210083
145349,train_loss,1.617078423500061
145399,train_loss,1.522187352180481
145449,train_loss,1.5742123126983643
145499,train_loss,1.5710870027542114
145549,train_loss,1.6246349811553955
145599,train_loss,1.5665839910507202
145649,train_loss,1.587759017944336
145699,train_loss,1.5886956453323364
145749,train_loss,1.6787360906600952
145799,train_loss,1.5482240915298462
145849,train_loss,1.5960426330566406
145899,train_loss,1.6020944118499756
145949,train_loss,1.6182864904403687
145999,train_loss,1.7067843675613403
146049,train_loss,1.6139949560165405
146099,train_loss,1.688862681388855
146149,train_loss,1.583330512046814
146199,train_loss,1.5962711572647095
146249,train_loss,1.5706956386566162
146299,train_loss,1.5056997537612915
146349,train_loss,1.5624550580978394
146399,train_loss,1.6252145767211914
146449,train_loss,1.6055983304977417
146499,train_loss,1.661781668663025
146549,train_loss,1.6059141159057617
146599,train_loss,1.6306246519088745
146649,train_loss,1.5630131959915161
146699,train_loss,1.5617860555648804
146749,train_loss,1.6077044010162354
146799,train_loss,1.606513500213623
146849,train_loss,1.594670057296753
146899,train_loss,1.6246140003204346
146949,train_loss,1.599531888961792
146999,train_loss,1.5616610050201416
147049,train_loss,1.6030586957931519
147099,train_loss,1.5785123109817505
147149,train_loss,1.602413535118103
147199,train_loss,1.5830540657043457
147249,train_loss,1.5600497722625732
147299,train_loss,1.6383775472640991
147349,train_loss,1.5894296169281006
147399,train_loss,1.588625431060791
147449,train_loss,1.573142409324646
147499,train_loss,1.5743988752365112
147549,train_loss,1.6389180421829224
147599,train_loss,1.6530704498291016
147649,train_loss,1.6050629615783691
147699,train_loss,1.5548903942108154
147749,train_loss,1.650861144065857
147799,train_loss,1.5621315240859985
147849,train_loss,1.6423072814941406
147899,train_loss,1.5928874015808105
147949,train_loss,1.570703387260437
147999,train_loss,1.5846153497695923
148049,train_loss,1.5942736864089966
148099,train_loss,1.6191028356552124
148149,train_loss,1.5848175287246704
148199,train_loss,1.6222736835479736
148249,train_loss,1.6396137475967407
148299,train_loss,1.536679983139038
148349,train_loss,1.6301299333572388
148399,train_loss,1.713937759399414
148449,train_loss,1.6706771850585938
148499,train_loss,1.6205698251724243
148549,train_loss,1.5908501148223877
148599,train_loss,1.610962152481079
148649,train_loss,1.6065263748168945
148699,train_loss,1.5367718935012817
148749,train_loss,1.524679183959961
148799,train_loss,1.6160448789596558
148849,train_loss,1.6442641019821167
148899,train_loss,1.5577473640441895
148949,train_loss,1.6263388395309448
148999,train_loss,1.5853649377822876
149049,train_loss,1.5746283531188965
149099,train_loss,1.5962872505187988
149149,train_loss,1.5958032608032227
149199,train_loss,1.6172488927841187
149249,train_loss,1.603085994720459
149299,train_loss,1.5842022895812988
149349,train_loss,1.5578230619430542
149399,train_loss,1.6046910285949707
149449,train_loss,1.6430995464324951
149499,train_loss,1.6521378755569458
149549,train_loss,1.5674291849136353
149599,train_loss,1.602057695388794
149649,train_loss,1.58280611038208
149699,train_loss,1.6002000570297241
149749,train_loss,1.5868072509765625
149799,train_loss,1.5937249660491943
149849,train_loss,1.5659970045089722
149899,train_loss,1.592872142791748
149949,train_loss,1.561721920967102
149999,train_loss,1.6025633811950684
150049,train_loss,1.6612237691879272
150099,train_loss,1.5705506801605225
150149,train_loss,1.5555444955825806
150199,train_loss,1.609668493270874
150249,train_loss,1.576460838317871
150299,train_loss,1.5936510562896729
150349,train_loss,1.6406668424606323
150399,train_loss,1.6908546686172485
150449,train_loss,1.6336548328399658
150499,train_loss,1.6122678518295288
150549,train_loss,1.618672490119934
150599,train_loss,1.581038475036621
150649,train_loss,1.6185071468353271
150699,train_loss,1.6215815544128418
150749,train_loss,1.5852155685424805
150799,train_loss,1.618360161781311
150849,train_loss,1.6003302335739136
150899,train_loss,1.5858029127120972
150949,train_loss,1.6310731172561646
150999,train_loss,1.6395198106765747
151049,train_loss,1.5827525854110718
151099,train_loss,1.60923171043396
151149,train_loss,1.5755075216293335
151199,train_loss,1.596648097038269
151249,train_loss,1.5867210626602173
151299,train_loss,1.6152312755584717
151349,train_loss,1.5692572593688965
151399,train_loss,1.6248340606689453
151449,train_loss,1.5708287954330444
151499,train_loss,1.611554741859436
151549,train_loss,1.621561884880066
151599,train_loss,1.618201732635498
151649,train_loss,1.6360880136489868
151699,train_loss,1.6276780366897583
151749,train_loss,1.576475977897644
151799,train_loss,1.5863533020019531
151849,train_loss,1.577485203742981
151899,train_loss,1.6511038541793823
151949,train_loss,1.577061653137207
151999,train_loss,1.6103085279464722
152049,train_loss,1.5899531841278076
152099,train_loss,1.639370322227478
152149,train_loss,1.579006314277649
152199,train_loss,1.6306136846542358
152249,train_loss,1.5987212657928467
152299,train_loss,1.612945556640625
152349,train_loss,1.5957233905792236
152399,train_loss,1.6595176458358765
152449,train_loss,1.6640950441360474
152499,train_loss,1.6129943132400513
152549,train_loss,1.587533950805664
152599,train_loss,1.5260041952133179
152649,train_loss,1.611863613128662
152699,train_loss,1.578495979309082
152749,train_loss,1.613952875137329
152799,train_loss,1.6262829303741455
152849,train_loss,1.6405490636825562
152899,train_loss,1.6333242654800415
152949,train_loss,1.5343573093414307
152999,train_loss,1.5960206985473633
153049,train_loss,1.6234265565872192
153099,train_loss,1.597222924232483
153149,train_loss,1.621851921081543
153199,train_loss,1.6170204877853394
153249,train_loss,1.6493278741836548
153299,train_loss,1.6062867641448975
153349,train_loss,1.6449397802352905
153399,train_loss,1.6106774806976318
153449,train_loss,1.5444213151931763
153499,train_loss,1.6241645812988281
153549,train_loss,1.5736753940582275
153599,train_loss,1.5435844659805298
153649,train_loss,1.6218006610870361
153699,train_loss,1.600033164024353
153749,train_loss,1.5473746061325073
153799,train_loss,1.6057881116867065
153849,train_loss,1.6216645240783691
153899,train_loss,1.6418111324310303
153949,train_loss,1.5819536447525024
153999,train_loss,1.5555329322814941
154049,train_loss,1.5581423044204712
154099,train_loss,1.627172827720642
154149,train_loss,1.6065384149551392
154199,train_loss,1.497626543045044
154249,train_loss,1.5659388303756714
154299,train_loss,1.6702826023101807
154349,train_loss,1.553995966911316
154399,train_loss,1.636029839515686
154449,train_loss,1.547804594039917
154499,train_loss,1.6191136837005615
154549,train_loss,1.6258071660995483
154599,train_loss,1.6199651956558228
154649,train_loss,1.6064869165420532
154699,train_loss,1.6117204427719116
154749,train_loss,1.6042526960372925
154799,train_loss,1.6143484115600586
154849,train_loss,1.5598890781402588
154899,train_loss,1.5264012813568115
154949,train_loss,1.5867908000946045
154999,train_loss,1.6311099529266357
155049,train_loss,1.6816548109054565
155099,train_loss,1.6251869201660156
155149,train_loss,1.6517397165298462
155199,train_loss,1.6114399433135986
155249,train_loss,1.5819592475891113
155299,train_loss,1.5393011569976807
155349,train_loss,1.6357977390289307
155399,train_loss,1.629151701927185
155449,train_loss,1.6070408821105957
155499,train_loss,1.608163595199585
155549,train_loss,1.6024134159088135
155599,train_loss,1.5946942567825317
155649,train_loss,1.6052197217941284
155699,train_loss,1.602784514427185
155749,train_loss,1.560611367225647
155799,train_loss,1.5758649110794067
155849,train_loss,1.5669211149215698
155899,train_loss,1.6125259399414062
155949,train_loss,1.5950167179107666
155999,train_loss,1.5977429151535034
156049,train_loss,1.5777621269226074
156099,train_loss,1.6134538650512695
156149,train_loss,1.643731713294983
156199,train_loss,1.5644893646240234
156249,train_loss,1.653739094734192
156299,train_loss,1.6260871887207031
156349,train_loss,1.5916922092437744
156399,train_loss,1.580572485923767
156449,train_loss,1.6757880449295044
156499,train_loss,1.603903889656067
156549,train_loss,1.561769723892212
156599,train_loss,1.5924354791641235
156649,train_loss,1.5368601083755493
156699,train_loss,1.6618030071258545
156749,train_loss,1.608501672744751
156799,train_loss,1.6305543184280396
156849,train_loss,1.6170482635498047
156899,train_loss,1.591512680053711
156949,train_loss,1.6077851057052612
156999,train_loss,1.5584502220153809
157049,train_loss,1.6353596448898315
157099,train_loss,1.667628288269043
157149,train_loss,1.57240629196167
157199,train_loss,1.5398393869400024
157249,train_loss,1.601542353630066
157299,train_loss,1.55476975440979
157349,train_loss,1.622017502784729
157399,train_loss,1.6190444231033325
157449,train_loss,1.6275206804275513
157499,train_loss,1.6004009246826172
157549,train_loss,1.5881420373916626
157599,train_loss,1.6121081113815308
157649,train_loss,1.589450478553772
157699,train_loss,1.595929503440857
157749,train_loss,1.5965800285339355
157799,train_loss,1.5759224891662598
157849,train_loss,1.5894678831100464
157899,train_loss,1.558936595916748
157949,train_loss,1.6083396673202515
157999,train_loss,1.587942361831665
158049,train_loss,1.6058045625686646
158099,train_loss,1.6664416790008545
158149,train_loss,1.6361994743347168
158199,train_loss,1.531673550605774
158249,train_loss,1.6155149936676025
158299,train_loss,1.5576773881912231
158349,train_loss,1.599961519241333
158399,train_loss,1.589263677597046
158449,train_loss,1.5744198560714722
158499,train_loss,1.5500179529190063
158549,train_loss,1.5869752168655396
158599,train_loss,1.6205793619155884
158649,train_loss,1.5826317071914673
158699,train_loss,1.5936367511749268
158749,train_loss,1.6095844507217407
158799,train_loss,1.6436396837234497
158849,train_loss,1.5646716356277466
158899,train_loss,1.680818796157837
158949,train_loss,1.6232428550720215
158999,train_loss,1.633255958557129
159049,train_loss,1.6282217502593994
159099,train_loss,1.5494194030761719
159149,train_loss,1.6091747283935547
159199,train_loss,1.5823439359664917
159249,train_loss,1.5890840291976929
159299,train_loss,1.580040454864502
159349,train_loss,1.5633002519607544
159399,train_loss,1.559068202972412
159449,train_loss,1.6527644395828247
159499,train_loss,1.5832128524780273
159549,train_loss,1.5951480865478516
159599,train_loss,1.5721362829208374
159649,train_loss,1.6389638185501099
159699,train_loss,1.6538822650909424
159749,train_loss,1.6049624681472778
159799,train_loss,1.6223403215408325
159849,train_loss,1.5751073360443115
159899,train_loss,1.6426608562469482
159949,train_loss,1.5523028373718262
159999,train_loss,1.6349431276321411
160049,train_loss,1.5798689126968384
160099,train_loss,1.595596432685852
160149,train_loss,1.594895362854004
160199,train_loss,1.595603585243225
160249,train_loss,1.6084076166152954
160299,train_loss,1.6452279090881348
160349,train_loss,1.5959874391555786
160399,train_loss,1.5580899715423584
160449,train_loss,1.5705513954162598
160499,train_loss,1.577200174331665
160549,train_loss,1.5553483963012695
160599,train_loss,1.6454745531082153
160649,train_loss,1.6256197690963745
160699,train_loss,1.5899285078048706
160749,train_loss,1.629418134689331
160799,train_loss,1.6485503911972046
160849,train_loss,1.6103419065475464
160899,train_loss,1.6308315992355347
160949,train_loss,1.6350327730178833
160999,train_loss,1.6152180433273315
161049,train_loss,1.619087815284729
161099,train_loss,1.6139459609985352
161149,train_loss,1.5204511880874634
161199,train_loss,1.5803812742233276
161249,train_loss,1.6108710765838623
161299,train_loss,1.609011173248291
161349,train_loss,1.628442645072937
161399,train_loss,1.6663155555725098
161449,train_loss,1.6111578941345215
161499,train_loss,1.5684988498687744
161549,train_loss,1.632582664489746
161599,train_loss,1.587047815322876
161649,train_loss,1.6271212100982666
161699,train_loss,1.6182913780212402
161749,train_loss,1.630724549293518
161799,train_loss,1.6129816770553589
161849,train_loss,1.5378528833389282
161899,train_loss,1.5881023406982422
161949,train_loss,1.6457061767578125
161999,train_loss,1.600730061531067
162049,train_loss,1.667384386062622
162099,train_loss,1.5746946334838867
162149,train_loss,1.5340696573257446
162199,train_loss,1.5905944108963013
162249,train_loss,1.521196722984314
162299,train_loss,1.6197501420974731
162349,train_loss,1.650887370109558
162399,train_loss,1.6026623249053955
162449,train_loss,1.623260498046875
162499,train_loss,1.5671252012252808
162549,train_loss,1.6022205352783203
162599,train_loss,1.567101001739502
162649,train_loss,1.5742990970611572
162699,train_loss,1.5559197664260864
162749,train_loss,1.6265630722045898
162799,train_loss,1.5768156051635742
162849,train_loss,1.5676361322402954
162899,train_loss,1.6080858707427979
162949,train_loss,1.6094480752944946
162999,train_loss,1.646310567855835
163049,train_loss,1.6334892511367798
163099,train_loss,1.6365067958831787
163149,train_loss,1.5544812679290771
163199,train_loss,1.6303602457046509
163249,train_loss,1.5720324516296387
163299,train_loss,1.5972435474395752
163349,train_loss,1.6063916683197021
163399,train_loss,1.678471565246582
163449,train_loss,1.646981120109558
163499,train_loss,1.5713222026824951
163549,train_loss,1.6107127666473389
163599,train_loss,1.6021631956100464
163649,train_loss,1.5795512199401855
163699,train_loss,1.6354188919067383
163749,train_loss,1.6074695587158203
163799,train_loss,1.6685218811035156
163849,train_loss,1.6052320003509521
163899,train_loss,1.5832613706588745
163949,train_loss,1.641699194908142
163999,train_loss,1.602824330329895
164049,train_loss,1.6334377527236938
164099,train_loss,1.5795202255249023
164149,train_loss,1.6247494220733643
164199,train_loss,1.5876747369766235
164249,train_loss,1.5998437404632568
164299,train_loss,1.593985676765442
164349,train_loss,1.6513848304748535
164399,train_loss,1.5710599422454834
164449,train_loss,1.570391297340393
164499,train_loss,1.602120041847229
164549,train_loss,1.574456810951233
164599,train_loss,1.6072568893432617
164649,train_loss,1.6589818000793457
164699,train_loss,1.6004862785339355
164749,train_loss,1.5972278118133545
164799,train_loss,1.5709837675094604
164849,train_loss,1.6525468826293945
164899,train_loss,1.635241150856018
164949,train_loss,1.5946036577224731
164999,train_loss,1.6512019634246826
165049,train_loss,1.5915025472640991
165099,train_loss,1.5771275758743286
165149,train_loss,1.542341947555542
165199,train_loss,1.5730280876159668
165249,train_loss,1.5753976106643677
165299,train_loss,1.5705848932266235
165349,train_loss,1.6383689641952515
165399,train_loss,1.6242361068725586
165449,train_loss,1.6763728857040405
165499,train_loss,1.6693809032440186
165549,train_loss,1.574365496635437
165599,train_loss,1.62662672996521
165649,train_loss,1.597232460975647
165699,train_loss,1.5902299880981445
165749,train_loss,1.6332817077636719
165799,train_loss,1.6296182870864868
165849,train_loss,1.5330984592437744
165899,train_loss,1.5974888801574707
165949,train_loss,1.6021639108657837
165999,train_loss,1.5750468969345093
166049,train_loss,1.6397866010665894
166099,train_loss,1.6497650146484375
166149,train_loss,1.5467519760131836
166199,train_loss,1.52401602268219
166249,train_loss,1.5911093950271606
166299,train_loss,1.5702378749847412
166349,train_loss,1.5906548500061035
166399,train_loss,1.5879502296447754
166449,train_loss,1.6493549346923828
166499,train_loss,1.6251171827316284
166549,train_loss,1.618497371673584
166599,train_loss,1.6564557552337646
166649,train_loss,1.6130167245864868
166699,train_loss,1.645223617553711
166749,train_loss,1.64353609085083
166799,train_loss,1.6381514072418213
166849,train_loss,1.6325740814208984
166899,train_loss,1.5172133445739746
166949,train_loss,1.6141455173492432
166999,train_loss,1.623400092124939
167049,train_loss,1.5747392177581787
167099,train_loss,1.6208794116973877
167149,train_loss,1.6350746154785156
167199,train_loss,1.54550039768219
167249,train_loss,1.614374041557312
167299,train_loss,1.594155192375183
167349,train_loss,1.6052666902542114
167399,train_loss,1.5653823614120483
167449,train_loss,1.600168228149414
167499,train_loss,1.5326030254364014
167549,train_loss,1.636372447013855
167599,train_loss,1.5770372152328491
167649,train_loss,1.6218312978744507
167699,train_loss,1.652098298072815
167749,train_loss,1.5926796197891235
167799,train_loss,1.6573048830032349
167849,train_loss,1.521571159362793
167899,train_loss,1.6018913984298706
167949,train_loss,1.640281319618225
167999,train_loss,1.598009705543518
168049,train_loss,1.6249911785125732
168099,train_loss,1.5864238739013672
168149,train_loss,1.571104884147644
168199,train_loss,1.51618230342865
168249,train_loss,1.6010810136795044
168299,train_loss,1.6073453426361084
168349,train_loss,1.5712931156158447
168399,train_loss,1.580569863319397
168449,train_loss,1.647201418876648
168499,train_loss,1.6166799068450928
168549,train_loss,1.5655170679092407
168599,train_loss,1.5859267711639404
168649,train_loss,1.5748189687728882
168699,train_loss,1.6028302907943726
168749,train_loss,1.626623272895813
168799,train_loss,1.6295565366744995
168849,train_loss,1.6208510398864746
168899,train_loss,1.628852367401123
168949,train_loss,1.644598364830017
168999,train_loss,1.551561951637268
169049,train_loss,1.650039792060852
169099,train_loss,1.5159242153167725
169149,train_loss,1.5716694593429565
169199,train_loss,1.6017566919326782
169249,train_loss,1.6196726560592651
169299,train_loss,1.584364891052246
169349,train_loss,1.5653669834136963
169399,train_loss,1.658170223236084
169449,train_loss,1.6132904291152954
169499,train_loss,1.592020034790039
169549,train_loss,1.6695802211761475
169599,train_loss,1.637618899345398
169649,train_loss,1.5757062435150146
169699,train_loss,1.5388840436935425
169749,train_loss,1.6442655324935913
169799,train_loss,1.6297553777694702
169849,train_loss,1.6039519309997559
169899,train_loss,1.5835155248641968
169949,train_loss,1.5800670385360718
169999,train_loss,1.624841570854187
170049,train_loss,1.570623517036438
170099,train_loss,1.5582093000411987
170149,train_loss,1.5401419401168823
170199,train_loss,1.5515058040618896
170249,train_loss,1.621109127998352
170299,train_loss,1.6440049409866333
170349,train_loss,1.5923182964324951
170399,train_loss,1.6205508708953857
170449,train_loss,1.5795116424560547
170499,train_loss,1.5825281143188477
170549,train_loss,1.5870672464370728
170599,train_loss,1.6174135208129883
170649,train_loss,1.6110424995422363
170699,train_loss,1.6394463777542114
170749,train_loss,1.6204031705856323
170799,train_loss,1.5558953285217285
170849,train_loss,1.5464551448822021
170899,train_loss,1.6148474216461182
170949,train_loss,1.5661498308181763
170999,train_loss,1.559613823890686
171049,train_loss,1.7105813026428223
171099,train_loss,1.5911877155303955
171149,train_loss,1.5808477401733398
171199,train_loss,1.6047935485839844
171249,train_loss,1.5885018110275269
171299,train_loss,1.649482011795044
171349,train_loss,1.5900752544403076
171399,train_loss,1.5953748226165771
171449,train_loss,1.6339111328125
171499,train_loss,1.6834731101989746
171549,train_loss,1.558523178100586
171599,train_loss,1.576200008392334
171649,train_loss,1.6358715295791626
171699,train_loss,1.5325630903244019
171749,train_loss,1.5497585535049438
171799,train_loss,1.6358906030654907
171849,train_loss,1.619686484336853
171899,train_loss,1.6112256050109863
171949,train_loss,1.6152135133743286
171999,train_loss,1.5801265239715576
172049,train_loss,1.6300113201141357
172099,train_loss,1.5753663778305054
172149,train_loss,1.6028245687484741
172199,train_loss,1.5364289283752441
172249,train_loss,1.6266758441925049
172299,train_loss,1.542128324508667
172349,train_loss,1.5838136672973633
172399,train_loss,1.5291417837142944
172449,train_loss,1.6184278726577759
172499,train_loss,1.6017488241195679
172549,train_loss,1.5962002277374268
172599,train_loss,1.6339181661605835
172649,train_loss,1.6215744018554688
172699,train_loss,1.535442590713501
172749,train_loss,1.633500099182129
172799,train_loss,1.5308723449707031
172849,train_loss,1.5950074195861816
172899,train_loss,1.5682419538497925
172949,train_loss,1.5871778726577759
172999,train_loss,1.6523106098175049
173049,train_loss,1.5896672010421753
173099,train_loss,1.6278220415115356
173149,train_loss,1.5530807971954346
173199,train_loss,1.5873969793319702
173249,train_loss,1.6136503219604492
173299,train_loss,1.631549596786499
173349,train_loss,1.5477017164230347
173399,train_loss,1.6186610460281372
173449,train_loss,1.5673003196716309
173499,train_loss,1.659225344657898
173549,train_loss,1.7028224468231201
173599,train_loss,1.6085423231124878
173649,train_loss,1.5641567707061768
173699,train_loss,1.6481603384017944
173749,train_loss,1.5703486204147339
173799,train_loss,1.5857242345809937
173849,train_loss,1.5858484506607056
173899,train_loss,1.5780024528503418
173949,train_loss,1.585559368133545
173999,train_loss,1.5736064910888672
174049,train_loss,1.5686266422271729
174099,train_loss,1.6106183528900146
174149,train_loss,1.5698789358139038
174199,train_loss,1.5852422714233398
174249,train_loss,1.582876443862915
174299,train_loss,1.574964165687561
174349,train_loss,1.593428134918213
174399,train_loss,1.583050012588501
174449,train_loss,1.6139695644378662
174499,train_loss,1.6249853372573853
174549,train_loss,1.5992146730422974
174599,train_loss,1.6077953577041626
174649,train_loss,1.642608880996704
174699,train_loss,1.5800747871398926
174749,train_loss,1.6337182521820068
174799,train_loss,1.5472519397735596
174849,train_loss,1.555001139640808
174899,train_loss,1.5702941417694092
174949,train_loss,1.5954101085662842
174999,train_loss,1.63776695728302
175049,train_loss,1.564701795578003
175099,train_loss,1.5827118158340454
175149,train_loss,1.6336239576339722
175199,train_loss,1.6033505201339722
175249,train_loss,1.5629128217697144
175299,train_loss,1.6014089584350586
175349,train_loss,1.589146614074707
175399,train_loss,1.6344634294509888
175449,train_loss,1.6711407899856567
175499,train_loss,1.54701828956604
175549,train_loss,1.5989291667938232
175599,train_loss,1.6415865421295166
175649,train_loss,1.5789657831192017
175699,train_loss,1.6076836585998535
175749,train_loss,1.6269234418869019
175799,train_loss,1.6223125457763672
175849,train_loss,1.6387275457382202
175899,train_loss,1.5098134279251099
175949,train_loss,1.6047853231430054
175999,train_loss,1.5810208320617676
176049,train_loss,1.5502040386199951
176099,train_loss,1.6157935857772827
176149,train_loss,1.6014556884765625
176199,train_loss,1.6542389392852783
176249,train_loss,1.5798165798187256
176299,train_loss,1.586661458015442
176349,train_loss,1.5571616888046265
176399,train_loss,1.661543607711792
176449,train_loss,1.5801571607589722
176499,train_loss,1.611958622932434
176549,train_loss,1.604416012763977
176599,train_loss,1.5703328847885132
176649,train_loss,1.671159267425537
176699,train_loss,1.5490574836730957
176749,train_loss,1.5979201793670654
176799,train_loss,1.605509638786316
176849,train_loss,1.5795754194259644
176899,train_loss,1.6165395975112915
176949,train_loss,1.6099151372909546
176999,train_loss,1.5264347791671753
177049,train_loss,1.5714601278305054
177099,train_loss,1.5643805265426636
177149,train_loss,1.5620471239089966
177199,train_loss,1.561842679977417
177249,train_loss,1.588289737701416
177299,train_loss,1.6527948379516602
177349,train_loss,1.586524248123169
177399,train_loss,1.5570459365844727
177449,train_loss,1.6067060232162476
177499,train_loss,1.6415945291519165
177549,train_loss,1.6126776933670044
177599,train_loss,1.5936758518218994
177649,train_loss,1.6303900480270386
177699,train_loss,1.5744776725769043
177749,train_loss,1.5554391145706177
177799,train_loss,1.5719281435012817
177849,train_loss,1.5675333738327026
177899,train_loss,1.6028937101364136
177949,train_loss,1.6349514722824097
177999,train_loss,1.6150983572006226
178049,train_loss,1.5861948728561401
178099,train_loss,1.6167917251586914
178149,train_loss,1.5862090587615967
178199,train_loss,1.570373773574829
178249,train_loss,1.6454561948776245
178299,train_loss,1.6425776481628418
178349,train_loss,1.5639874935150146
178399,train_loss,1.5691677331924438
178449,train_loss,1.5674526691436768
178499,train_loss,1.5905828475952148
178549,train_loss,1.565603256225586
178599,train_loss,1.6012734174728394
178649,train_loss,1.6689932346343994
178699,train_loss,1.600433111190796
178749,train_loss,1.6507294178009033
178799,train_loss,1.6143754720687866
178849,train_loss,1.5720692873001099
178899,train_loss,1.5734272003173828
178949,train_loss,1.6553370952606201
178999,train_loss,1.6217262744903564
179049,train_loss,1.5510621070861816
179099,train_loss,1.611979365348816
179149,train_loss,1.6387481689453125
179199,train_loss,1.5697218179702759
179249,train_loss,1.5755183696746826
179299,train_loss,1.6168729066848755
179349,train_loss,1.551951289176941
179399,train_loss,1.5921623706817627
179449,train_loss,1.6097869873046875
179499,train_loss,1.6114054918289185
179549,train_loss,1.5856785774230957
179599,train_loss,1.6044206619262695
179649,train_loss,1.5904614925384521
179699,train_loss,1.5567649602890015
179749,train_loss,1.649646520614624
179799,train_loss,1.5463778972625732
179849,train_loss,1.5934784412384033
179899,train_loss,1.6089115142822266
179949,train_loss,1.6064033508300781
179999,train_loss,1.5911812782287598
180049,train_loss,1.587317705154419
180099,train_loss,1.5953401327133179
180149,train_loss,1.6296979188919067
180199,train_loss,1.619292974472046
180249,train_loss,1.5908101797103882
180299,train_loss,1.565263271331787
180349,train_loss,1.5759971141815186
180399,train_loss,1.5721805095672607
180449,train_loss,1.5884760618209839
180499,train_loss,1.5541118383407593
180549,train_loss,1.5537617206573486
180599,train_loss,1.6133277416229248
180649,train_loss,1.5578398704528809
180699,train_loss,1.54012930393219
180749,train_loss,1.605804204940796
180799,train_loss,1.5874385833740234
180849,train_loss,1.5603657960891724
180899,train_loss,1.6540210247039795
180949,train_loss,1.6221959590911865
180999,train_loss,1.5421502590179443
181049,train_loss,1.566480278968811
181099,train_loss,1.5664353370666504
181149,train_loss,1.600147008895874
181199,train_loss,1.585012674331665
181249,train_loss,1.587944507598877
181299,train_loss,1.592250108718872
181349,train_loss,1.5734111070632935
181399,train_loss,1.5941275358200073
181449,train_loss,1.5694462060928345
181499,train_loss,1.540622591972351
181549,train_loss,1.6075785160064697
181599,train_loss,1.6016892194747925
181649,train_loss,1.6371989250183105
181699,train_loss,1.6040209531784058
181749,train_loss,1.5967228412628174
181799,train_loss,1.5655511617660522
181849,train_loss,1.5279128551483154
181899,train_loss,1.5438863039016724
181949,train_loss,1.5771194696426392
181999,train_loss,1.5323528051376343
182049,train_loss,1.5758589506149292
182099,train_loss,1.674943447113037
182149,train_loss,1.5602585077285767
182199,train_loss,1.5858628749847412
182249,train_loss,1.590282917022705
182299,train_loss,1.6358555555343628
182349,train_loss,1.5846368074417114
182399,train_loss,1.608755350112915
182449,train_loss,1.575562596321106
182499,train_loss,1.5999761819839478
182549,train_loss,1.5225799083709717
182599,train_loss,1.5975799560546875
182649,train_loss,1.6024014949798584
182699,train_loss,1.5892585515975952
182749,train_loss,1.6184053421020508
182799,train_loss,1.6125727891921997
182849,train_loss,1.5721083879470825
182899,train_loss,1.636462688446045
182949,train_loss,1.6354471445083618
182999,train_loss,1.6322535276412964
183049,train_loss,1.6132416725158691
183099,train_loss,1.54994797706604
183149,train_loss,1.5872619152069092
183199,train_loss,1.5680042505264282
183249,train_loss,1.5902286767959595
183299,train_loss,1.5701831579208374
183349,train_loss,1.5914703607559204
183399,train_loss,1.5664149522781372
183449,train_loss,1.5631797313690186
183499,train_loss,1.5532748699188232
183549,train_loss,1.6316369771957397
183599,train_loss,1.5171087980270386
183649,train_loss,1.6042089462280273
183699,train_loss,1.605271339416504
183749,train_loss,1.5422208309173584
183799,train_loss,1.589571237564087
183849,train_loss,1.5920864343643188
183899,train_loss,1.6059329509735107
183949,train_loss,1.6235867738723755
183999,train_loss,1.6057947874069214
184049,train_loss,1.5582525730133057
184099,train_loss,1.609550952911377
184149,train_loss,1.6411750316619873
184199,train_loss,1.5173699855804443
184249,train_loss,1.618151307106018
184299,train_loss,1.5820726156234741
184349,train_loss,1.643310785293579
184399,train_loss,1.570409893989563
184449,train_loss,1.5415292978286743
184499,train_loss,1.6164371967315674
184549,train_loss,1.5044790506362915
184599,train_loss,1.6075680255889893
184649,train_loss,1.6123230457305908
184699,train_loss,1.5822219848632812
184749,train_loss,1.6057724952697754
184799,train_loss,1.6001462936401367
184849,train_loss,1.5450150966644287
184899,train_loss,1.6117101907730103
184949,train_loss,1.6086474657058716
184999,train_loss,1.5335968732833862
185049,train_loss,1.5871368646621704
185099,train_loss,1.6442773342132568
185149,train_loss,1.6448894739151
185199,train_loss,1.5473648309707642
185249,train_loss,1.6201176643371582
185299,train_loss,1.5741612911224365
185349,train_loss,1.5640270709991455
185399,train_loss,1.5756198167800903
185449,train_loss,1.573688268661499
185499,train_loss,1.5490672588348389
185549,train_loss,1.5975244045257568
185599,train_loss,1.6221652030944824
185649,train_loss,1.5547634363174438
185699,train_loss,1.6578236818313599
185749,train_loss,1.5165003538131714
185799,train_loss,1.5755189657211304
185849,train_loss,1.5918842554092407
185899,train_loss,1.6382590532302856
185949,train_loss,1.5973039865493774
185999,train_loss,1.6027946472167969
186049,train_loss,1.622775673866272
186099,train_loss,1.5728626251220703
186149,train_loss,1.6340974569320679
186199,train_loss,1.6019158363342285
186249,train_loss,1.5717277526855469
186299,train_loss,1.5548579692840576
186349,train_loss,1.5740153789520264
186399,train_loss,1.5534486770629883
186449,train_loss,1.643275260925293
186499,train_loss,1.6583161354064941
186549,train_loss,1.5409824848175049
186599,train_loss,1.6135629415512085
186649,train_loss,1.6240280866622925
186699,train_loss,1.5848287343978882
186749,train_loss,1.5649698972702026
186799,train_loss,1.5539255142211914
186849,train_loss,1.6352843046188354
186899,train_loss,1.6607089042663574
186949,train_loss,1.5917775630950928
186999,train_loss,1.572531819343567
187049,train_loss,1.5956579446792603
187099,train_loss,1.6250509023666382
187149,train_loss,1.5869489908218384
187199,train_loss,1.63483464717865
187249,train_loss,1.6250332593917847
187299,train_loss,1.6381539106369019
187349,train_loss,1.584714651107788
187399,train_loss,1.6223015785217285
187449,train_loss,1.5415409803390503
187499,train_loss,1.59956693649292
187549,train_loss,1.5685169696807861
187599,train_loss,1.54302179813385
187649,train_loss,1.5793887376785278
187699,train_loss,1.5652096271514893
187749,train_loss,1.6466295719146729
187799,train_loss,1.5707274675369263
187849,train_loss,1.5847965478897095
187899,train_loss,1.6296154260635376
187949,train_loss,1.6257567405700684
187999,train_loss,1.6185252666473389
188049,train_loss,1.5853270292282104
188099,train_loss,1.5280858278274536
188149,train_loss,1.5319935083389282
188199,train_loss,1.5928553342819214
188249,train_loss,1.6768779754638672
188299,train_loss,1.6224994659423828
188349,train_loss,1.6635507345199585
188399,train_loss,1.605979561805725
188449,train_loss,1.605033278465271
188499,train_loss,1.5573352575302124
188549,train_loss,1.571138858795166
188599,train_loss,1.5875329971313477
188649,train_loss,1.5687875747680664
188699,train_loss,1.543428659439087
188749,train_loss,1.5489449501037598
188799,train_loss,1.6316277980804443
188849,train_loss,1.5349550247192383
188899,train_loss,1.6809053421020508
188949,train_loss,1.5937308073043823
188999,train_loss,1.6063967943191528
189049,train_loss,1.5474960803985596
189099,train_loss,1.5549039840698242
189149,train_loss,1.5444090366363525
189199,train_loss,1.6342668533325195
189249,train_loss,1.6305921077728271
189299,train_loss,1.6007686853408813
189349,train_loss,1.6105178594589233
189399,train_loss,1.5764175653457642
189449,train_loss,1.5800251960754395
189499,train_loss,1.5366045236587524
189549,train_loss,1.6045666933059692
189599,train_loss,1.6468647718429565
189649,train_loss,1.5585511922836304
189699,train_loss,1.58262300491333
189749,train_loss,1.6624281406402588
189799,train_loss,1.5629290342330933
189849,train_loss,1.5513648986816406
189899,train_loss,1.6073853969573975
189949,train_loss,1.5559473037719727
189999,train_loss,1.6012862920761108
190049,train_loss,1.5669723749160767
190099,train_loss,1.5848417282104492
190149,train_loss,1.5687329769134521
190199,train_loss,1.611533284187317
190249,train_loss,1.5910860300064087
190299,train_loss,1.5955636501312256
190349,train_loss,1.5910791158676147
190399,train_loss,1.612245798110962
190449,train_loss,1.623979926109314
190499,train_loss,1.6458019018173218
190549,train_loss,1.5969008207321167
190599,train_loss,1.6256401538848877
190649,train_loss,1.619802713394165
190699,train_loss,1.6091139316558838
190749,train_loss,1.5798068046569824
190799,train_loss,1.6245614290237427
190849,train_loss,1.6334458589553833
190899,train_loss,1.6094304323196411
190949,train_loss,1.6428194046020508
190999,train_loss,1.583931565284729
191049,train_loss,1.566726565361023
191099,train_loss,1.625863790512085
191149,train_loss,1.6454755067825317
191199,train_loss,1.5455204248428345
191249,train_loss,1.6421802043914795
191299,train_loss,1.626388430595398
191349,train_loss,1.5071065425872803
5627,val_metric,99.55831909179688
11255,val_metric,89.65486907958984
16883,val_metric,87.03217315673828
22511,val_metric,85.56092071533203
28139,val_metric,84.57542419433594
33767,val_metric,83.50199127197266
39395,val_metric,82.78712463378906
45023,val_metric,82.39578247070312
50651,val_metric,82.83570098876953
56279,val_metric,82.09063720703125
61910,val_metric,81.0103530883789
67538,val_metric,81.16549682617188
73166,val_metric,80.19379425048828
78794,val_metric,80.27684783935547
84422,val_metric,79.89791870117188
90050,val_metric,80.57378387451172
95678,val_metric,80.38191223144531
101306,val_metric,79.75142669677734
106934,val_metric,79.63582611083984
112562,val_metric,79.71023559570312
118193,val_metric,79.87769317626953
123821,val_metric,79.09246826171875
129449,val_metric,80.22428131103516
135077,val_metric,79.35096740722656
140705,val_metric,78.7360610961914
146333,val_metric,78.7226791381836
151961,val_metric,78.89533996582031
157589,val_metric,78.3454818725586
163217,val_metric,78.61780548095703
168845,val_metric,78.74190521240234
174476,val_metric,78.03880310058594
180104,val_metric,78.55194854736328
185732,val_metric,78.11571502685547
191360,val_metric,78.37220001220703
