step,tag,value
49,train_loss,1.9158072471618652
99,train_loss,1.8689186573028564
149,train_loss,1.7735041379928589
199,train_loss,0.9197615385055542
249,train_loss,-0.22321279346942902
299,train_loss,-0.20399922132492065
349,train_loss,-0.30239731073379517
399,train_loss,-0.8392370343208313
449,train_loss,-1.312116265296936
499,train_loss,-1.6132209300994873
549,train_loss,-1.7334465980529785
599,train_loss,-1.8055189847946167
649,train_loss,-1.6270794868469238
699,train_loss,-1.9532082080841064
749,train_loss,-2.02004337310791
799,train_loss,-2.0853917598724365
849,train_loss,-1.9506044387817383
899,train_loss,-2.108691692352295
949,train_loss,-2.2293026447296143
999,train_loss,-2.218425750732422
1049,train_loss,-2.0693461894989014
1099,train_loss,-2.2497146129608154
1149,train_loss,-2.208005666732788
1199,train_loss,-2.2992005348205566
1249,train_loss,-2.3193519115448
1299,train_loss,-1.967202067375183
1349,train_loss,-2.2120659351348877
1399,train_loss,-2.3754446506500244
1449,train_loss,-2.336029529571533
1499,train_loss,-2.3862767219543457
1549,train_loss,-2.4738595485687256
1599,train_loss,-2.487084150314331
1649,train_loss,-2.5551252365112305
1699,train_loss,-2.361020088195801
1749,train_loss,-2.485470771789551
1799,train_loss,-2.4515795707702637
1849,train_loss,-2.738194704055786
1899,train_loss,-2.5856692790985107
1949,train_loss,-2.554823398590088
1999,train_loss,-1.980290174484253
2049,train_loss,-2.679356336593628
2099,train_loss,-2.6426985263824463
2149,train_loss,-2.510302782058716
2199,train_loss,-2.528101682662964
2249,train_loss,-2.432476043701172
2299,train_loss,-2.637812376022339
2349,train_loss,-2.786834478378296
2399,train_loss,-2.643838405609131
2449,train_loss,-2.5880367755889893
2499,train_loss,-2.39680552482605
2549,train_loss,-2.5818002223968506
2599,train_loss,-2.4730236530303955
2649,train_loss,-2.6481196880340576
2699,train_loss,-2.6882543563842773
2749,train_loss,-2.7856829166412354
2799,train_loss,-2.6288812160491943
2849,train_loss,-2.7341012954711914
2899,train_loss,-2.6271588802337646
2949,train_loss,-2.754434108734131
2999,train_loss,-2.6543307304382324
3049,train_loss,-2.827651262283325
3099,train_loss,-2.7623915672302246
3149,train_loss,-2.7635443210601807
3199,train_loss,-2.8159120082855225
3249,train_loss,-2.588148355484009
3299,train_loss,-2.7224156856536865
3349,train_loss,-2.629298210144043
3399,train_loss,-2.858375310897827
3449,train_loss,-2.8403475284576416
3499,train_loss,-2.708111524581909
3549,train_loss,-2.7345213890075684
3599,train_loss,-2.705331802368164
3649,train_loss,-2.8730058670043945
3699,train_loss,-2.839545726776123
3749,train_loss,-2.7519538402557373
3799,train_loss,-2.580674171447754
3849,train_loss,-2.8829965591430664
3899,train_loss,-2.8241429328918457
3949,train_loss,-2.8615849018096924
3999,train_loss,-2.8519363403320312
4049,train_loss,-2.816662073135376
4099,train_loss,-2.7858293056488037
4149,train_loss,-2.932072877883911
4199,train_loss,-2.911249876022339
4249,train_loss,-2.907346725463867
4299,train_loss,-2.861325263977051
4349,train_loss,-2.6800620555877686
4399,train_loss,-2.854001760482788
4449,train_loss,-2.6965150833129883
4499,train_loss,-2.8471436500549316
4549,train_loss,-2.8961448669433594
4599,train_loss,-2.9108312129974365
4649,train_loss,-2.882230758666992
4699,train_loss,-2.834556818008423
4749,train_loss,-2.857811689376831
4799,train_loss,-2.990208864212036
4849,train_loss,-2.9002342224121094
4899,train_loss,-2.9785454273223877
4949,train_loss,-3.0721802711486816
4999,train_loss,-2.950878143310547
5049,train_loss,-2.778752565383911
5099,train_loss,-2.9411585330963135
5149,train_loss,-2.862516164779663
5199,train_loss,-2.908989667892456
5249,train_loss,-2.5777108669281006
5299,train_loss,-2.891155958175659
5349,train_loss,-2.850731134414673
5399,train_loss,-2.8761396408081055
5449,train_loss,-2.901567220687866
5499,train_loss,-2.9000954627990723
5549,train_loss,-2.9566004276275635
5599,train_loss,-2.879483461380005
5649,train_loss,-2.99841570854187
5699,train_loss,-3.090813636779785
5749,train_loss,-3.0637900829315186
5799,train_loss,-3.002647638320923
5849,train_loss,-3.0080721378326416
5899,train_loss,-3.057426929473877
5949,train_loss,-2.7916197776794434
5999,train_loss,-2.910374402999878
6049,train_loss,-2.894932985305786
6099,train_loss,-3.0444400310516357
6149,train_loss,-2.951716899871826
6199,train_loss,-3.0897696018218994
6249,train_loss,-2.9676523208618164
6299,train_loss,-2.8386905193328857
6349,train_loss,-2.8885183334350586
6399,train_loss,-2.9998648166656494
6449,train_loss,-2.792938470840454
6499,train_loss,-3.100754499435425
6549,train_loss,-2.8128278255462646
6599,train_loss,-3.0085766315460205
6649,train_loss,-3.0235698223114014
6699,train_loss,-3.076617479324341
6749,train_loss,-3.010439872741699
6799,train_loss,-3.021012783050537
6849,train_loss,-2.9133503437042236
6899,train_loss,-2.7688345909118652
6949,train_loss,-3.027864456176758
6999,train_loss,-2.994762659072876
7049,train_loss,-3.115878105163574
7099,train_loss,-3.0613343715667725
7149,train_loss,-3.008246421813965
7199,train_loss,-2.971731185913086
7249,train_loss,-3.0160255432128906
7299,train_loss,-2.894563674926758
7349,train_loss,-2.976524829864502
7399,train_loss,-3.083250045776367
7449,train_loss,-3.1324403285980225
7499,train_loss,-3.0426292419433594
7549,train_loss,-3.0422024726867676
7599,train_loss,-3.0445499420166016
7649,train_loss,-3.091434955596924
7699,train_loss,-3.1583096981048584
7749,train_loss,-3.0697405338287354
7799,train_loss,-3.1362874507904053
7849,train_loss,-3.189682722091675
7899,train_loss,-3.132946729660034
7949,train_loss,-2.990277051925659
7999,train_loss,-2.9796714782714844
8049,train_loss,-3.0644161701202393
8099,train_loss,-3.1055350303649902
8149,train_loss,-3.167537212371826
8199,train_loss,-3.0021281242370605
8249,train_loss,-2.9992611408233643
8299,train_loss,-3.1279075145721436
8349,train_loss,-3.049561023712158
8399,train_loss,-3.0849709510803223
8449,train_loss,-2.9903109073638916
8499,train_loss,-3.0417141914367676
8549,train_loss,-2.968400478363037
8599,train_loss,-3.2268571853637695
8649,train_loss,-3.0986053943634033
8699,train_loss,-3.082566738128662
8749,train_loss,-2.9460201263427734
8799,train_loss,-3.073593854904175
8849,train_loss,-3.1354641914367676
8899,train_loss,-3.0977156162261963
8949,train_loss,-3.123269557952881
8999,train_loss,-3.1614136695861816
9049,train_loss,-3.098252296447754
9099,train_loss,-2.955143451690674
9149,train_loss,-3.124746084213257
9199,train_loss,-3.156859874725342
9249,train_loss,-3.0563220977783203
9299,train_loss,-3.183915138244629
9349,train_loss,-2.9846746921539307
9399,train_loss,-3.120788335800171
9449,train_loss,-3.13659405708313
9499,train_loss,-3.173508405685425
9549,train_loss,-3.1397864818573
9599,train_loss,-3.0685338973999023
9649,train_loss,-2.9829094409942627
9699,train_loss,-3.1353540420532227
9749,train_loss,-3.1811490058898926
9799,train_loss,-3.0476486682891846
9849,train_loss,-3.210240602493286
9899,train_loss,-3.1086511611938477
9949,train_loss,-3.2829253673553467
9999,train_loss,-3.149855852127075
10049,train_loss,-3.2264604568481445
10099,train_loss,-3.122497797012329
10149,train_loss,-3.240563154220581
10199,train_loss,-3.173903703689575
10249,train_loss,-3.1325085163116455
10299,train_loss,-3.1588516235351562
10349,train_loss,-3.1838059425354004
10399,train_loss,-3.1612184047698975
10449,train_loss,-3.0650715827941895
10499,train_loss,-3.1134390830993652
10549,train_loss,-3.0883660316467285
10599,train_loss,-3.0662577152252197
10649,train_loss,-3.086719512939453
10699,train_loss,-3.1401588916778564
10749,train_loss,-3.182016372680664
10799,train_loss,-3.1523239612579346
10849,train_loss,-3.175060510635376
10899,train_loss,-3.2248828411102295
10949,train_loss,-3.092118978500366
10999,train_loss,-3.213465690612793
11049,train_loss,-3.095329761505127
11099,train_loss,-3.117067575454712
11149,train_loss,-3.089167833328247
11199,train_loss,-3.1623072624206543
11249,train_loss,-3.2706828117370605
11299,train_loss,-3.1898961067199707
11349,train_loss,-3.2765467166900635
11399,train_loss,-3.2008957862854004
11449,train_loss,-3.133631706237793
11499,train_loss,-3.2547402381896973
11549,train_loss,-3.1867098808288574
11599,train_loss,-3.237725257873535
11649,train_loss,-3.245468854904175
11699,train_loss,-3.2024052143096924
11749,train_loss,-3.3065741062164307
11799,train_loss,-3.2129387855529785
11849,train_loss,-3.273270845413208
11899,train_loss,-3.1754627227783203
11949,train_loss,-3.2876851558685303
11999,train_loss,-3.0971577167510986
12049,train_loss,-3.190289258956909
12099,train_loss,-3.2929234504699707
12149,train_loss,-3.307284355163574
12199,train_loss,-3.203740119934082
12249,train_loss,-3.189009189605713
12299,train_loss,-3.2134311199188232
12349,train_loss,-3.072129726409912
12399,train_loss,-3.211146116256714
12449,train_loss,-3.2026238441467285
12499,train_loss,-3.1803054809570312
12549,train_loss,-3.127599000930786
12599,train_loss,-3.234241485595703
12649,train_loss,-3.2832202911376953
12699,train_loss,-3.3451743125915527
12749,train_loss,-3.222473621368408
12799,train_loss,-3.294316053390503
12849,train_loss,-3.1791040897369385
12899,train_loss,-3.2567131519317627
12949,train_loss,-3.247854232788086
12999,train_loss,-3.2233097553253174
13049,train_loss,-3.2784769535064697
13099,train_loss,-3.290382146835327
13149,train_loss,-3.2456276416778564
13199,train_loss,-3.252469539642334
13249,train_loss,-3.0534212589263916
13299,train_loss,-3.3350236415863037
13349,train_loss,-3.1953673362731934
13399,train_loss,-3.296126365661621
13449,train_loss,-3.3034751415252686
13499,train_loss,-3.252199172973633
13549,train_loss,-3.200442314147949
13599,train_loss,-3.083794116973877
13649,train_loss,-3.177539110183716
13699,train_loss,-3.2725038528442383
13749,train_loss,-3.333397150039673
13799,train_loss,-3.2455296516418457
13849,train_loss,-3.250925302505493
13899,train_loss,-3.2616324424743652
13949,train_loss,-3.2536606788635254
13999,train_loss,-3.2306785583496094
14049,train_loss,-3.298497438430786
14099,train_loss,-3.395599842071533
14149,train_loss,-3.2186825275421143
14199,train_loss,-3.2388644218444824
14249,train_loss,-3.2755043506622314
14299,train_loss,-3.106320381164551
14349,train_loss,-3.2821109294891357
14399,train_loss,-3.331259250640869
14449,train_loss,-3.286487340927124
14499,train_loss,-3.209742307662964
14549,train_loss,-3.2917919158935547
14599,train_loss,-3.1980273723602295
14649,train_loss,-3.1405391693115234
14699,train_loss,-3.3582863807678223
14749,train_loss,-3.3979971408843994
14799,train_loss,-3.34090256690979
14849,train_loss,-3.2178235054016113
14899,train_loss,-3.27890944480896
14949,train_loss,-3.2057204246520996
14999,train_loss,-3.3278086185455322
15049,train_loss,-3.310243606567383
15099,train_loss,-3.4153642654418945
15149,train_loss,-3.345813274383545
15199,train_loss,-3.3919358253479004
15249,train_loss,-3.263155698776245
15299,train_loss,-3.3648266792297363
15349,train_loss,-3.2556915283203125
15399,train_loss,-3.3305749893188477
15449,train_loss,-3.231159210205078
15499,train_loss,-3.195316791534424
15549,train_loss,-3.3631303310394287
15599,train_loss,-3.306602954864502
15649,train_loss,-3.2748734951019287
15699,train_loss,-3.3941032886505127
15749,train_loss,-3.3377768993377686
15799,train_loss,-3.3480961322784424
15849,train_loss,-3.254552125930786
15899,train_loss,-3.3993871212005615
15949,train_loss,-3.337820053100586
15999,train_loss,-3.3000223636627197
16049,train_loss,-3.3889577388763428
16099,train_loss,-3.3980743885040283
16149,train_loss,-3.32438063621521
16199,train_loss,-3.2948720455169678
16249,train_loss,-3.3138303756713867
16299,train_loss,-3.3618240356445312
16349,train_loss,-3.273603677749634
16399,train_loss,-3.329448938369751
16449,train_loss,-3.3215813636779785
16499,train_loss,-3.3348402976989746
16549,train_loss,-3.4061334133148193
16599,train_loss,-3.352588653564453
16649,train_loss,-3.43831205368042
16699,train_loss,-3.363255262374878
16749,train_loss,-3.4145853519439697
16799,train_loss,-3.3134372234344482
16849,train_loss,-3.3722736835479736
16899,train_loss,-3.404238700866699
16949,train_loss,-3.429220676422119
16999,train_loss,-3.3769803047180176
17049,train_loss,-3.3744328022003174
17099,train_loss,-3.422055244445801
17149,train_loss,-3.396242618560791
17199,train_loss,-3.5454907417297363
17249,train_loss,-3.3603179454803467
17299,train_loss,-3.3453924655914307
17349,train_loss,-3.3671278953552246
17399,train_loss,-3.402111768722534
17449,train_loss,-3.401339530944824
17499,train_loss,-3.410614013671875
17549,train_loss,-3.422044515609741
17599,train_loss,-3.4822003841400146
17649,train_loss,-3.3838720321655273
17699,train_loss,-3.314152717590332
17749,train_loss,-3.461995840072632
17799,train_loss,-3.267022132873535
17849,train_loss,-3.40592622756958
17899,train_loss,-3.3452835083007812
17949,train_loss,-3.4141733646392822
17999,train_loss,-3.313159942626953
18049,train_loss,-3.3831729888916016
18099,train_loss,-3.5096426010131836
18149,train_loss,-3.352017402648926
18199,train_loss,-3.259737968444824
18249,train_loss,-3.3815114498138428
18299,train_loss,-3.3899025917053223
18349,train_loss,-3.393557071685791
18399,train_loss,-3.4945180416107178
18449,train_loss,-3.4003798961639404
18499,train_loss,-3.40889835357666
18549,train_loss,-3.3888115882873535
18599,train_loss,-3.382817506790161
18649,train_loss,-3.306121349334717
18699,train_loss,-3.3656365871429443
18749,train_loss,-3.323579788208008
18799,train_loss,-3.3245091438293457
18849,train_loss,-3.433528184890747
18899,train_loss,-3.3994810581207275
18949,train_loss,-3.4619734287261963
18999,train_loss,-3.3102777004241943
19049,train_loss,-3.3433759212493896
19099,train_loss,-3.478313446044922
19149,train_loss,-3.5398097038269043
19199,train_loss,-3.4653968811035156
19249,train_loss,-3.4667675495147705
19299,train_loss,-3.443681240081787
19349,train_loss,-3.4085519313812256
19399,train_loss,-3.509979009628296
19449,train_loss,-3.4531095027923584
19499,train_loss,-3.391123056411743
19549,train_loss,-3.3642983436584473
19599,train_loss,-3.4883430004119873
19649,train_loss,-3.4363651275634766
19699,train_loss,-3.4470934867858887
19749,train_loss,-3.459193229675293
19799,train_loss,-3.448293685913086
19849,train_loss,-3.369295120239258
19899,train_loss,-3.4562759399414062
19949,train_loss,-3.4419920444488525
19999,train_loss,-3.4967029094696045
20049,train_loss,-3.4652717113494873
20099,train_loss,-3.4155800342559814
20149,train_loss,-3.487682819366455
20199,train_loss,-3.4657633304595947
20249,train_loss,-3.388645887374878
20299,train_loss,-3.3674941062927246
20349,train_loss,-3.485847234725952
20399,train_loss,-3.5039923191070557
20449,train_loss,-3.4725751876831055
20499,train_loss,-3.5358006954193115
20549,train_loss,-3.3425238132476807
20599,train_loss,-3.5014760494232178
20649,train_loss,-3.44562029838562
20699,train_loss,-3.4408113956451416
20749,train_loss,-3.504880428314209
20799,train_loss,-3.4045159816741943
20849,train_loss,-3.455613851547241
20899,train_loss,-3.512181282043457
20949,train_loss,-3.497880697250366
20999,train_loss,-3.439362049102783
21049,train_loss,-3.421137809753418
21099,train_loss,-3.521973133087158
21149,train_loss,-3.5600552558898926
21199,train_loss,-3.5126259326934814
21249,train_loss,-3.466719150543213
21299,train_loss,-3.496154546737671
21349,train_loss,-3.4884228706359863
21399,train_loss,-3.530092477798462
21449,train_loss,-3.4624319076538086
21499,train_loss,-3.4421164989471436
21549,train_loss,-3.5022664070129395
21599,train_loss,-3.4634411334991455
21649,train_loss,-3.541917085647583
21699,train_loss,-3.3788247108459473
21749,train_loss,-3.5181031227111816
21799,train_loss,-3.5611014366149902
21849,train_loss,-3.4387264251708984
21899,train_loss,-3.4651594161987305
21949,train_loss,-3.5227417945861816
21999,train_loss,-3.4614593982696533
22049,train_loss,-3.4775686264038086
22099,train_loss,-3.577720880508423
22149,train_loss,-3.530923366546631
22199,train_loss,-3.5882022380828857
22249,train_loss,-3.5453169345855713
22299,train_loss,-3.43920636177063
22349,train_loss,-3.548305034637451
22399,train_loss,-3.4310388565063477
22449,train_loss,-3.542234182357788
22499,train_loss,-3.4848880767822266
22549,train_loss,-3.4565250873565674
22599,train_loss,-3.5229249000549316
22649,train_loss,-3.5207622051239014
22699,train_loss,-3.550119161605835
22749,train_loss,-3.4334099292755127
22799,train_loss,-3.578368663787842
22849,train_loss,-3.4869418144226074
22899,train_loss,-3.463202476501465
22949,train_loss,-3.48183274269104
22999,train_loss,-3.571194648742676
23049,train_loss,-3.4594826698303223
23099,train_loss,-3.5528647899627686
23149,train_loss,-3.5128116607666016
23199,train_loss,-3.4515554904937744
23249,train_loss,-3.36045241355896
23299,train_loss,-3.632939338684082
23349,train_loss,-3.5313215255737305
23399,train_loss,-3.4271113872528076
23449,train_loss,-3.561309576034546
23499,train_loss,-3.5959012508392334
23549,train_loss,-3.5556089878082275
23599,train_loss,-3.573274850845337
23649,train_loss,-3.5723142623901367
23699,train_loss,-3.613603115081787
23749,train_loss,-3.5642478466033936
23799,train_loss,-3.5164437294006348
23849,train_loss,-3.5203585624694824
23899,train_loss,-3.5871171951293945
23949,train_loss,-3.4589455127716064
23999,train_loss,-3.6117794513702393
24049,train_loss,-3.568976640701294
24099,train_loss,-3.3803839683532715
24149,train_loss,-3.570765495300293
24199,train_loss,-3.5357046127319336
24249,train_loss,-3.4323205947875977
24299,train_loss,-3.5265188217163086
24349,train_loss,-3.479459524154663
24399,train_loss,-3.491210460662842
24449,train_loss,-3.5142722129821777
24499,train_loss,-3.5614945888519287
24549,train_loss,-3.5164263248443604
24599,train_loss,-3.5756332874298096
24649,train_loss,-3.486879348754883
24699,train_loss,-3.4791905879974365
24749,train_loss,-3.5891401767730713
24799,train_loss,-3.494767665863037
24849,train_loss,-3.5716631412506104
24899,train_loss,-3.5731961727142334
24949,train_loss,-3.6200671195983887
24999,train_loss,-3.554774522781372
25049,train_loss,-3.543647289276123
25099,train_loss,-3.6008689403533936
25149,train_loss,-3.6500251293182373
25199,train_loss,-3.7259910106658936
25249,train_loss,-3.601938009262085
25299,train_loss,-3.6224215030670166
25349,train_loss,-3.6479814052581787
25399,train_loss,-3.5655276775360107
25449,train_loss,-3.5980405807495117
25499,train_loss,-3.5671725273132324
25549,train_loss,-3.5062437057495117
25599,train_loss,-3.4513964653015137
25649,train_loss,-3.552704095840454
25699,train_loss,-3.6031641960144043
25749,train_loss,-3.5597763061523438
25799,train_loss,-3.50056529045105
25849,train_loss,-3.5388519763946533
25899,train_loss,-3.6432547569274902
25949,train_loss,-3.626098871231079
25999,train_loss,-3.682920455932617
26049,train_loss,-3.5296576023101807
26099,train_loss,-3.503016710281372
26149,train_loss,-3.5046510696411133
26199,train_loss,-3.697253942489624
26249,train_loss,-3.570427894592285
26299,train_loss,-3.584986448287964
26349,train_loss,-3.5183215141296387
26399,train_loss,-3.551952600479126
26449,train_loss,-3.6191680431365967
26499,train_loss,-3.551178216934204
26549,train_loss,-3.55711030960083
26599,train_loss,-3.6087725162506104
26649,train_loss,-3.6220054626464844
26699,train_loss,-3.6965973377227783
26749,train_loss,-3.5783965587615967
26799,train_loss,-3.6087305545806885
26849,train_loss,-3.563272476196289
26899,train_loss,-3.525757074356079
26949,train_loss,-3.646831750869751
26999,train_loss,-3.5127320289611816
27049,train_loss,-3.5516481399536133
27099,train_loss,-3.587313652038574
27149,train_loss,-3.5466573238372803
27199,train_loss,-3.5487899780273438
27249,train_loss,-3.6531317234039307
27299,train_loss,-3.606928825378418
27349,train_loss,-3.558814764022827
27399,train_loss,-3.543510913848877
27449,train_loss,-3.583674192428589
27499,train_loss,-3.5958251953125
27549,train_loss,-3.5551133155822754
27599,train_loss,-3.5943973064422607
27649,train_loss,-3.579547643661499
27699,train_loss,-3.581348419189453
27749,train_loss,-3.505241632461548
27799,train_loss,-3.5046000480651855
27849,train_loss,-3.5749101638793945
27899,train_loss,-3.521127223968506
27949,train_loss,-3.5224337577819824
27999,train_loss,-3.58170223236084
28049,train_loss,-3.5938429832458496
28099,train_loss,-3.637472152709961
28149,train_loss,-3.6753835678100586
28199,train_loss,-3.633514881134033
28249,train_loss,-3.600717544555664
28299,train_loss,-3.6178698539733887
28349,train_loss,-3.633349895477295
28399,train_loss,-3.684178590774536
28449,train_loss,-3.5959293842315674
28499,train_loss,-3.6071884632110596
28549,train_loss,-3.5901598930358887
28599,train_loss,-3.5477333068847656
28649,train_loss,-3.670013904571533
28699,train_loss,-3.527379274368286
28749,train_loss,-3.657386064529419
28799,train_loss,-3.525803327560425
28849,train_loss,-3.6463823318481445
28899,train_loss,-3.611746072769165
28949,train_loss,-3.6309704780578613
28999,train_loss,-3.722820281982422
29049,train_loss,-3.612274169921875
29099,train_loss,-3.6071410179138184
29149,train_loss,-3.6533255577087402
29199,train_loss,-3.609405517578125
29249,train_loss,-3.5802829265594482
29299,train_loss,-3.5250325202941895
29349,train_loss,-3.4857475757598877
29399,train_loss,-3.6380910873413086
29449,train_loss,-3.5569565296173096
29499,train_loss,-3.626387119293213
29549,train_loss,-3.5492401123046875
29599,train_loss,-3.6559765338897705
29649,train_loss,-3.6355106830596924
29699,train_loss,-3.5678536891937256
29749,train_loss,-3.7240519523620605
29799,train_loss,-3.6391968727111816
29849,train_loss,-3.6495540142059326
29899,train_loss,-3.692155122756958
29949,train_loss,-3.583622694015503
29999,train_loss,-3.5412163734436035
30049,train_loss,-3.58986759185791
30099,train_loss,-3.6509265899658203
30149,train_loss,-3.6652886867523193
30199,train_loss,-3.6324234008789062
30249,train_loss,-3.599902629852295
30299,train_loss,-3.6038525104522705
30349,train_loss,-3.621056318283081
30399,train_loss,-3.678389549255371
30449,train_loss,-3.683668851852417
30499,train_loss,-3.617690086364746
30549,train_loss,-3.626462936401367
30599,train_loss,-3.6218760013580322
30649,train_loss,-3.6634111404418945
30699,train_loss,-3.669278621673584
30749,train_loss,-3.5738184452056885
30799,train_loss,-3.6122634410858154
30849,train_loss,-3.687795877456665
30899,train_loss,-3.7386672496795654
30949,train_loss,-3.6621949672698975
30999,train_loss,-3.6200082302093506
31049,train_loss,-3.6176857948303223
31099,train_loss,-3.7338852882385254
31149,train_loss,-3.7480602264404297
31199,train_loss,-3.6447396278381348
31249,train_loss,-3.696601390838623
31299,train_loss,-3.761026620864868
31349,train_loss,-3.6909706592559814
31399,train_loss,-3.555241584777832
31449,train_loss,-3.68881893157959
31499,train_loss,-3.6657650470733643
31549,train_loss,-3.6230006217956543
31599,train_loss,-3.6116654872894287
31649,train_loss,-3.6104013919830322
31699,train_loss,-3.697751998901367
31749,train_loss,-3.6741836071014404
31799,train_loss,-3.6937756538391113
31849,train_loss,-3.652599573135376
31899,train_loss,-3.6022393703460693
31949,train_loss,-3.6756591796875
31999,train_loss,-3.701404333114624
32049,train_loss,-3.6840877532958984
32099,train_loss,-3.615654945373535
32149,train_loss,-3.6042258739471436
32199,train_loss,-3.6355886459350586
32249,train_loss,-3.5956625938415527
32299,train_loss,-3.663102626800537
32349,train_loss,-3.6747233867645264
32399,train_loss,-3.6577694416046143
32449,train_loss,-3.677332878112793
32499,train_loss,-3.5914714336395264
32549,train_loss,-3.6679532527923584
32599,train_loss,-3.730955123901367
32649,train_loss,-3.6471359729766846
32699,train_loss,-3.6443440914154053
32749,train_loss,-3.6313138008117676
32799,train_loss,-3.661834716796875
32849,train_loss,-3.646237850189209
32899,train_loss,-3.752042293548584
32949,train_loss,-3.622831344604492
32999,train_loss,-3.6151628494262695
33049,train_loss,-3.6505353450775146
33099,train_loss,-3.7071096897125244
33149,train_loss,-3.736923933029175
33199,train_loss,-3.611604928970337
33249,train_loss,-3.6157541275024414
33299,train_loss,-3.6880440711975098
33349,train_loss,-3.6245853900909424
33399,train_loss,-3.6446526050567627
33449,train_loss,-3.5874826908111572
33499,train_loss,-3.680015802383423
33549,train_loss,-3.600174903869629
33599,train_loss,-3.6261157989501953
33649,train_loss,-3.663154125213623
33699,train_loss,-3.702113389968872
33749,train_loss,-3.67893648147583
33799,train_loss,-3.6658244132995605
33849,train_loss,-3.7222163677215576
33899,train_loss,-3.657120704650879
33949,train_loss,-3.715061664581299
33999,train_loss,-3.7703709602355957
34049,train_loss,-3.7079007625579834
34099,train_loss,-3.6549410820007324
34149,train_loss,-3.713686227798462
34199,train_loss,-3.673542022705078
34249,train_loss,-3.7074575424194336
34299,train_loss,-3.6241281032562256
34349,train_loss,-3.6535160541534424
34399,train_loss,-3.7069053649902344
34449,train_loss,-3.6781935691833496
34499,train_loss,-3.6524832248687744
34549,train_loss,-3.5640130043029785
34599,train_loss,-3.645658493041992
34649,train_loss,-3.6851818561553955
34699,train_loss,-3.689291000366211
34749,train_loss,-3.5779900550842285
34799,train_loss,-3.6195261478424072
34849,train_loss,-3.6790518760681152
34899,train_loss,-3.6850342750549316
34949,train_loss,-3.7128798961639404
34999,train_loss,-3.6345207691192627
35049,train_loss,-3.61724591255188
35099,train_loss,-3.697474241256714
35149,train_loss,-3.707061290740967
35199,train_loss,-3.7585458755493164
35249,train_loss,-3.6937336921691895
35299,train_loss,-3.7016990184783936
35349,train_loss,-3.752244710922241
35399,train_loss,-3.660191535949707
35449,train_loss,-3.6601831912994385
35499,train_loss,-3.706742286682129
35549,train_loss,-3.695643424987793
35599,train_loss,-3.661062479019165
35649,train_loss,-3.762559413909912
35699,train_loss,-3.7083914279937744
35749,train_loss,-3.6379871368408203
35799,train_loss,-3.7183446884155273
35849,train_loss,-3.7483878135681152
35899,train_loss,-3.6480791568756104
35949,train_loss,-3.605867624282837
35999,train_loss,-3.5794920921325684
36049,train_loss,-3.689363956451416
36099,train_loss,-3.8203206062316895
36149,train_loss,-3.5680086612701416
36199,train_loss,-3.706416368484497
36249,train_loss,-3.665344715118408
36299,train_loss,-3.676720142364502
36349,train_loss,-3.7497591972351074
36399,train_loss,-3.75698184967041
36449,train_loss,-3.776604175567627
36499,train_loss,-3.637394905090332
36549,train_loss,-3.7195026874542236
36599,train_loss,-3.754457473754883
36649,train_loss,-3.6287286281585693
36699,train_loss,-3.7532639503479004
36749,train_loss,-3.7501673698425293
36799,train_loss,-3.7185251712799072
36849,train_loss,-3.7188925743103027
36899,train_loss,-3.6255507469177246
36949,train_loss,-3.7678396701812744
36999,train_loss,-3.679788589477539
37049,train_loss,-3.773132085800171
37099,train_loss,-3.669233560562134
37149,train_loss,-3.7188122272491455
37199,train_loss,-3.7086806297302246
37249,train_loss,-3.7196149826049805
37299,train_loss,-3.6091442108154297
37349,train_loss,-3.6569371223449707
37399,train_loss,-3.59477162361145
37449,train_loss,-3.728034734725952
37499,train_loss,-3.6371822357177734
37549,train_loss,-3.6862525939941406
37599,train_loss,-3.721496105194092
37649,train_loss,-3.7382187843322754
37699,train_loss,-3.6123132705688477
37749,train_loss,-3.768928289413452
37799,train_loss,-3.703796148300171
37849,train_loss,-3.5640485286712646
37899,train_loss,-3.6828479766845703
37949,train_loss,-3.773531198501587
37999,train_loss,-3.703429698944092
38049,train_loss,-3.700744152069092
38099,train_loss,-3.7253355979919434
38149,train_loss,-3.5937559604644775
38199,train_loss,-3.656137704849243
38249,train_loss,-3.7211930751800537
38299,train_loss,-3.66560959815979
38349,train_loss,-3.753972291946411
38399,train_loss,-3.67665433883667
38449,train_loss,-3.7519772052764893
38499,train_loss,-3.6908726692199707
38549,train_loss,-3.6637208461761475
38599,train_loss,-3.7897419929504395
38649,train_loss,-3.8060455322265625
38699,train_loss,-3.6495678424835205
38749,train_loss,-3.754633665084839
38799,train_loss,-3.7054810523986816
38849,train_loss,-3.729607582092285
38899,train_loss,-3.6972827911376953
38949,train_loss,-3.8204505443573
38999,train_loss,-3.79579758644104
39049,train_loss,-3.8623528480529785
39099,train_loss,-3.6455466747283936
39149,train_loss,-3.6552419662475586
39199,train_loss,-3.7595067024230957
39249,train_loss,-3.7378756999969482
39299,train_loss,-3.746577739715576
39349,train_loss,-3.709590435028076
39399,train_loss,-3.654118061065674
39449,train_loss,-3.6803810596466064
39499,train_loss,-3.6320583820343018
39549,train_loss,-3.748661756515503
39599,train_loss,-3.8055574893951416
39649,train_loss,-3.756166934967041
39699,train_loss,-3.708667278289795
39749,train_loss,-3.776153802871704
39799,train_loss,-3.634089469909668
39849,train_loss,-3.745743989944458
39899,train_loss,-3.7049973011016846
39949,train_loss,-3.724548101425171
39999,train_loss,-3.7366271018981934
40049,train_loss,-3.719749689102173
40099,train_loss,-3.699847459793091
40149,train_loss,-3.7617340087890625
40199,train_loss,-3.691298007965088
40249,train_loss,-3.6913559436798096
40299,train_loss,-3.6810247898101807
40349,train_loss,-3.7962214946746826
40399,train_loss,-3.7439937591552734
40449,train_loss,-3.7328715324401855
40499,train_loss,-3.7714786529541016
40549,train_loss,-3.7550106048583984
40599,train_loss,-3.6988039016723633
40649,train_loss,-3.7091457843780518
40699,train_loss,-3.6992623805999756
40749,train_loss,-3.769277811050415
40799,train_loss,-3.7218382358551025
40849,train_loss,-3.697492837905884
40899,train_loss,-3.7020556926727295
40949,train_loss,-3.796656370162964
40999,train_loss,-3.6628215312957764
41049,train_loss,-3.697089910507202
41099,train_loss,-3.7601897716522217
41149,train_loss,-3.731382369995117
41199,train_loss,-3.704984188079834
41249,train_loss,-3.7147600650787354
41299,train_loss,-3.7706797122955322
41349,train_loss,-3.7701005935668945
41399,train_loss,-3.6907291412353516
41449,train_loss,-3.7198667526245117
41499,train_loss,-3.7016677856445312
41549,train_loss,-3.762075424194336
41599,train_loss,-3.8430285453796387
41649,train_loss,-3.709885835647583
41699,train_loss,-3.8193295001983643
41749,train_loss,-3.769198417663574
41799,train_loss,-3.8343844413757324
41849,train_loss,-3.7421064376831055
41899,train_loss,-3.751505136489868
41949,train_loss,-3.6478731632232666
41999,train_loss,-3.8363001346588135
42049,train_loss,-3.8367981910705566
42099,train_loss,-3.8307576179504395
42149,train_loss,-3.7204465866088867
42199,train_loss,-3.68638014793396
42249,train_loss,-3.69469952583313
42299,train_loss,-3.9280734062194824
42349,train_loss,-3.7539875507354736
42399,train_loss,-3.738593339920044
42449,train_loss,-3.7190287113189697
42499,train_loss,-3.7898659706115723
42549,train_loss,-3.739745855331421
42599,train_loss,-3.6715548038482666
42649,train_loss,-3.7484593391418457
42699,train_loss,-3.813462018966675
42749,train_loss,-3.614198684692383
42799,train_loss,-3.8216729164123535
42849,train_loss,-3.708146333694458
42899,train_loss,-3.7635440826416016
42949,train_loss,-3.8042683601379395
42999,train_loss,-3.884249448776245
43049,train_loss,-3.793414354324341
43099,train_loss,-3.778289318084717
43149,train_loss,-3.8014469146728516
43199,train_loss,-3.7430057525634766
43249,train_loss,-3.720170259475708
43299,train_loss,-3.751237630844116
43349,train_loss,-3.715632200241089
43399,train_loss,-3.823983907699585
43449,train_loss,-3.807054042816162
43499,train_loss,-3.7600889205932617
43549,train_loss,-3.7517049312591553
43599,train_loss,-3.801741361618042
43649,train_loss,-3.7912330627441406
43699,train_loss,-3.765939235687256
43749,train_loss,-3.705717086791992
43799,train_loss,-3.7438628673553467
43849,train_loss,-3.808173656463623
43899,train_loss,-3.7513318061828613
43949,train_loss,-3.7701120376586914
43999,train_loss,-3.7303974628448486
44049,train_loss,-3.7962610721588135
44099,train_loss,-3.8437294960021973
44149,train_loss,-3.842111349105835
44199,train_loss,-3.8013877868652344
44249,train_loss,-3.7025649547576904
44299,train_loss,-3.7519869804382324
44349,train_loss,-3.716237783432007
44399,train_loss,-3.740541458129883
44449,train_loss,-3.7703514099121094
44499,train_loss,-3.8055524826049805
44549,train_loss,-3.7569832801818848
44599,train_loss,-3.820659875869751
44649,train_loss,-3.845507860183716
44699,train_loss,-3.7484874725341797
44749,train_loss,-3.7982611656188965
44799,train_loss,-3.8459839820861816
44849,train_loss,-3.814460515975952
44899,train_loss,-3.750325918197632
44949,train_loss,-3.7728240489959717
44999,train_loss,-3.764509439468384
45049,train_loss,-3.8153645992279053
45099,train_loss,-3.7911429405212402
45149,train_loss,-3.8122637271881104
45199,train_loss,-3.798922300338745
45249,train_loss,-3.7989189624786377
45299,train_loss,-3.7923285961151123
45349,train_loss,-3.7441344261169434
45399,train_loss,-3.781057357788086
45449,train_loss,-3.688178300857544
45499,train_loss,-3.8232905864715576
45549,train_loss,-3.7584927082061768
45599,train_loss,-3.7594945430755615
45649,train_loss,-3.8054447174072266
45699,train_loss,-3.8684675693511963
45749,train_loss,-3.775102138519287
45799,train_loss,-3.7919955253601074
45849,train_loss,-3.7948856353759766
45899,train_loss,-3.884885549545288
45949,train_loss,-3.757420301437378
45999,train_loss,-3.8718628883361816
46049,train_loss,-3.810317277908325
46099,train_loss,-3.8407084941864014
46149,train_loss,-3.868626356124878
46199,train_loss,-3.8854715824127197
46249,train_loss,-3.813549041748047
46299,train_loss,-3.702049493789673
46349,train_loss,-3.8550713062286377
46399,train_loss,-3.82702898979187
46449,train_loss,-3.8415725231170654
46499,train_loss,-3.7839019298553467
46549,train_loss,-3.818185329437256
46599,train_loss,-3.7778470516204834
46649,train_loss,-3.8735268115997314
46699,train_loss,-3.7894442081451416
46749,train_loss,-3.8308815956115723
46799,train_loss,-3.8473992347717285
46849,train_loss,-3.8600831031799316
46899,train_loss,-3.8309168815612793
46949,train_loss,-3.8411989212036133
46999,train_loss,-3.771566867828369
47049,train_loss,-3.82258677482605
47099,train_loss,-3.813032865524292
47149,train_loss,-3.8236660957336426
47199,train_loss,-3.929091691970825
47249,train_loss,-3.8586816787719727
47299,train_loss,-3.880979061126709
47349,train_loss,-3.7937912940979004
47399,train_loss,-3.8689820766448975
47449,train_loss,-3.961040735244751
47499,train_loss,-3.925666570663452
47549,train_loss,-3.8368611335754395
47599,train_loss,-3.8109889030456543
47649,train_loss,-3.910212755203247
47699,train_loss,-3.707846164703369
47749,train_loss,-3.717958450317383
47799,train_loss,-3.876603603363037
47849,train_loss,-3.7990055084228516
47899,train_loss,-3.785158157348633
47949,train_loss,-3.7811777591705322
47999,train_loss,-3.7792768478393555
48049,train_loss,-3.794431447982788
48099,train_loss,-3.7922728061676025
48149,train_loss,-3.87807559967041
48199,train_loss,-3.7631940841674805
48249,train_loss,-3.836055278778076
48299,train_loss,-3.790924549102783
48349,train_loss,-3.7790300846099854
48399,train_loss,-3.8115074634552
48449,train_loss,-3.7716915607452393
48499,train_loss,-3.838761568069458
48549,train_loss,-3.7948668003082275
48599,train_loss,-3.855829954147339
48649,train_loss,-3.9445083141326904
48699,train_loss,-3.8882553577423096
48749,train_loss,-3.8945119380950928
48799,train_loss,-3.85284423828125
48849,train_loss,-3.8030998706817627
48899,train_loss,-3.899479866027832
48949,train_loss,-3.8409690856933594
48999,train_loss,-3.8188867568969727
49049,train_loss,-3.842240810394287
49099,train_loss,-3.7805838584899902
49149,train_loss,-3.9644861221313477
49199,train_loss,-3.742342472076416
49249,train_loss,-3.8876733779907227
49299,train_loss,-3.7996485233306885
49349,train_loss,-3.8297486305236816
49399,train_loss,-3.8046514987945557
49449,train_loss,-3.8452045917510986
49499,train_loss,-3.883524179458618
49549,train_loss,-3.804405689239502
49599,train_loss,-3.825956106185913
49649,train_loss,-3.8642399311065674
49699,train_loss,-3.9509942531585693
49749,train_loss,-3.8698599338531494
49799,train_loss,-3.8331754207611084
49849,train_loss,-3.792651414871216
49899,train_loss,-3.9280409812927246
49949,train_loss,-3.7540388107299805
49999,train_loss,-3.859534740447998
50049,train_loss,-3.7858147621154785
50099,train_loss,-3.8209004402160645
50149,train_loss,-3.8513100147247314
50199,train_loss,-3.8737809658050537
50249,train_loss,-3.843784809112549
50299,train_loss,-3.791205644607544
50349,train_loss,-3.81752872467041
50399,train_loss,-3.7469587326049805
50449,train_loss,-3.9254233837127686
50499,train_loss,-3.8436145782470703
50549,train_loss,-3.8339719772338867
50599,train_loss,-3.8820536136627197
50649,train_loss,-3.8232388496398926
50699,train_loss,-3.8473448753356934
50749,train_loss,-3.72931170463562
50799,train_loss,-3.807872772216797
50849,train_loss,-3.7491848468780518
50899,train_loss,-3.873588800430298
50949,train_loss,-3.8243789672851562
50999,train_loss,-3.899747371673584
51049,train_loss,-3.83221697807312
51099,train_loss,-3.715207576751709
51149,train_loss,-3.860832929611206
51199,train_loss,-3.832109212875366
51249,train_loss,-3.81337308883667
51299,train_loss,-3.907750129699707
51349,train_loss,-3.831652879714966
51399,train_loss,-3.8850502967834473
51449,train_loss,-3.8793280124664307
51499,train_loss,-3.837221622467041
51549,train_loss,-3.9205307960510254
51599,train_loss,-3.8440845012664795
51649,train_loss,-3.862636089324951
51699,train_loss,-3.9148316383361816
51749,train_loss,-3.8518645763397217
51799,train_loss,-3.8575639724731445
51849,train_loss,-3.837665319442749
51899,train_loss,-3.867713689804077
51949,train_loss,-3.9584498405456543
51999,train_loss,-3.933690071105957
52049,train_loss,-3.890331268310547
52099,train_loss,-3.8806326389312744
52149,train_loss,-3.9411985874176025
52199,train_loss,-3.902219533920288
52249,train_loss,-3.794548511505127
52299,train_loss,-3.8863377571105957
52349,train_loss,-3.8664119243621826
52399,train_loss,-3.9505794048309326
52449,train_loss,-3.8961870670318604
52499,train_loss,-3.907841682434082
52549,train_loss,-3.89235258102417
52599,train_loss,-3.9110798835754395
52649,train_loss,-3.827141046524048
52699,train_loss,-3.8586273193359375
52749,train_loss,-3.882747173309326
52799,train_loss,-3.8301267623901367
52849,train_loss,-3.905223846435547
52899,train_loss,-3.8674633502960205
52949,train_loss,-3.810763120651245
52999,train_loss,-3.7931249141693115
53049,train_loss,-3.863175630569458
53099,train_loss,-3.8405821323394775
53149,train_loss,-3.729365825653076
53199,train_loss,-3.8430519104003906
53249,train_loss,-3.845309257507324
53299,train_loss,-3.8716776371002197
53349,train_loss,-3.879049777984619
53399,train_loss,-3.941420555114746
53449,train_loss,-3.853652238845825
53499,train_loss,-3.795731782913208
53549,train_loss,-3.9366471767425537
53599,train_loss,-3.9314146041870117
53649,train_loss,-3.8663763999938965
53699,train_loss,-3.8852062225341797
53749,train_loss,-3.818019151687622
53799,train_loss,-3.9242520332336426
53849,train_loss,-3.9363560676574707
53899,train_loss,-3.8944029808044434
53949,train_loss,-3.9880130290985107
53999,train_loss,-3.8671882152557373
54049,train_loss,-3.8352997303009033
54099,train_loss,-3.9231958389282227
54149,train_loss,-3.824363946914673
54199,train_loss,-3.775277614593506
54249,train_loss,-3.911656618118286
54299,train_loss,-3.843306541442871
54349,train_loss,-3.893395185470581
54399,train_loss,-3.893526315689087
54449,train_loss,-3.8051743507385254
54499,train_loss,-3.957015037536621
54549,train_loss,-3.9457502365112305
54599,train_loss,-3.8653411865234375
54649,train_loss,-3.8136188983917236
54699,train_loss,-3.8972041606903076
54749,train_loss,-3.8656725883483887
54799,train_loss,-3.951012134552002
54849,train_loss,-3.9108798503875732
54899,train_loss,-3.839801549911499
54949,train_loss,-3.8112857341766357
54999,train_loss,-3.9378340244293213
55049,train_loss,-3.880496025085449
55099,train_loss,-3.9660696983337402
55149,train_loss,-3.946439266204834
55199,train_loss,-3.9635612964630127
55249,train_loss,-3.9045538902282715
55299,train_loss,-3.910407304763794
55349,train_loss,-3.8421380519866943
55399,train_loss,-3.8949718475341797
55449,train_loss,-3.988243579864502
55499,train_loss,-3.930349826812744
55549,train_loss,-3.9286696910858154
55599,train_loss,-3.940455436706543
55649,train_loss,-3.8341381549835205
55699,train_loss,-3.890240430831909
55749,train_loss,-3.835020065307617
55799,train_loss,-3.9110805988311768
55849,train_loss,-4.064371585845947
55899,train_loss,-3.832247018814087
55949,train_loss,-3.8840839862823486
55999,train_loss,-3.9701359272003174
56049,train_loss,-3.811469078063965
56099,train_loss,-3.8996400833129883
56149,train_loss,-3.9255809783935547
56199,train_loss,-3.9948129653930664
56249,train_loss,-3.893070697784424
56299,train_loss,-3.9244771003723145
56349,train_loss,-3.9127254486083984
56399,train_loss,-3.89493727684021
56449,train_loss,-3.9556496143341064
56499,train_loss,-3.8659205436706543
56549,train_loss,-3.962627649307251
56599,train_loss,-3.8957903385162354
56649,train_loss,-3.914414882659912
56699,train_loss,-3.8784656524658203
56749,train_loss,-3.817314386367798
56799,train_loss,-3.8977935314178467
56849,train_loss,-3.953474760055542
56899,train_loss,-3.8677444458007812
56949,train_loss,-3.9510738849639893
56999,train_loss,-3.9601943492889404
57049,train_loss,-3.8553993701934814
57099,train_loss,-3.911733388900757
57149,train_loss,-3.8199050426483154
57199,train_loss,-3.919414520263672
57249,train_loss,-3.840036153793335
57299,train_loss,-3.943352222442627
57349,train_loss,-3.9301517009735107
57399,train_loss,-3.8674161434173584
57449,train_loss,-3.9402241706848145
57499,train_loss,-3.8829715251922607
57549,train_loss,-3.988949775695801
57599,train_loss,-3.8938112258911133
57649,train_loss,-3.9615039825439453
57699,train_loss,-3.9006779193878174
57749,train_loss,-3.9256701469421387
57799,train_loss,-3.9535036087036133
57849,train_loss,-3.903879404067993
57899,train_loss,-3.8712971210479736
57949,train_loss,-3.942077159881592
57999,train_loss,-3.998349189758301
58049,train_loss,-3.9336366653442383
58099,train_loss,-3.9385087490081787
58149,train_loss,-3.9138472080230713
58199,train_loss,-3.957075834274292
58249,train_loss,-3.9249541759490967
58299,train_loss,-3.8695271015167236
58349,train_loss,-3.893367052078247
58399,train_loss,-3.94944167137146
58449,train_loss,-3.8655736446380615
58499,train_loss,-3.908970832824707
58549,train_loss,-3.899149179458618
58599,train_loss,-3.9020166397094727
58649,train_loss,-3.8257336616516113
58699,train_loss,-3.880343437194824
58749,train_loss,-3.9510231018066406
58799,train_loss,-3.881476402282715
58849,train_loss,-3.8964457511901855
58899,train_loss,-3.9526665210723877
58949,train_loss,-3.9065494537353516
58999,train_loss,-3.8675944805145264
59049,train_loss,-3.9053828716278076
59099,train_loss,-3.9853084087371826
59149,train_loss,-4.002786159515381
59199,train_loss,-3.890171527862549
59249,train_loss,-3.8281209468841553
59299,train_loss,-3.9214651584625244
59349,train_loss,-4.035767078399658
59399,train_loss,-3.825540542602539
59449,train_loss,-3.9469664096832275
59499,train_loss,-3.9752819538116455
59549,train_loss,-3.868454694747925
59599,train_loss,-3.8945975303649902
59649,train_loss,-4.01654577255249
59699,train_loss,-3.943840980529785
59749,train_loss,-4.05081033706665
59799,train_loss,-3.96012020111084
59849,train_loss,-3.910254955291748
59899,train_loss,-3.9642467498779297
59949,train_loss,-3.8999924659729004
59999,train_loss,-3.9698102474212646
60049,train_loss,-3.8862903118133545
60099,train_loss,-4.010003089904785
60149,train_loss,-3.9359304904937744
60199,train_loss,-3.932920217514038
60249,train_loss,-4.004695415496826
60299,train_loss,-3.9004528522491455
60349,train_loss,-3.865236759185791
60399,train_loss,-3.9121739864349365
60449,train_loss,-3.9290764331817627
60499,train_loss,-3.8839848041534424
60549,train_loss,-3.9679713249206543
60599,train_loss,-3.9639065265655518
60649,train_loss,-3.9473774433135986
60699,train_loss,-3.9394843578338623
60749,train_loss,-3.936920404434204
60799,train_loss,-3.9240450859069824
60849,train_loss,-3.9176747798919678
60899,train_loss,-3.9610767364501953
60949,train_loss,-3.9992635250091553
60999,train_loss,-3.859245777130127
61049,train_loss,-3.974853992462158
61099,train_loss,-3.9596686363220215
61149,train_loss,-3.9095044136047363
61199,train_loss,-3.9589154720306396
61249,train_loss,-3.9333441257476807
61299,train_loss,-3.915696382522583
61349,train_loss,-3.890876054763794
61399,train_loss,-3.965115547180176
61449,train_loss,-3.840974807739258
61499,train_loss,-3.9130403995513916
61549,train_loss,-3.9711079597473145
61599,train_loss,-3.9239532947540283
61649,train_loss,-3.9803128242492676
61699,train_loss,-3.8958065509796143
61749,train_loss,-3.890411615371704
61799,train_loss,-4.049801826477051
61849,train_loss,-3.9212822914123535
61899,train_loss,-3.9478957653045654
61949,train_loss,-3.9172661304473877
61999,train_loss,-3.840951681137085
62049,train_loss,-3.878694772720337
62099,train_loss,-3.9074416160583496
62149,train_loss,-3.9322726726531982
62199,train_loss,-3.911569118499756
62249,train_loss,-3.911658525466919
62299,train_loss,-3.914595603942871
62349,train_loss,-3.8966710567474365
62399,train_loss,-3.856015682220459
62449,train_loss,-3.932068109512329
62499,train_loss,-3.9779536724090576
62549,train_loss,-4.021881103515625
62599,train_loss,-4.027900695800781
62649,train_loss,-4.0021772384643555
62699,train_loss,-3.9824531078338623
62749,train_loss,-3.915968894958496
62799,train_loss,-3.9369070529937744
62849,train_loss,-4.002074241638184
62899,train_loss,-3.8161556720733643
62949,train_loss,-3.958050012588501
62999,train_loss,-3.990591526031494
63049,train_loss,-3.9021971225738525
63099,train_loss,-4.039829254150391
63149,train_loss,-3.917443037033081
63199,train_loss,-3.9820313453674316
63249,train_loss,-3.9236037731170654
63299,train_loss,-3.886728286743164
63349,train_loss,-3.904897689819336
63399,train_loss,-4.021267890930176
63449,train_loss,-3.9239728450775146
63499,train_loss,-3.9651455879211426
63549,train_loss,-3.9713830947875977
63599,train_loss,-3.911471366882324
63649,train_loss,-3.907257318496704
63699,train_loss,-3.8516178131103516
63749,train_loss,-4.0340189933776855
63799,train_loss,-3.883183240890503
63849,train_loss,-3.96980357170105
63899,train_loss,-3.8687150478363037
63949,train_loss,-3.875178098678589
63999,train_loss,-4.002157211303711
64049,train_loss,-4.001352310180664
64099,train_loss,-3.9918394088745117
64149,train_loss,-3.9169182777404785
64199,train_loss,-3.9639501571655273
64249,train_loss,-3.9431867599487305
64299,train_loss,-3.926722288131714
64349,train_loss,-3.881096839904785
64399,train_loss,-3.9437954425811768
64449,train_loss,-3.9141647815704346
64499,train_loss,-3.91011381149292
64549,train_loss,-3.905668258666992
64599,train_loss,-4.0062336921691895
64649,train_loss,-3.9279944896698
64699,train_loss,-3.991877794265747
64749,train_loss,-4.007253646850586
64799,train_loss,-3.9395177364349365
64849,train_loss,-3.9293079376220703
64899,train_loss,-3.8727707862854004
64949,train_loss,-4.023612976074219
64999,train_loss,-3.978945732116699
65049,train_loss,-3.9772133827209473
65099,train_loss,-3.956693649291992
65149,train_loss,-3.9080617427825928
65199,train_loss,-3.9822795391082764
65249,train_loss,-4.048485279083252
65299,train_loss,-3.98679780960083
65349,train_loss,-3.918034553527832
65399,train_loss,-3.9796674251556396
65449,train_loss,-3.9091036319732666
65499,train_loss,-3.907546281814575
65549,train_loss,-4.0256733894348145
65599,train_loss,-3.9699108600616455
65649,train_loss,-3.9322962760925293
65699,train_loss,-3.9924769401550293
65749,train_loss,-3.962324619293213
65799,train_loss,-3.9498939514160156
65849,train_loss,-3.8960554599761963
65899,train_loss,-3.9490694999694824
65949,train_loss,-3.9997105598449707
65999,train_loss,-3.9209039211273193
66049,train_loss,-3.9198834896087646
66099,train_loss,-3.9275119304656982
66149,train_loss,-4.01497745513916
66199,train_loss,-4.017236709594727
66249,train_loss,-4.104295253753662
66299,train_loss,-3.992483139038086
66349,train_loss,-3.9173355102539062
66399,train_loss,-4.029751777648926
66449,train_loss,-3.985619068145752
66499,train_loss,-4.00438117980957
66549,train_loss,-4.062190055847168
66599,train_loss,-3.9723258018493652
66649,train_loss,-4.015449047088623
66699,train_loss,-4.046070098876953
66749,train_loss,-3.9940412044525146
66799,train_loss,-4.038054943084717
66849,train_loss,-3.8826253414154053
66899,train_loss,-4.03882360458374
66949,train_loss,-3.9535555839538574
66999,train_loss,-3.9043943881988525
67049,train_loss,-3.9613752365112305
67099,train_loss,-3.9987363815307617
67149,train_loss,-4.0063982009887695
67199,train_loss,-4.090054988861084
67249,train_loss,-3.9384453296661377
67299,train_loss,-3.9913530349731445
67349,train_loss,-4.0375847816467285
67399,train_loss,-3.9173905849456787
67449,train_loss,-3.937659740447998
67499,train_loss,-3.944268226623535
67549,train_loss,-4.013418674468994
67599,train_loss,-3.9762353897094727
67649,train_loss,-4.071829795837402
67699,train_loss,-3.943488836288452
67749,train_loss,-3.931382656097412
67799,train_loss,-3.950047016143799
67849,train_loss,-3.9752047061920166
67899,train_loss,-4.064666748046875
67949,train_loss,-4.0096635818481445
67999,train_loss,-4.016049385070801
68049,train_loss,-3.9267332553863525
68099,train_loss,-4.012021541595459
68149,train_loss,-4.005468845367432
68199,train_loss,-3.9025676250457764
68249,train_loss,-4.073535442352295
68299,train_loss,-3.9791126251220703
68349,train_loss,-3.8967323303222656
68399,train_loss,-3.8834574222564697
68449,train_loss,-3.919095993041992
68499,train_loss,-3.9643054008483887
68549,train_loss,-4.013061046600342
68599,train_loss,-3.9766664505004883
68649,train_loss,-3.942458152770996
68699,train_loss,-3.8967509269714355
68749,train_loss,-3.962109327316284
68799,train_loss,-3.8696231842041016
68849,train_loss,-3.9842355251312256
68899,train_loss,-3.9945263862609863
68949,train_loss,-3.991377115249634
68999,train_loss,-3.9784672260284424
69049,train_loss,-3.9857726097106934
69099,train_loss,-3.961996555328369
69149,train_loss,-3.984593391418457
69199,train_loss,-3.9086272716522217
69249,train_loss,-4.041064262390137
69299,train_loss,-3.9897780418395996
69349,train_loss,-3.9840900897979736
69399,train_loss,-4.0117411613464355
69449,train_loss,-3.8975133895874023
69499,train_loss,-3.9123308658599854
69549,train_loss,-4.047564506530762
69599,train_loss,-4.03877067565918
69649,train_loss,-3.932560682296753
69699,train_loss,-4.123105525970459
69749,train_loss,-3.9260592460632324
69799,train_loss,-3.9514572620391846
69849,train_loss,-3.9816465377807617
69899,train_loss,-4.0065388679504395
69949,train_loss,-3.907687187194824
69999,train_loss,-3.9428203105926514
70049,train_loss,-4.008930206298828
70099,train_loss,-4.000957489013672
70149,train_loss,-3.904265880584717
70199,train_loss,-3.9459550380706787
70249,train_loss,-3.890338897705078
70299,train_loss,-4.092268466949463
70349,train_loss,-3.9667696952819824
70399,train_loss,-3.991093158721924
70449,train_loss,-4.025803565979004
70499,train_loss,-3.950213670730591
70549,train_loss,-3.943927526473999
70599,train_loss,-3.9390764236450195
70649,train_loss,-3.9808504581451416
70699,train_loss,-4.01536750793457
70749,train_loss,-4.052097320556641
70799,train_loss,-3.9887728691101074
70849,train_loss,-3.9257142543792725
70899,train_loss,-3.9143011569976807
70949,train_loss,-4.067637920379639
70999,train_loss,-3.949934482574463
71049,train_loss,-3.8977482318878174
71099,train_loss,-3.9286389350891113
71149,train_loss,-3.959381341934204
71199,train_loss,-4.038119316101074
71249,train_loss,-3.980945587158203
71299,train_loss,-3.982360363006592
71349,train_loss,-4.0939202308654785
71399,train_loss,-3.966099739074707
71449,train_loss,-4.014697551727295
71499,train_loss,-3.988452672958374
71549,train_loss,-3.9992003440856934
71599,train_loss,-3.971926689147949
71649,train_loss,-3.972017765045166
71699,train_loss,-3.9405977725982666
71749,train_loss,-3.9467766284942627
71799,train_loss,-4.078572750091553
71849,train_loss,-4.005363464355469
71899,train_loss,-3.9451706409454346
71949,train_loss,-3.955418348312378
71999,train_loss,-4.024802207946777
72049,train_loss,-3.9827535152435303
72099,train_loss,-4.101780891418457
72149,train_loss,-4.037219047546387
72199,train_loss,-3.9535412788391113
72249,train_loss,-4.032851696014404
72299,train_loss,-3.977742910385132
72349,train_loss,-3.9504384994506836
72399,train_loss,-4.019139766693115
72449,train_loss,-3.9915688037872314
72499,train_loss,-3.922157049179077
72549,train_loss,-4.019899368286133
72599,train_loss,-4.043533802032471
72649,train_loss,-3.9743502140045166
72699,train_loss,-3.9825024604797363
72749,train_loss,-4.037145614624023
72799,train_loss,-3.936671733856201
72849,train_loss,-3.9876105785369873
72899,train_loss,-3.988050937652588
72949,train_loss,-3.988236665725708
72999,train_loss,-4.040736198425293
73049,train_loss,-4.052001476287842
73099,train_loss,-3.973689079284668
73149,train_loss,-4.001227378845215
73199,train_loss,-4.015657901763916
73249,train_loss,-3.9943549633026123
73299,train_loss,-4.0094099044799805
73349,train_loss,-4.044317722320557
73399,train_loss,-3.956808090209961
73449,train_loss,-3.9471383094787598
73499,train_loss,-4.085607051849365
73549,train_loss,-3.9203908443450928
73599,train_loss,-3.941147565841675
73649,train_loss,-4.096443176269531
73699,train_loss,-3.898153305053711
73749,train_loss,-4.039846420288086
73799,train_loss,-4.065757751464844
73849,train_loss,-4.046719551086426
73899,train_loss,-4.061735153198242
73949,train_loss,-4.001469135284424
73999,train_loss,-3.9046294689178467
74049,train_loss,-3.891770839691162
74099,train_loss,-4.035408973693848
74149,train_loss,-3.9550743103027344
74199,train_loss,-3.978616714477539
74249,train_loss,-4.073122978210449
74299,train_loss,-4.096400260925293
74349,train_loss,-3.9858193397521973
74399,train_loss,-3.9835240840911865
74449,train_loss,-3.9675204753875732
74499,train_loss,-4.030264854431152
74549,train_loss,-3.9802334308624268
74599,train_loss,-3.9412505626678467
74649,train_loss,-3.9231998920440674
74699,train_loss,-4.05266809463501
74749,train_loss,-4.015084743499756
74799,train_loss,-4.022885799407959
74849,train_loss,-4.026545524597168
74899,train_loss,-4.046451568603516
74949,train_loss,-4.02144193649292
74999,train_loss,-3.937087059020996
75049,train_loss,-4.007518768310547
75099,train_loss,-4.078402042388916
75149,train_loss,-4.0037360191345215
75199,train_loss,-4.049431324005127
75249,train_loss,-3.9833662509918213
75299,train_loss,-4.004834175109863
75349,train_loss,-4.017162322998047
75399,train_loss,-4.0665178298950195
75449,train_loss,-3.9938158988952637
75499,train_loss,-3.9471194744110107
75549,train_loss,-3.9592463970184326
75599,train_loss,-4.061245441436768
75649,train_loss,-3.9923298358917236
75699,train_loss,-4.055075645446777
75749,train_loss,-3.990670680999756
75799,train_loss,-4.015359401702881
75849,train_loss,-4.024069786071777
75899,train_loss,-4.032015800476074
75949,train_loss,-3.993051767349243
75999,train_loss,-3.931922197341919
76049,train_loss,-4.054658889770508
76099,train_loss,-4.107564926147461
76149,train_loss,-3.9997189044952393
76199,train_loss,-3.999511480331421
76249,train_loss,-4.0205841064453125
76299,train_loss,-4.0461201667785645
76349,train_loss,-4.071404457092285
76399,train_loss,-3.9246819019317627
76449,train_loss,-3.9167263507843018
76499,train_loss,-3.932452917098999
76549,train_loss,-4.055972576141357
76599,train_loss,-4.068296432495117
76649,train_loss,-4.025969505310059
76699,train_loss,-4.096187114715576
76749,train_loss,-4.092782497406006
76799,train_loss,-4.064572334289551
76849,train_loss,-3.9704365730285645
76899,train_loss,-4.065415382385254
76949,train_loss,-3.9832119941711426
76999,train_loss,-3.969297409057617
77049,train_loss,-4.003999710083008
77099,train_loss,-3.921928644180298
77149,train_loss,-4.029409408569336
77199,train_loss,-4.113582611083984
77249,train_loss,-4.061707019805908
77299,train_loss,-3.9872775077819824
77349,train_loss,-4.021605014801025
77399,train_loss,-4.0013203620910645
77449,train_loss,-4.094903469085693
77499,train_loss,-3.9985947608947754
77549,train_loss,-3.9896302223205566
77599,train_loss,-4.116415977478027
77649,train_loss,-4.032107353210449
77699,train_loss,-3.900582790374756
77749,train_loss,-3.9436628818511963
77799,train_loss,-3.970531702041626
77849,train_loss,-3.9770009517669678
77899,train_loss,-4.0812273025512695
77949,train_loss,-4.001067161560059
77999,train_loss,-4.065016746520996
78049,train_loss,-4.000462055206299
78099,train_loss,-4.123887538909912
78149,train_loss,-3.9564831256866455
78199,train_loss,-3.967836856842041
78249,train_loss,-4.015594005584717
78299,train_loss,-4.022082328796387
78349,train_loss,-4.086126804351807
78399,train_loss,-4.009524822235107
78449,train_loss,-4.013868808746338
78499,train_loss,-4.047224044799805
78549,train_loss,-3.97554349899292
78599,train_loss,-4.108832359313965
78649,train_loss,-4.097862243652344
78699,train_loss,-4.048508644104004
78749,train_loss,-4.068891525268555
78799,train_loss,-4.191557884216309
78849,train_loss,-3.9236135482788086
78899,train_loss,-3.949899673461914
78949,train_loss,-4.0885233879089355
78999,train_loss,-3.9808597564697266
79049,train_loss,-4.050092697143555
79099,train_loss,-4.005649566650391
79149,train_loss,-4.021669387817383
79199,train_loss,-4.126701354980469
79249,train_loss,-4.049106597900391
79299,train_loss,-4.0140767097473145
79349,train_loss,-4.086266994476318
79399,train_loss,-3.9746439456939697
79449,train_loss,-4.089827537536621
79499,train_loss,-4.0329084396362305
79549,train_loss,-4.109860420227051
79599,train_loss,-4.07651948928833
79649,train_loss,-4.075372219085693
79699,train_loss,-4.04270601272583
79749,train_loss,-4.029984951019287
79799,train_loss,-4.092432022094727
79849,train_loss,-4.128718376159668
79899,train_loss,-4.001157760620117
79949,train_loss,-4.070842742919922
79999,train_loss,-4.096088886260986
80049,train_loss,-4.100953102111816
80099,train_loss,-3.9987130165100098
80149,train_loss,-4.136421203613281
80199,train_loss,-4.116274833679199
80249,train_loss,-4.083261489868164
80299,train_loss,-4.077391624450684
80349,train_loss,-4.079378128051758
80399,train_loss,-4.03072452545166
80449,train_loss,-4.016883850097656
80499,train_loss,-4.051830768585205
80549,train_loss,-4.074117660522461
80599,train_loss,-4.1487298011779785
80649,train_loss,-4.055005073547363
80699,train_loss,-4.0273871421813965
80749,train_loss,-4.069801330566406
80799,train_loss,-3.9962656497955322
80849,train_loss,-4.018588066101074
80899,train_loss,-3.993555784225464
80949,train_loss,-4.048658847808838
80999,train_loss,-4.006680011749268
81049,train_loss,-4.002692699432373
81099,train_loss,-4.122214317321777
81149,train_loss,-4.068515300750732
81199,train_loss,-4.112992286682129
81249,train_loss,-3.9914064407348633
81299,train_loss,-4.131274700164795
81349,train_loss,-4.081981658935547
81399,train_loss,-4.224209308624268
81449,train_loss,-4.12163782119751
81499,train_loss,-4.0510663986206055
81549,train_loss,-4.198444366455078
81599,train_loss,-4.02883243560791
81649,train_loss,-4.050608158111572
81699,train_loss,-4.041588306427002
81749,train_loss,-4.090843677520752
81799,train_loss,-4.101135730743408
81849,train_loss,-3.945526123046875
81899,train_loss,-4.043470859527588
81949,train_loss,-3.997891426086426
81999,train_loss,-4.052415370941162
82049,train_loss,-4.060947895050049
82099,train_loss,-4.04024600982666
82149,train_loss,-4.084333419799805
82199,train_loss,-4.042890548706055
82249,train_loss,-4.067562580108643
82299,train_loss,-4.009781360626221
82349,train_loss,-4.0548415184021
82399,train_loss,-4.023329257965088
82449,train_loss,-4.157834529876709
82499,train_loss,-4.026312351226807
82549,train_loss,-4.06995153427124
82599,train_loss,-4.068716049194336
82649,train_loss,-4.104250431060791
82699,train_loss,-4.091349124908447
82749,train_loss,-4.023300647735596
82799,train_loss,-4.080385684967041
82849,train_loss,-4.043915271759033
82899,train_loss,-4.078023433685303
82949,train_loss,-3.9412002563476562
82999,train_loss,-4.086978912353516
83049,train_loss,-4.2006988525390625
83099,train_loss,-4.0043625831604
83149,train_loss,-4.0171637535095215
83199,train_loss,-4.063039779663086
83249,train_loss,-4.04630184173584
83299,train_loss,-4.145683288574219
83349,train_loss,-3.9834775924682617
83399,train_loss,-3.9513015747070312
83449,train_loss,-4.080511093139648
83499,train_loss,-4.018951416015625
83549,train_loss,-4.003988742828369
83599,train_loss,-4.097618579864502
83649,train_loss,-3.9996707439422607
83699,train_loss,-4.050695419311523
83749,train_loss,-4.054866313934326
83799,train_loss,-4.030192852020264
83849,train_loss,-4.031706809997559
83899,train_loss,-4.0921101570129395
83949,train_loss,-4.092939376831055
83999,train_loss,-4.010810375213623
84049,train_loss,-4.0671844482421875
84099,train_loss,-4.180752754211426
84149,train_loss,-4.117379188537598
84199,train_loss,-4.1199140548706055
84249,train_loss,-4.0680742263793945
84299,train_loss,-4.081799507141113
84349,train_loss,-4.065560817718506
84399,train_loss,-4.034270286560059
84449,train_loss,-4.101738929748535
84499,train_loss,-4.1614203453063965
84549,train_loss,-4.014509201049805
84599,train_loss,-4.087806701660156
84649,train_loss,-4.052201271057129
84699,train_loss,-3.9837019443511963
84749,train_loss,-4.072635173797607
84799,train_loss,-4.0231523513793945
84849,train_loss,-4.151816368103027
84899,train_loss,-4.048302173614502
84949,train_loss,-4.042603015899658
84999,train_loss,-4.086995601654053
85049,train_loss,-4.109356880187988
85099,train_loss,-4.140581130981445
85149,train_loss,-4.0523600578308105
85199,train_loss,-4.092954158782959
85249,train_loss,-4.1241278648376465
85299,train_loss,-4.152369976043701
85349,train_loss,-4.172084808349609
85399,train_loss,-4.160173416137695
85449,train_loss,-4.080219745635986
85499,train_loss,-4.145172119140625
85549,train_loss,-4.072293758392334
85599,train_loss,-4.140580177307129
85649,train_loss,-3.9854040145874023
85699,train_loss,-4.101365089416504
85749,train_loss,-4.1415791511535645
85799,train_loss,-4.078983783721924
85849,train_loss,-4.14508056640625
85899,train_loss,-4.0913987159729
85949,train_loss,-4.124778747558594
85999,train_loss,-4.058192729949951
86049,train_loss,-4.0936408042907715
86099,train_loss,-4.057370185852051
86149,train_loss,-4.050022125244141
86199,train_loss,-4.126802444458008
86249,train_loss,-4.070744037628174
86299,train_loss,-3.9689178466796875
86349,train_loss,-4.035120010375977
86399,train_loss,-4.000714302062988
86449,train_loss,-4.1078033447265625
86499,train_loss,-4.020854473114014
86549,train_loss,-4.065419673919678
86599,train_loss,-4.102471828460693
86649,train_loss,-4.177918910980225
86699,train_loss,-4.162725925445557
86749,train_loss,-4.124248504638672
86799,train_loss,-4.131608486175537
86849,train_loss,-4.007025241851807
86899,train_loss,-4.067012786865234
86949,train_loss,-4.089751720428467
86999,train_loss,-4.093390464782715
87049,train_loss,-4.063028335571289
87099,train_loss,-4.080757141113281
87149,train_loss,-4.229365825653076
87199,train_loss,-4.076313495635986
87249,train_loss,-4.1058244705200195
87299,train_loss,-4.092580318450928
87349,train_loss,-4.104090213775635
87399,train_loss,-4.0348968505859375
87449,train_loss,-4.15704870223999
87499,train_loss,-4.006497383117676
87549,train_loss,-4.063259124755859
87599,train_loss,-3.975236654281616
87649,train_loss,-4.07806921005249
87699,train_loss,-4.070178985595703
87749,train_loss,-4.038806438446045
87799,train_loss,-4.109679222106934
87849,train_loss,-3.9874253273010254
87899,train_loss,-4.145214557647705
87949,train_loss,-4.109696865081787
87999,train_loss,-4.063230514526367
88049,train_loss,-4.054523468017578
88099,train_loss,-4.086421966552734
88149,train_loss,-4.087131500244141
88199,train_loss,-4.191256999969482
88249,train_loss,-4.043855667114258
88299,train_loss,-4.177443981170654
88349,train_loss,-3.9775707721710205
88399,train_loss,-4.099526405334473
88449,train_loss,-4.095012187957764
88499,train_loss,-4.03672981262207
88549,train_loss,-4.0734333992004395
88599,train_loss,-4.111778259277344
88649,train_loss,-4.0893731117248535
88699,train_loss,-4.1282453536987305
88749,train_loss,-4.017579078674316
88799,train_loss,-4.096471786499023
88849,train_loss,-4.130077362060547
88899,train_loss,-4.053396224975586
88949,train_loss,-4.071042537689209
88999,train_loss,-4.1086201667785645
89049,train_loss,-4.1784868240356445
89099,train_loss,-4.089241027832031
89149,train_loss,-4.068806171417236
89199,train_loss,-4.173960208892822
89249,train_loss,-3.9541871547698975
89299,train_loss,-4.209333896636963
89349,train_loss,-4.128592014312744
89399,train_loss,-4.020906448364258
89449,train_loss,-4.06244421005249
89499,train_loss,-4.209077835083008
89549,train_loss,-4.07499885559082
89599,train_loss,-4.116397857666016
89649,train_loss,-4.159359931945801
89699,train_loss,-4.1226019859313965
89749,train_loss,-4.1493916511535645
89799,train_loss,-4.1137237548828125
89849,train_loss,-4.186790943145752
89899,train_loss,-4.147334575653076
89949,train_loss,-4.083096027374268
89999,train_loss,-4.0077691078186035
90049,train_loss,-4.087029457092285
90099,train_loss,-4.2101664543151855
90149,train_loss,-4.107659816741943
90199,train_loss,-4.293668746948242
90249,train_loss,-4.0874128341674805
90299,train_loss,-4.071923732757568
90349,train_loss,-3.9984652996063232
90399,train_loss,-4.214515209197998
90449,train_loss,-4.052501201629639
90499,train_loss,-4.013408184051514
90549,train_loss,-4.153597831726074
90599,train_loss,-4.154378890991211
90649,train_loss,-4.164089679718018
90699,train_loss,-4.132336139678955
90749,train_loss,-4.135517120361328
90799,train_loss,-4.083612442016602
90849,train_loss,-4.149474620819092
90899,train_loss,-4.057233810424805
90949,train_loss,-4.105760097503662
90999,train_loss,-4.110015869140625
91049,train_loss,-4.0692338943481445
91099,train_loss,-4.110422134399414
91149,train_loss,-4.065547943115234
91199,train_loss,-4.132116794586182
91249,train_loss,-4.137848377227783
91299,train_loss,-4.101755619049072
91349,train_loss,-4.126524925231934
91399,train_loss,-4.015803813934326
91449,train_loss,-4.123495101928711
91499,train_loss,-4.13760232925415
91549,train_loss,-4.127274513244629
91599,train_loss,-4.124850273132324
91649,train_loss,-4.051533222198486
91699,train_loss,-4.0912041664123535
91749,train_loss,-4.070501327514648
91799,train_loss,-4.170995235443115
91849,train_loss,-4.053452014923096
91899,train_loss,-4.062636375427246
91949,train_loss,-4.100334644317627
91999,train_loss,-4.13697624206543
92049,train_loss,-4.104527950286865
92099,train_loss,-4.182751178741455
92149,train_loss,-4.127613067626953
92199,train_loss,-4.1589131355285645
92249,train_loss,-4.10652494430542
92299,train_loss,-4.157220363616943
92349,train_loss,-4.053909778594971
92399,train_loss,-3.99857497215271
92449,train_loss,-4.162545204162598
92499,train_loss,-4.132075786590576
92549,train_loss,-4.068573474884033
92599,train_loss,-4.132253170013428
92649,train_loss,-4.075862884521484
92699,train_loss,-4.115234851837158
92749,train_loss,-4.037814140319824
92799,train_loss,-4.1688761711120605
92849,train_loss,-4.112747669219971
92899,train_loss,-4.1600847244262695
92949,train_loss,-4.198159217834473
92999,train_loss,-4.249049663543701
93049,train_loss,-4.172651290893555
93099,train_loss,-4.0004658699035645
93149,train_loss,-4.093653678894043
93199,train_loss,-4.121136665344238
93249,train_loss,-4.088851451873779
93299,train_loss,-4.058339595794678
93349,train_loss,-4.068549633026123
93399,train_loss,-4.1331634521484375
93449,train_loss,-4.186682224273682
93499,train_loss,-4.223167419433594
93549,train_loss,-4.183534622192383
93599,train_loss,-4.156220436096191
93649,train_loss,-4.180526256561279
93699,train_loss,-4.152402877807617
93749,train_loss,-4.093407154083252
93799,train_loss,-4.0817461013793945
93849,train_loss,-4.093915939331055
93899,train_loss,-4.148029804229736
93949,train_loss,-4.084463596343994
93999,train_loss,-4.078592300415039
94049,train_loss,-4.066446781158447
94099,train_loss,-4.233822345733643
94149,train_loss,-4.169201374053955
94199,train_loss,-4.153100490570068
94249,train_loss,-4.146538257598877
94299,train_loss,-4.058159828186035
94349,train_loss,-4.089109897613525
94399,train_loss,-4.117380619049072
94449,train_loss,-4.072782516479492
94499,train_loss,-4.19553279876709
94549,train_loss,-4.0977935791015625
94599,train_loss,-4.072718620300293
94649,train_loss,-4.1482086181640625
94699,train_loss,-4.195413589477539
94749,train_loss,-4.149232864379883
94799,train_loss,-4.088245868682861
94849,train_loss,-4.199007987976074
94899,train_loss,-4.20535135269165
94949,train_loss,-4.128117561340332
94999,train_loss,-4.230008125305176
95049,train_loss,-4.174224376678467
95099,train_loss,-4.179191589355469
95149,train_loss,-4.175909996032715
95199,train_loss,-4.0288262367248535
95249,train_loss,-4.221292972564697
95299,train_loss,-4.051060199737549
95349,train_loss,-4.1412353515625
95399,train_loss,-4.184941291809082
95449,train_loss,-4.195455074310303
95499,train_loss,-4.1782379150390625
95549,train_loss,-4.1905131340026855
95599,train_loss,-4.0905842781066895
95649,train_loss,-4.203518390655518
95699,train_loss,-4.197179794311523
95749,train_loss,-4.0797271728515625
95799,train_loss,-4.132231712341309
95849,train_loss,-4.089813709259033
95899,train_loss,-4.065794467926025
95949,train_loss,-4.108205795288086
95999,train_loss,-4.140106201171875
96049,train_loss,-4.157302379608154
96099,train_loss,-4.27384614944458
96149,train_loss,-4.060579776763916
96199,train_loss,-4.117880344390869
96249,train_loss,-4.128607273101807
96299,train_loss,-4.112677097320557
96349,train_loss,-4.123188495635986
96399,train_loss,-4.191106796264648
96449,train_loss,-4.185574054718018
96499,train_loss,-4.199610233306885
96549,train_loss,-4.137690544128418
96599,train_loss,-4.0791239738464355
96649,train_loss,-4.133615970611572
96699,train_loss,-4.0596184730529785
96749,train_loss,-4.2768402099609375
96799,train_loss,-4.158011436462402
96849,train_loss,-4.087920665740967
96899,train_loss,-4.093865394592285
96949,train_loss,-4.125439643859863
96999,train_loss,-4.18568754196167
97049,train_loss,-4.123655796051025
97099,train_loss,-4.068675994873047
97149,train_loss,-4.192214012145996
97199,train_loss,-4.212698459625244
97249,train_loss,-4.048318862915039
97299,train_loss,-4.199151515960693
97349,train_loss,-4.1198344230651855
97399,train_loss,-4.248109340667725
97449,train_loss,-4.101970672607422
97499,train_loss,-4.142160892486572
97549,train_loss,-4.178481101989746
97599,train_loss,-4.141841888427734
97649,train_loss,-4.099903583526611
97699,train_loss,-4.03682804107666
97749,train_loss,-4.057426929473877
97799,train_loss,-4.134634494781494
97849,train_loss,-4.205297470092773
97899,train_loss,-4.207590579986572
97949,train_loss,-4.13433313369751
97999,train_loss,-4.140419960021973
98049,train_loss,-4.125274181365967
98099,train_loss,-4.125248432159424
98149,train_loss,-4.145052909851074
98199,train_loss,-4.139373779296875
98249,train_loss,-4.248597145080566
98299,train_loss,-4.05055570602417
98349,train_loss,-4.130438804626465
98399,train_loss,-4.16071081161499
98449,train_loss,-4.101195812225342
98499,train_loss,-4.117169380187988
98549,train_loss,-4.093897819519043
98599,train_loss,-4.208217144012451
98649,train_loss,-4.1930317878723145
98699,train_loss,-4.163410663604736
98749,train_loss,-4.264678478240967
98799,train_loss,-4.1799421310424805
98849,train_loss,-4.191345691680908
98899,train_loss,-4.073265552520752
98949,train_loss,-4.150272846221924
98999,train_loss,-4.092148303985596
99049,train_loss,-4.204055309295654
99099,train_loss,-4.10686731338501
99149,train_loss,-4.141748905181885
99199,train_loss,-4.25892972946167
99249,train_loss,-4.145719051361084
99299,train_loss,-4.1388468742370605
99349,train_loss,-4.287134647369385
99399,train_loss,-4.187130451202393
99449,train_loss,-4.076571464538574
99499,train_loss,-4.1496076583862305
99549,train_loss,-4.108706951141357
99599,train_loss,-4.147312164306641
99649,train_loss,-4.162754535675049
99699,train_loss,-4.209681034088135
99749,train_loss,-4.145126819610596
99799,train_loss,-4.123936176300049
99849,train_loss,-4.035528182983398
99899,train_loss,-4.146822929382324
99949,train_loss,-4.17482328414917
99999,train_loss,-4.197752952575684
100049,train_loss,-4.171115875244141
100099,train_loss,-4.146288871765137
100149,train_loss,-4.212152481079102
100199,train_loss,-4.204922676086426
100249,train_loss,-4.093353271484375
100299,train_loss,-4.157185077667236
100349,train_loss,-4.100395679473877
100399,train_loss,-4.1647443771362305
100449,train_loss,-4.094240188598633
100499,train_loss,-4.087493896484375
100549,train_loss,-4.073901653289795
100599,train_loss,-4.129205226898193
100649,train_loss,-4.135860443115234
100699,train_loss,-4.119720458984375
100749,train_loss,-4.203855991363525
100799,train_loss,-4.130435943603516
100849,train_loss,-4.155055999755859
100899,train_loss,-4.129116535186768
100949,train_loss,-4.183468818664551
100999,train_loss,-4.178451061248779
101049,train_loss,-4.06663703918457
101099,train_loss,-4.130463600158691
101149,train_loss,-4.2208380699157715
101199,train_loss,-4.208774566650391
101249,train_loss,-4.021126747131348
101299,train_loss,-4.145787715911865
101349,train_loss,-4.137980937957764
101399,train_loss,-4.021440505981445
101449,train_loss,-4.143375873565674
101499,train_loss,-4.083364963531494
101549,train_loss,-4.070125102996826
101599,train_loss,-4.205905437469482
101649,train_loss,-4.145448207855225
101699,train_loss,-4.142908096313477
101749,train_loss,-4.069617748260498
101799,train_loss,-4.13752555847168
101849,train_loss,-4.135798454284668
101899,train_loss,-4.120643138885498
101949,train_loss,-4.131563663482666
101999,train_loss,-4.147802352905273
102049,train_loss,-4.137793064117432
102099,train_loss,-4.150009632110596
102149,train_loss,-4.007632732391357
102199,train_loss,-4.183803558349609
102249,train_loss,-4.054636001586914
102299,train_loss,-4.111143112182617
102349,train_loss,-4.121137619018555
102399,train_loss,-4.159909248352051
102449,train_loss,-4.135885715484619
102499,train_loss,-4.138617992401123
102549,train_loss,-4.198157787322998
102599,train_loss,-4.171350479125977
102649,train_loss,-4.190218448638916
102699,train_loss,-4.219551086425781
102749,train_loss,-4.202343463897705
102799,train_loss,-4.1259918212890625
102849,train_loss,-4.162628650665283
102899,train_loss,-4.208013534545898
102949,train_loss,-4.190925121307373
102999,train_loss,-4.214142799377441
103049,train_loss,-4.104487419128418
103099,train_loss,-4.07054328918457
103149,train_loss,-4.121692657470703
103199,train_loss,-4.094174861907959
103249,train_loss,-4.192599773406982
103299,train_loss,-4.184195518493652
103349,train_loss,-4.1818976402282715
103399,train_loss,-4.139246940612793
103449,train_loss,-4.119900703430176
103499,train_loss,-4.166513442993164
103549,train_loss,-4.094022274017334
103599,train_loss,-4.130770683288574
103649,train_loss,-4.114230632781982
103699,train_loss,-4.124317169189453
103749,train_loss,-4.181506156921387
103799,train_loss,-4.266934394836426
103849,train_loss,-4.2616071701049805
103899,train_loss,-4.225037574768066
103949,train_loss,-4.1281585693359375
103999,train_loss,-4.121926784515381
104049,train_loss,-4.1698384284973145
104099,train_loss,-4.1819281578063965
104149,train_loss,-4.115680694580078
104199,train_loss,-4.072906017303467
104249,train_loss,-4.171370029449463
104299,train_loss,-4.149905204772949
104349,train_loss,-4.105308532714844
104399,train_loss,-4.1406569480896
104449,train_loss,-4.239670753479004
104499,train_loss,-4.165555953979492
104549,train_loss,-4.163796424865723
104599,train_loss,-4.256653785705566
104649,train_loss,-4.155307769775391
104699,train_loss,-4.164642810821533
104749,train_loss,-4.1639533042907715
104799,train_loss,-4.183746337890625
104849,train_loss,-4.178195953369141
104899,train_loss,-4.105186462402344
104949,train_loss,-4.124495506286621
104999,train_loss,-4.162906646728516
105049,train_loss,-4.164893627166748
105099,train_loss,-4.1186652183532715
105149,train_loss,-4.115757465362549
105199,train_loss,-4.153458118438721
105249,train_loss,-4.091105937957764
105299,train_loss,-4.122398853302002
105349,train_loss,-4.202357769012451
105399,train_loss,-4.197032928466797
105449,train_loss,-4.204431056976318
105499,train_loss,-4.191671848297119
105549,train_loss,-4.134793281555176
105599,train_loss,-4.267578601837158
105649,train_loss,-4.285876274108887
105699,train_loss,-4.021944999694824
105749,train_loss,-4.174328327178955
105799,train_loss,-4.156528472900391
105849,train_loss,-4.114100456237793
105899,train_loss,-4.179620265960693
105949,train_loss,-4.090900897979736
105999,train_loss,-4.155465602874756
106049,train_loss,-4.081635475158691
106099,train_loss,-4.225797653198242
106149,train_loss,-4.1268157958984375
106199,train_loss,-4.159380912780762
106249,train_loss,-4.218489646911621
106299,train_loss,-4.166901111602783
106349,train_loss,-4.1146159172058105
106399,train_loss,-4.168577194213867
106449,train_loss,-4.179520130157471
106499,train_loss,-4.175074577331543
106549,train_loss,-4.171446800231934
106599,train_loss,-4.174590110778809
106649,train_loss,-4.121307849884033
106699,train_loss,-4.2047505378723145
106749,train_loss,-4.28489351272583
106799,train_loss,-4.170907497406006
106849,train_loss,-4.055108070373535
106899,train_loss,-4.128157138824463
106949,train_loss,-4.144018650054932
106999,train_loss,-4.106442451477051
107049,train_loss,-4.124837398529053
107099,train_loss,-4.18996000289917
107149,train_loss,-4.166337013244629
107199,train_loss,-4.156228065490723
107249,train_loss,-4.091282844543457
107299,train_loss,-4.1105756759643555
107349,train_loss,-4.169455051422119
107399,train_loss,-4.136022090911865
107449,train_loss,-4.186128616333008
107499,train_loss,-4.08655309677124
107549,train_loss,-4.181736946105957
107599,train_loss,-4.1669793128967285
107649,train_loss,-4.19299840927124
107699,train_loss,-4.183055877685547
107749,train_loss,-4.111659049987793
107799,train_loss,-4.238574504852295
107849,train_loss,-4.193861484527588
107899,train_loss,-4.205857276916504
107949,train_loss,-4.235236644744873
107999,train_loss,-4.154585361480713
108049,train_loss,-4.089318752288818
108099,train_loss,-4.167980194091797
108149,train_loss,-4.143865585327148
108199,train_loss,-4.207149505615234
108249,train_loss,-4.312150001525879
108299,train_loss,-4.225430965423584
108349,train_loss,-4.19645881652832
108399,train_loss,-4.240325927734375
108449,train_loss,-4.210321426391602
108499,train_loss,-4.281405925750732
108549,train_loss,-4.269942283630371
108599,train_loss,-4.2767333984375
108649,train_loss,-4.2281293869018555
108699,train_loss,-4.1815619468688965
108749,train_loss,-4.195364475250244
108799,train_loss,-4.127590656280518
108849,train_loss,-4.337925434112549
108899,train_loss,-4.197901725769043
108949,train_loss,-4.24102783203125
108999,train_loss,-4.078686714172363
109049,train_loss,-4.196305751800537
109099,train_loss,-4.280622959136963
109149,train_loss,-4.184993743896484
109199,train_loss,-4.161200523376465
109249,train_loss,-4.245081901550293
109299,train_loss,-4.168445110321045
109349,train_loss,-4.170957088470459
109399,train_loss,-4.2313055992126465
109449,train_loss,-4.253636837005615
109499,train_loss,-4.170243263244629
109549,train_loss,-4.1809611320495605
109599,train_loss,-4.095486164093018
109649,train_loss,-4.140974044799805
109699,train_loss,-4.184988021850586
109749,train_loss,-4.227136135101318
109799,train_loss,-4.154802322387695
109849,train_loss,-4.161494255065918
109899,train_loss,-4.1335954666137695
109949,train_loss,-4.123210430145264
109999,train_loss,-4.156673431396484
110049,train_loss,-4.123661994934082
110099,train_loss,-4.185330867767334
110149,train_loss,-4.255362033843994
110199,train_loss,-4.235279560089111
110249,train_loss,-4.202365398406982
110299,train_loss,-4.1501898765563965
110349,train_loss,-4.101956367492676
110399,train_loss,-4.232057571411133
110449,train_loss,-4.1730265617370605
110499,train_loss,-4.1689887046813965
110549,train_loss,-4.218317031860352
110599,train_loss,-4.225521087646484
110649,train_loss,-4.189514636993408
110699,train_loss,-4.094507694244385
110749,train_loss,-4.217209815979004
110799,train_loss,-4.150381088256836
110849,train_loss,-4.2212347984313965
110899,train_loss,-4.191287517547607
110949,train_loss,-4.106682300567627
110999,train_loss,-4.109422206878662
111049,train_loss,-4.097721576690674
111099,train_loss,-4.095530986785889
111149,train_loss,-4.136009216308594
111199,train_loss,-4.223297595977783
111249,train_loss,-4.190964221954346
111299,train_loss,-4.21578311920166
111349,train_loss,-4.220280647277832
111399,train_loss,-4.1809401512146
111449,train_loss,-4.128134250640869
111499,train_loss,-4.231799602508545
111549,train_loss,-4.156744480133057
111599,train_loss,-4.157295227050781
111649,train_loss,-4.208253860473633
111699,train_loss,-4.164712905883789
111749,train_loss,-4.1781487464904785
111799,train_loss,-4.038173675537109
111849,train_loss,-4.212541580200195
111899,train_loss,-4.20566463470459
111949,train_loss,-4.170960903167725
111999,train_loss,-4.122410774230957
112049,train_loss,-4.28790807723999
112099,train_loss,-4.176701545715332
112149,train_loss,-4.219496250152588
112199,train_loss,-4.152812480926514
112249,train_loss,-4.202392578125
112299,train_loss,-4.359774112701416
112349,train_loss,-4.220671653747559
112399,train_loss,-4.188944339752197
112449,train_loss,-4.193858623504639
112499,train_loss,-4.217909336090088
112549,train_loss,-4.198328495025635
112599,train_loss,-4.187299728393555
112649,train_loss,-4.230555057525635
112699,train_loss,-4.279871940612793
112749,train_loss,-4.301983833312988
112799,train_loss,-4.203339576721191
112849,train_loss,-4.069486618041992
112899,train_loss,-4.165595054626465
112949,train_loss,-4.2441534996032715
112999,train_loss,-4.2306742668151855
113049,train_loss,-4.193954944610596
113099,train_loss,-4.159533977508545
113149,train_loss,-4.204014301300049
113199,train_loss,-4.19622802734375
113249,train_loss,-4.170754909515381
113299,train_loss,-4.1152238845825195
113349,train_loss,-4.117026329040527
113399,train_loss,-4.140676498413086
113449,train_loss,-4.175955772399902
113499,train_loss,-4.169658184051514
113549,train_loss,-4.208945274353027
113599,train_loss,-4.240337371826172
113649,train_loss,-4.1233391761779785
113699,train_loss,-4.133685111999512
113749,train_loss,-4.156831741333008
113799,train_loss,-4.159530162811279
113849,train_loss,-4.149093151092529
113899,train_loss,-4.205322742462158
113949,train_loss,-4.107275485992432
113999,train_loss,-4.158535003662109
114049,train_loss,-4.136308193206787
114099,train_loss,-4.186812877655029
114149,train_loss,-4.176729202270508
114199,train_loss,-4.211865425109863
114249,train_loss,-4.190082550048828
114299,train_loss,-4.163254737854004
114349,train_loss,-4.241135597229004
114399,train_loss,-4.205660343170166
114449,train_loss,-4.141478538513184
114499,train_loss,-4.2021026611328125
114549,train_loss,-4.224244117736816
114599,train_loss,-4.276887893676758
114649,train_loss,-4.171099662780762
114699,train_loss,-4.215015888214111
114749,train_loss,-4.2232842445373535
114799,train_loss,-4.1972270011901855
114849,train_loss,-4.184791088104248
114899,train_loss,-4.110751628875732
114949,train_loss,-4.224364280700684
114999,train_loss,-4.180873394012451
115049,train_loss,-4.210877895355225
115099,train_loss,-4.1955366134643555
115149,train_loss,-4.145294666290283
115199,train_loss,-4.244093894958496
115249,train_loss,-4.208540916442871
115299,train_loss,-4.210883140563965
115349,train_loss,-4.190146446228027
115399,train_loss,-4.2177734375
115449,train_loss,-4.194835186004639
115499,train_loss,-4.230263710021973
115549,train_loss,-4.187762260437012
115599,train_loss,-4.281868934631348
115649,train_loss,-4.191993713378906
115699,train_loss,-4.180848121643066
115749,train_loss,-4.097293376922607
115799,train_loss,-4.251117706298828
115849,train_loss,-4.282623767852783
115899,train_loss,-4.184768199920654
115949,train_loss,-4.061781883239746
115999,train_loss,-4.201284408569336
116049,train_loss,-4.079693794250488
116099,train_loss,-4.178424835205078
116149,train_loss,-4.114155292510986
116199,train_loss,-4.135945796966553
116249,train_loss,-4.112498760223389
116299,train_loss,-4.231165885925293
116349,train_loss,-4.296236515045166
116399,train_loss,-4.167025566101074
116449,train_loss,-4.121920108795166
116499,train_loss,-4.117787837982178
116549,train_loss,-4.136195659637451
116599,train_loss,-4.210447311401367
116649,train_loss,-4.276210784912109
116699,train_loss,-4.264139175415039
116749,train_loss,-4.182085037231445
116799,train_loss,-4.234025955200195
116849,train_loss,-4.235177516937256
116899,train_loss,-4.259877681732178
116949,train_loss,-4.2077813148498535
116999,train_loss,-4.301445007324219
117049,train_loss,-4.153339385986328
117099,train_loss,-4.1952338218688965
117149,train_loss,-4.1897172927856445
117199,train_loss,-4.234131813049316
117249,train_loss,-4.2171196937561035
117299,train_loss,-4.078873634338379
117349,train_loss,-4.1610612869262695
117399,train_loss,-4.189319610595703
117449,train_loss,-4.16603422164917
117499,train_loss,-4.144379138946533
117549,train_loss,-4.2105231285095215
117599,train_loss,-4.2025909423828125
117649,train_loss,-4.183429718017578
117699,train_loss,-4.123244762420654
117749,train_loss,-4.157912254333496
117799,train_loss,-4.196423053741455
117849,train_loss,-4.243784427642822
117899,train_loss,-4.195335865020752
117949,train_loss,-4.169057369232178
117999,train_loss,-4.233069896697998
118049,train_loss,-4.185931205749512
118099,train_loss,-4.1959614753723145
118149,train_loss,-4.3220624923706055
118199,train_loss,-4.202645778656006
118249,train_loss,-4.135982036590576
118299,train_loss,-4.234762191772461
118349,train_loss,-4.253235340118408
118399,train_loss,-4.222767353057861
118449,train_loss,-4.203418254852295
118499,train_loss,-4.234372138977051
118549,train_loss,-4.2196736335754395
118599,train_loss,-4.2095818519592285
118649,train_loss,-4.22719144821167
118699,train_loss,-4.143518447875977
118749,train_loss,-4.167724609375
118799,train_loss,-4.274389743804932
118849,train_loss,-4.255782127380371
118899,train_loss,-4.3134684562683105
118949,train_loss,-4.252750873565674
118999,train_loss,-4.233423709869385
119049,train_loss,-4.174484729766846
119099,train_loss,-4.192956924438477
119149,train_loss,-4.221804141998291
119199,train_loss,-4.221936225891113
119249,train_loss,-4.225860595703125
119299,train_loss,-4.258796691894531
119349,train_loss,-4.2367987632751465
119399,train_loss,-4.249606609344482
119449,train_loss,-4.194632053375244
119499,train_loss,-4.286710262298584
119549,train_loss,-4.137409210205078
119599,train_loss,-4.1642889976501465
119649,train_loss,-4.335982322692871
119699,train_loss,-4.156978130340576
119749,train_loss,-4.245298385620117
119799,train_loss,-4.181220054626465
119849,train_loss,-4.293428421020508
119899,train_loss,-4.23475456237793
119949,train_loss,-4.16859769821167
119999,train_loss,-4.181283950805664
120049,train_loss,-4.123180866241455
120099,train_loss,-4.202889442443848
120149,train_loss,-4.162160396575928
120199,train_loss,-4.222938537597656
120249,train_loss,-4.21593713760376
120299,train_loss,-4.269087314605713
120349,train_loss,-4.23846960067749
120399,train_loss,-4.158940315246582
120449,train_loss,-4.186293601989746
120499,train_loss,-4.274487018585205
120549,train_loss,-4.141007900238037
120599,train_loss,-4.208937168121338
120649,train_loss,-4.26930570602417
120699,train_loss,-4.1541948318481445
120749,train_loss,-4.265551567077637
120799,train_loss,-4.220203876495361
120849,train_loss,-4.210996150970459
120899,train_loss,-4.180774211883545
120949,train_loss,-4.098319053649902
120999,train_loss,-4.2318830490112305
121049,train_loss,-4.256076812744141
121099,train_loss,-4.221768856048584
121149,train_loss,-4.302399635314941
121199,train_loss,-4.3037214279174805
121249,train_loss,-4.28143310546875
121299,train_loss,-4.216684818267822
121349,train_loss,-4.268005847930908
121399,train_loss,-4.2000041007995605
121449,train_loss,-4.27230167388916
121499,train_loss,-4.279151916503906
121549,train_loss,-4.254173278808594
121599,train_loss,-4.139608383178711
121649,train_loss,-4.251159191131592
121699,train_loss,-4.217901229858398
121749,train_loss,-4.2815423011779785
121799,train_loss,-4.126328945159912
121849,train_loss,-4.221738815307617
121899,train_loss,-4.283238410949707
121949,train_loss,-4.228096008300781
121999,train_loss,-4.218764781951904
122049,train_loss,-4.181815147399902
122099,train_loss,-4.2085161209106445
122149,train_loss,-4.207677841186523
122199,train_loss,-4.285206317901611
122249,train_loss,-4.261498928070068
122299,train_loss,-4.19836950302124
122349,train_loss,-4.134159088134766
122399,train_loss,-4.182202339172363
122449,train_loss,-4.139255046844482
122499,train_loss,-4.220420837402344
122549,train_loss,-4.236125469207764
122599,train_loss,-4.211542129516602
122649,train_loss,-4.214689254760742
122699,train_loss,-4.156327247619629
122749,train_loss,-4.242492198944092
122799,train_loss,-4.286899566650391
122849,train_loss,-4.227383613586426
122899,train_loss,-4.209312915802002
122949,train_loss,-4.190945625305176
122999,train_loss,-4.223441123962402
123049,train_loss,-4.21397066116333
123099,train_loss,-4.202820301055908
123149,train_loss,-4.2549052238464355
123199,train_loss,-4.262975215911865
123249,train_loss,-4.24658203125
123299,train_loss,-4.164108753204346
123349,train_loss,-4.297580718994141
123399,train_loss,-4.225793838500977
123449,train_loss,-4.160473823547363
123499,train_loss,-4.254301071166992
123549,train_loss,-4.280337333679199
123599,train_loss,-4.204495429992676
123649,train_loss,-4.313766002655029
123699,train_loss,-4.251094341278076
123749,train_loss,-4.199253559112549
123799,train_loss,-4.224504470825195
123849,train_loss,-4.160712718963623
123899,train_loss,-4.300860404968262
123949,train_loss,-4.177883625030518
123999,train_loss,-4.260103702545166
124049,train_loss,-4.198216915130615
124099,train_loss,-4.272640228271484
124149,train_loss,-4.2522735595703125
124199,train_loss,-4.241681098937988
124249,train_loss,-4.195663928985596
124299,train_loss,-4.22429895401001
124349,train_loss,-4.348522663116455
124399,train_loss,-4.200839042663574
124449,train_loss,-4.228958606719971
124499,train_loss,-4.213871955871582
124549,train_loss,-4.178905487060547
124599,train_loss,-4.217967510223389
124649,train_loss,-4.1479716300964355
124699,train_loss,-4.239142894744873
124749,train_loss,-4.262211322784424
124799,train_loss,-4.235731601715088
124849,train_loss,-4.217755317687988
124899,train_loss,-4.2795891761779785
124949,train_loss,-4.269260406494141
124999,train_loss,-4.191939353942871
125049,train_loss,-4.074398994445801
125099,train_loss,-4.207864761352539
125149,train_loss,-4.1423516273498535
125199,train_loss,-4.224179267883301
125249,train_loss,-4.172941207885742
125299,train_loss,-4.224964618682861
125349,train_loss,-4.232025146484375
125399,train_loss,-4.23943567276001
125449,train_loss,-4.250972747802734
125499,train_loss,-4.185641288757324
125549,train_loss,-4.246840000152588
125599,train_loss,-4.14952278137207
125649,train_loss,-4.171205043792725
125699,train_loss,-4.303867816925049
125749,train_loss,-4.251214981079102
125799,train_loss,-4.168593406677246
125849,train_loss,-4.236288547515869
125899,train_loss,-4.219536304473877
125949,train_loss,-4.189914226531982
125999,train_loss,-4.284298419952393
126049,train_loss,-4.156304359436035
126099,train_loss,-4.191352844238281
126149,train_loss,-4.192779541015625
126199,train_loss,-4.153072357177734
126249,train_loss,-4.235250949859619
126299,train_loss,-4.224174499511719
126349,train_loss,-4.273052215576172
126399,train_loss,-4.323788166046143
126449,train_loss,-4.329113006591797
126499,train_loss,-4.241521835327148
126549,train_loss,-4.232542991638184
126599,train_loss,-4.182348251342773
126649,train_loss,-4.195272445678711
126699,train_loss,-4.209600925445557
126749,train_loss,-4.20428991317749
126799,train_loss,-4.195774555206299
126849,train_loss,-4.249823570251465
126899,train_loss,-4.303403377532959
126949,train_loss,-4.202852725982666
126999,train_loss,-4.265333652496338
127049,train_loss,-4.255743503570557
127099,train_loss,-4.2375617027282715
127149,train_loss,-4.239935874938965
127199,train_loss,-4.1548261642456055
127249,train_loss,-4.297318935394287
127299,train_loss,-4.230535984039307
127349,train_loss,-4.262442111968994
127399,train_loss,-4.187459468841553
127449,train_loss,-4.199364185333252
127499,train_loss,-4.273367404937744
127549,train_loss,-4.192269325256348
127599,train_loss,-4.232777118682861
127649,train_loss,-4.107280254364014
127699,train_loss,-4.251610279083252
127749,train_loss,-4.238326549530029
127799,train_loss,-4.291558265686035
127849,train_loss,-4.235179901123047
127899,train_loss,-4.155007839202881
127949,train_loss,-4.305872440338135
127999,train_loss,-4.271126747131348
128049,train_loss,-4.190224647521973
128099,train_loss,-4.290399074554443
128149,train_loss,-4.156165599822998
128199,train_loss,-4.259501934051514
128249,train_loss,-4.222254276275635
128299,train_loss,-4.196549415588379
128349,train_loss,-4.213504314422607
128399,train_loss,-4.279872894287109
128449,train_loss,-4.283175468444824
128499,train_loss,-4.224868297576904
128549,train_loss,-4.220458030700684
128599,train_loss,-4.17507791519165
128649,train_loss,-4.32327127456665
128699,train_loss,-4.335928916931152
128749,train_loss,-4.277719497680664
128799,train_loss,-4.282965183258057
128849,train_loss,-4.281816482543945
128899,train_loss,-4.26548433303833
128949,train_loss,-4.179051399230957
128999,train_loss,-4.243101119995117
129049,train_loss,-4.354184627532959
129099,train_loss,-4.2493438720703125
129149,train_loss,-4.300521373748779
129199,train_loss,-4.291398048400879
129249,train_loss,-4.348876476287842
129299,train_loss,-4.281640529632568
129349,train_loss,-4.253302574157715
129399,train_loss,-4.30195426940918
129449,train_loss,-4.3090386390686035
129499,train_loss,-4.244241237640381
129549,train_loss,-4.27156925201416
129599,train_loss,-4.246496200561523
129649,train_loss,-4.2272562980651855
129699,train_loss,-4.228353023529053
129749,train_loss,-4.207743167877197
129799,train_loss,-4.219426155090332
129849,train_loss,-4.199145793914795
129899,train_loss,-4.253872871398926
129949,train_loss,-4.235243797302246
129999,train_loss,-4.200968265533447
130049,train_loss,-4.169463634490967
130099,train_loss,-4.288344860076904
130149,train_loss,-4.216211318969727
130199,train_loss,-4.245372295379639
130249,train_loss,-4.238887786865234
130299,train_loss,-4.13686990737915
130349,train_loss,-4.275771141052246
130399,train_loss,-4.218532085418701
130449,train_loss,-4.2753705978393555
130499,train_loss,-4.251683235168457
130549,train_loss,-4.241352081298828
130599,train_loss,-4.281232833862305
130649,train_loss,-4.202739715576172
130699,train_loss,-4.25720739364624
130749,train_loss,-4.273680210113525
130799,train_loss,-4.296800136566162
130849,train_loss,-4.314936637878418
130899,train_loss,-4.190392971038818
130949,train_loss,-4.272993087768555
130999,train_loss,-4.240657806396484
131049,train_loss,-4.179028034210205
131099,train_loss,-4.1814799308776855
131149,train_loss,-4.176150321960449
131199,train_loss,-4.2328362464904785
131249,train_loss,-4.246219635009766
131299,train_loss,-4.231192111968994
131349,train_loss,-4.273238658905029
131399,train_loss,-4.165579795837402
131449,train_loss,-4.243786811828613
131499,train_loss,-4.257072448730469
131549,train_loss,-4.272912979125977
131599,train_loss,-4.278852462768555
131649,train_loss,-4.1734938621521
131699,train_loss,-4.131582736968994
131749,train_loss,-4.235152721405029
131799,train_loss,-4.283976078033447
131849,train_loss,-4.249141693115234
131899,train_loss,-4.251563549041748
131949,train_loss,-4.198413848876953
131999,train_loss,-4.269021511077881
132049,train_loss,-4.347145080566406
132099,train_loss,-4.260498523712158
132149,train_loss,-4.328508377075195
132199,train_loss,-4.2897868156433105
132249,train_loss,-4.1975908279418945
132299,train_loss,-4.29306173324585
132349,train_loss,-4.236879348754883
132399,train_loss,-4.340384006500244
132449,train_loss,-4.31474494934082
132499,train_loss,-4.224698543548584
132549,train_loss,-4.229432106018066
132599,train_loss,-4.265507221221924
132649,train_loss,-4.301396369934082
132699,train_loss,-4.242986679077148
132749,train_loss,-4.2149224281311035
132799,train_loss,-4.3864336013793945
132849,train_loss,-4.251018524169922
132899,train_loss,-4.360352993011475
132949,train_loss,-4.177780628204346
132999,train_loss,-4.307048797607422
133049,train_loss,-4.2952728271484375
133099,train_loss,-4.191801071166992
133149,train_loss,-4.292750358581543
133199,train_loss,-4.331002235412598
133249,train_loss,-4.215661525726318
133299,train_loss,-4.299936771392822
133349,train_loss,-4.227400779724121
133399,train_loss,-4.201152324676514
133449,train_loss,-4.116176605224609
133499,train_loss,-4.192821502685547
133549,train_loss,-4.187129020690918
133599,train_loss,-4.211353302001953
133649,train_loss,-4.242042541503906
133699,train_loss,-4.192774772644043
133749,train_loss,-4.2605366706848145
133799,train_loss,-4.21476936340332
133849,train_loss,-4.200188636779785
133899,train_loss,-4.339545726776123
133949,train_loss,-4.216276168823242
133999,train_loss,-4.200406074523926
134049,train_loss,-4.272104263305664
134099,train_loss,-4.283797264099121
134149,train_loss,-4.316867351531982
134199,train_loss,-4.2797393798828125
134249,train_loss,-4.272931098937988
134299,train_loss,-4.283592224121094
134349,train_loss,-4.239842891693115
134399,train_loss,-4.248800277709961
134449,train_loss,-4.2964935302734375
134499,train_loss,-4.212462902069092
134549,train_loss,-4.278716564178467
134599,train_loss,-4.353176116943359
134649,train_loss,-4.165600299835205
134699,train_loss,-4.219424724578857
134749,train_loss,-4.298201084136963
134799,train_loss,-4.177438259124756
134849,train_loss,-4.190683841705322
134899,train_loss,-4.308875560760498
134949,train_loss,-4.2332963943481445
134999,train_loss,-4.334104537963867
135049,train_loss,-4.2012529373168945
135099,train_loss,-4.276071548461914
135149,train_loss,-4.293914794921875
135199,train_loss,-4.362249851226807
135249,train_loss,-4.237832069396973
135299,train_loss,-4.183937072753906
135349,train_loss,-4.278233528137207
135399,train_loss,-4.275014400482178
135449,train_loss,-4.267673015594482
135499,train_loss,-4.284555912017822
135549,train_loss,-4.251715660095215
135599,train_loss,-4.221674919128418
135649,train_loss,-4.28137731552124
135699,train_loss,-4.298580169677734
135749,train_loss,-4.315950393676758
135799,train_loss,-4.215651988983154
135849,train_loss,-4.176471710205078
135899,train_loss,-4.184613227844238
135949,train_loss,-4.232535362243652
135999,train_loss,-4.281907081604004
136049,train_loss,-4.293430805206299
136099,train_loss,-4.186767578125
136149,train_loss,-4.229934215545654
136199,train_loss,-4.239439010620117
136249,train_loss,-4.279367923736572
136299,train_loss,-4.221400260925293
136349,train_loss,-4.317944526672363
136399,train_loss,-4.243343353271484
136449,train_loss,-4.206247329711914
1406,val_metric,-2.1649882793426514
2813,val_metric,-2.7564384937286377
4220,val_metric,-2.878657817840576
5627,val_metric,-2.907733201980591
7034,val_metric,-3.0531556606292725
8441,val_metric,-3.1018319129943848
9848,val_metric,-3.13545823097229
11255,val_metric,-3.198014974594116
12662,val_metric,-3.2572710514068604
14069,val_metric,-3.2793476581573486
15476,val_metric,-3.331674098968506
16883,val_metric,-3.3794760704040527
18290,val_metric,-3.4001712799072266
19697,val_metric,-3.4266762733459473
21104,val_metric,-3.489065647125244
22511,val_metric,-3.4989254474639893
23918,val_metric,-3.534061908721924
25325,val_metric,-3.5031139850616455
26732,val_metric,-3.5495033264160156
28139,val_metric,-3.5946667194366455
29546,val_metric,-3.6161410808563232
30953,val_metric,-3.6228373050689697
32360,val_metric,-3.6395013332366943
33767,val_metric,-3.639402151107788
35174,val_metric,-3.686899185180664
36581,val_metric,-3.6799283027648926
37988,val_metric,-3.713395118713379
39395,val_metric,-3.716576337814331
40802,val_metric,-3.7400853633880615
42209,val_metric,-3.7643814086914062
43616,val_metric,-3.7762274742126465
45023,val_metric,-3.780046224594116
46430,val_metric,-3.813084363937378
47837,val_metric,-3.817549467086792
49244,val_metric,-3.841862201690674
50651,val_metric,-3.8474478721618652
52058,val_metric,-3.8625922203063965
53465,val_metric,-3.881131887435913
54872,val_metric,-3.8861618041992188
56279,val_metric,-3.907045364379883
57686,val_metric,-3.907273054122925
59093,val_metric,-3.934021234512329
60500,val_metric,-3.930034637451172
61907,val_metric,-3.941195487976074
63314,val_metric,-3.942431688308716
64721,val_metric,-3.968116044998169
66128,val_metric,-3.963104248046875
67535,val_metric,-3.960489273071289
68942,val_metric,-3.980959892272949
70349,val_metric,-3.9824116230010986
71756,val_metric,-3.987001657485962
73163,val_metric,-3.9867992401123047
74570,val_metric,-3.997521162033081
75977,val_metric,-4.037759780883789
77384,val_metric,-4.018485069274902
78791,val_metric,-4.045791149139404
80198,val_metric,-4.040892124176025
81605,val_metric,-4.058788776397705
83012,val_metric,-4.070974349975586
84419,val_metric,-4.05590295791626
85826,val_metric,-4.075544834136963
87233,val_metric,-4.083089351654053
88640,val_metric,-4.085788249969482
90047,val_metric,-4.1040544509887695
91454,val_metric,-4.114413738250732
92861,val_metric,-4.110537528991699
94268,val_metric,-4.108431816101074
95675,val_metric,-4.138498306274414
97082,val_metric,-4.127807140350342
98489,val_metric,-4.148719310760498
99896,val_metric,-4.115218639373779
101303,val_metric,-4.133606433868408
102710,val_metric,-4.154024124145508
104117,val_metric,-4.1577019691467285
105524,val_metric,-4.14811372756958
106931,val_metric,-4.165317535400391
108338,val_metric,-4.1817522048950195
109745,val_metric,-4.189799785614014
111152,val_metric,-4.190567493438721
112559,val_metric,-4.175347805023193
113966,val_metric,-4.18829345703125
115373,val_metric,-4.200859546661377
116780,val_metric,-4.2021636962890625
118187,val_metric,-4.213818550109863
119594,val_metric,-4.202310085296631
121001,val_metric,-4.202856540679932
122408,val_metric,-4.2160773277282715
123815,val_metric,-4.2338995933532715
125222,val_metric,-4.218992710113525
126629,val_metric,-4.240691184997559
128036,val_metric,-4.214109897613525
129443,val_metric,-4.242162704467773
130850,val_metric,-4.232974052429199
132257,val_metric,-4.252994537353516
133664,val_metric,-4.236128807067871
135071,val_metric,-4.228933334350586
136478,val_metric,-4.248273849487305
